solver,seed,step,val,test,gap,acc,w_std,w_noise_mean,w_clean_mean
HSGDA,0,1,2.3010496584018667,2.3014208254557653,0.0003711670538986134,0.087,0.0,0.5,0.5
HSGDA,0,500,0.8811418392936727,0.8763374024054984,-0.004804436888174335,0.891,0.004317301689777254,0.49725134816749733,0.5037979548433125
HSGDA,0,1000,0.8745142922651646,0.870268195501732,-0.004246096763432683,0.89,0.007981786534083983,0.4937416774404956,0.5068471984833021
HSGDA,0,1500,0.8690653129898451,0.8651460934685439,-0.003919219521301254,0.892,0.011416158435359036,0.49052424041898973,0.5097381648269012
HSGDA,0,2000,0.8636117683547049,0.8603229687949234,-0.0032887995597814523,0.893,0.014948650505605825,0.4874151681317228,0.512427521139771
HSGDA,0,2500,0.8585638642952564,0.8557660308162477,-0.002797833479008749,0.896,0.018351646290158438,0.48446122409421455,0.5151042479510001
HSGDA,0,3000,0.8540440407503137,0.8515361285434342,-0.0025079122068795145,0.899,0.021455791956524726,0.4814933970092919,0.5176811832133785
HSGDA,0,3500,0.8499237915330811,0.8477349483895843,-0.002188843143496766,0.899,0.02448681174081197,0.4786535171382828,0.5201091595785324
HSGDA,0,4000,0.8460996968358933,0.8442268049448971,-0.0018728918909961534,0.9,0.027338064177718172,0.4758260695139883,0.5224559559716396
HSGDA,0,4500,0.842721563720981,0.8411963132379751,-0.001525250483005891,0.9,0.030045087977809287,0.4732406324426898,0.5246329820939851
HSGDA,0,5000,0.8395827440222832,0.8384610843591699,-0.0011216596631132836,0.902,0.032576576635371425,0.47101003851771805,0.5267205556217017
HSGDA,0,5500,0.836723318647493,0.8359567917232501,-0.0007665269242429495,0.902,0.03504083677809356,0.4687218801399774,0.5287139663755293
HSGDA,0,6000,0.8339575189238811,0.8335314559808903,-0.0004260629429908569,0.902,0.03748072892741799,0.4665298057070014,0.5305797608342881
HSGDA,0,6500,0.8316055729279972,0.8315475136906225,-5.8059237374674666e-05,0.902,0.039583822195410345,0.46445057233565507,0.5324084489477593
HSGDA,0,7000,0.8292563108981676,0.8293652130832824,0.00010890218511472316,0.901,0.04185796751237766,0.462170745140281,0.5342111069929045
HSGDA,0,7500,0.8271254741181695,0.8274997285785486,0.0003742544603790865,0.903,0.0440069495792307,0.45991852372066144,0.5358844288401762
HSGDA,0,8000,0.82532899593129,0.8258870900152242,0.0005580940839341464,0.903,0.04590293638630698,0.45806134840014784,0.5373973203580932
HSGDA,0,8500,0.8236730075016396,0.8244971101728958,0.0008241026712562105,0.904,0.047666718744774544,0.4563498986114922,0.5388166829261202
HSGDA,0,9000,0.8220466566113751,0.8230470847373933,0.0010004281260181935,0.905,0.04950704846698339,0.45463662269360156,0.5402849040867107
HSGDA,0,9500,0.8204824468896181,0.8215570030395251,0.0010745561499069245,0.905,0.05129424667001745,0.4527767721436955,0.5416848633839249
HSGDA,0,10000,0.819158169701326,0.8204257928842507,0.0012676231829246154,0.905,0.05292066290551926,0.4512081970530235,0.5430409767558733
HSGDA,0,10500,0.8179084714183067,0.819360635453642,0.0014521640353353238,0.905,0.05453113070591941,0.44963704482239625,0.5443339989480994
HSGDA,0,11000,0.8167405188901158,0.8183527164388708,0.0016121975487549678,0.905,0.05611953391089978,0.44809259644657423,0.5455477613472917
HSGDA,0,11500,0.8156588848792132,0.8175002584459029,0.0018413735666896747,0.905,0.05771423068432876,0.4465388826741688,0.5466484955704264
HSGDA,0,12000,0.8145814306958409,0.8165087324266311,0.001927301730790254,0.905,0.05926935609025053,0.44501528454235323,0.5477968534468576
HSGDA,0,12500,0.8136352030442037,0.8157001300003424,0.0020649269561386907,0.906,0.06066424241061154,0.4437420389161835,0.5488261921026673
HSGDA,0,13000,0.8127638373797981,0.8149456956868684,0.0021818583070702946,0.907,0.061991501183562274,0.4424773346863364,0.5498723152887728
HSGDA,0,13500,0.8120214792094711,0.8143106490383365,0.0022891698288654005,0.908,0.06313277700478002,0.4413977544534222,0.5508761232976996
HSGDA,0,14000,0.8113478983539768,0.8138556656211251,0.0025077672671482976,0.909,0.0643171715995962,0.440368880050875,0.5517579366372827
HSGDA,0,14500,0.8107615242244547,0.8135799771779446,0.002818452953489925,0.908,0.06535166234231872,0.43948491188993355,0.5526436440513821
HSGDA,0,15000,0.810161114113138,0.813048151108699,0.002887036995561032,0.908,0.06648466687282412,0.4383682503163529,0.5535080117792887
HSGDA,0,15500,0.8096319500220861,0.8125846599527311,0.0029527099306450033,0.908,0.06734203849182627,0.4374292936005601,0.5543151825702651
HSGDA,0,16000,0.8091327645562552,0.8121545750114929,0.00302181045523775,0.908,0.06838121716024873,0.43637907393598685,0.5550760191308342
HSGDA,0,16500,0.8086870317891004,0.8117824164860098,0.003095384696909398,0.909,0.06927428854984048,0.4354273574046265,0.5558292268552014
HSGDA,0,17000,0.8082491313656177,0.8115067723920361,0.0032576410264183453,0.908,0.07011358429445891,0.4346286092410783,0.5565935200341218
HSGDA,0,17500,0.8077829033624954,0.8111077491091719,0.0033248457466765746,0.91,0.07107079145742869,0.4337754615506032,0.5573532631246383
HSGDA,0,18000,0.8074788091653216,0.8109445686415618,0.003465759476240282,0.91,0.07188950686002236,0.4329766473915962,0.5579958264355157
HSGDA,0,18500,0.8071395142648591,0.8107224770202333,0.003582962755374175,0.91,0.0727762735829182,0.4320627225835273,0.5586631066534524
HSGDA,0,19000,0.8067412693889169,0.8103155129236868,0.003574243534769872,0.911,0.07359555851907006,0.43113468740302535,0.5593529909898478
HSGDA,0,19500,0.8065038345383684,0.8100246279964561,0.0035207934580877565,0.912,0.07430469373660181,0.43025859095463453,0.5599602857413993
HSGDA,0,20000,0.8062366726473716,0.8098043355174247,0.0035676628700530566,0.912,0.07509674923806887,0.4293781114611123,0.5605296941101927
SSGDA,0,1,2.3010496584018667,2.3014208254557653,0.0003711670538986134,0.087,0.0,0.5,0.5
SSGDA,0,500,0.8878012674911108,0.8825267945429576,-0.005274472948153197,0.886,0.0,0.5,0.5
SSGDA,0,1000,0.8874322920304344,0.8821206705938337,-0.005311621436600689,0.885,0.0,0.5,0.5
SSGDA,0,1500,0.8876027382163643,0.8821922701039209,-0.0054104681124433895,0.885,0.0,0.5,0.5
SSGDA,0,2000,0.8876405045548141,0.8822046302749522,-0.005435874279861919,0.885,0.0,0.5,0.5
SSGDA,0,2500,0.8876476794357601,0.8822065464567841,-0.005441132978975971,0.885,0.0,0.5,0.5
SSGDA,0,3000,0.8876490000456346,0.8822068595070853,-0.0054421405385493005,0.885,0.0,0.5,0.5
SSGDA,0,3500,0.8876492409200583,0.8822069134312716,-0.005442327488786702,0.885,0.0,0.5,0.5
SSGDA,0,4000,0.8876492847852191,0.8822069230427457,-0.005442361742473367,0.885,0.0,0.5,0.5
SSGDA,0,4500,0.8876492927892115,0.8822069247897486,-0.005442367999462849,0.885,0.0,0.5,0.5
SSGDA,0,5000,0.8876492942555123,0.8822069251109218,-0.005442369144590509,0.885,0.0,0.5,0.5
SSGDA,0,5500,0.8876492945255344,0.8822069251704254,-0.005442369355109,0.885,0.0,0.5,0.5
SSGDA,0,6000,0.8876492945755574,0.8822069251815249,-0.005442369394032531,0.885,0.0,0.5,0.5
SSGDA,0,6500,0.8876492945848843,0.8822069251836105,-0.005442369401273739,0.885,0.0,0.5,0.5
SSGDA,0,7000,0.8876492945866349,0.8822069251840059,-0.005442369402628988,0.885,0.0,0.5,0.5
SSGDA,0,7500,0.8876492945869657,0.8822069251840815,-0.0054423694028842284,0.885,0.0,0.5,0.5
SSGDA,0,8000,0.8876492945870288,0.8822069251840963,-0.005442369402932523,0.885,0.0,0.5,0.5
SSGDA,0,8500,0.8876492945870409,0.8822069251840992,-0.005442369402941738,0.885,0.0,0.5,0.5
SSGDA,0,9000,0.8876492945870429,0.8822069251840997,-0.005442369402943181,0.885,0.0,0.5,0.5
SSGDA,0,9500,0.8876492945870436,0.8822069251840998,-0.005442369402943736,0.885,0.0,0.5,0.5
SSGDA,0,10000,0.8876492945870436,0.8822069251840998,-0.005442369402943736,0.885,0.0,0.5,0.5
SSGDA,0,10500,0.8876492945870436,0.8822069251840998,-0.005442369402943736,0.885,0.0,0.5,0.5
SSGDA,0,11000,0.8876492945870436,0.8822069251840998,-0.005442369402943736,0.885,0.0,0.5,0.5
SSGDA,0,11500,0.8876492945870436,0.8822069251840998,-0.005442369402943736,0.885,0.0,0.5,0.5
SSGDA,0,12000,0.8876492945870436,0.8822069251840998,-0.005442369402943736,0.885,0.0,0.5,0.5
SSGDA,0,12500,0.8876492945870436,0.8822069251840998,-0.005442369402943736,0.885,0.0,0.5,0.5
SSGDA,0,13000,0.8876492945870436,0.8822069251840998,-0.005442369402943736,0.885,0.0,0.5,0.5
SSGDA,0,13500,0.8876492945870436,0.8822069251840998,-0.005442369402943736,0.885,0.0,0.5,0.5
SSGDA,0,14000,0.8876492945870436,0.8822069251840998,-0.005442369402943736,0.885,0.0,0.5,0.5
SSGDA,0,14500,0.8876492945870436,0.8822069251840998,-0.005442369402943736,0.885,0.0,0.5,0.5
SSGDA,0,15000,0.8876492945870436,0.8822069251840998,-0.005442369402943736,0.885,0.0,0.5,0.5
SSGDA,0,15500,0.8876492945870436,0.8822069251840998,-0.005442369402943736,0.885,0.0,0.5,0.5
SSGDA,0,16000,0.8876492945870436,0.8822069251840998,-0.005442369402943736,0.885,0.0,0.5,0.5
SSGDA,0,16500,0.8876492945870436,0.8822069251840998,-0.005442369402943736,0.885,0.0,0.5,0.5
SSGDA,0,17000,0.8876492945870436,0.8822069251840998,-0.005442369402943736,0.885,0.0,0.5,0.5
SSGDA,0,17500,0.8876492945870436,0.8822069251840998,-0.005442369402943736,0.885,0.0,0.5,0.5
SSGDA,0,18000,0.8876492945870436,0.8822069251840998,-0.005442369402943736,0.885,0.0,0.5,0.5
SSGDA,0,18500,0.8876492945870436,0.8822069251840998,-0.005442369402943736,0.885,0.0,0.5,0.5
SSGDA,0,19000,0.8876492945870436,0.8822069251840998,-0.005442369402943736,0.885,0.0,0.5,0.5
SSGDA,0,19500,0.8876492945870436,0.8822069251840998,-0.005442369402943736,0.885,0.0,0.5,0.5
SSGDA,0,20000,0.8876492945870436,0.8822069251840998,-0.005442369402943736,0.885,0.0,0.5,0.5
TSGDA-1,0,1,2.3010577092431364,2.301426762069979,0.0003690528268425197,0.087,0.0,0.5,0.5
TSGDA-1,0,500,0.8875965960805055,0.8821899971801989,-0.005406598900306592,0.885,0.0,0.5,0.5
TSGDA-1,0,1000,0.887648915034984,0.8822068398945789,-0.005442075140405067,0.885,0.0,0.5,0.5
TSGDA-1,0,1500,0.8876492919678666,0.8822069246087461,-0.005442367359120515,0.885,0.0,0.5,0.5
TSGDA-1,0,2000,0.8876492945682029,0.8822069251798752,-0.00544236938832765,0.885,0.0,0.5,0.5
TSGDA-1,0,2500,0.8876492945869002,0.8822069251840662,-0.005442369402834046,0.885,0.0,0.5,0.5
TSGDA-1,0,3000,0.8876492945870426,0.8822069251840996,-0.005442369402942959,0.885,0.0,0.5,0.5
TSGDA-1,0,3500,0.8876492945870436,0.8822069251840998,-0.005442369402943736,0.885,0.0,0.5,0.5
TSGDA-1,0,4000,0.8876492945870436,0.8822069251840998,-0.005442369402943736,0.885,0.0,0.5,0.5
TSGDA-1,0,4500,0.8876492945870436,0.8822069251840998,-0.005442369402943736,0.885,0.0,0.5,0.5
TSGDA-1,0,5000,0.8876492945870436,0.8822069251840998,-0.005442369402943736,0.885,0.0,0.5,0.5
TSGDA-1,0,5500,0.8876492945870436,0.8822069251840998,-0.005442369402943736,0.885,0.0,0.5,0.5
TSGDA-1,0,6000,0.8876492945870436,0.8822069251840998,-0.005442369402943736,0.885,0.0,0.5,0.5
TSGDA-1,0,6500,0.8876492945870436,0.8822069251840998,-0.005442369402943736,0.885,0.0,0.5,0.5
TSGDA-1,0,7000,0.8876492945870436,0.8822069251840998,-0.005442369402943736,0.885,0.0,0.5,0.5
TSGDA-1,0,7500,0.8876492945870436,0.8822069251840998,-0.005442369402943736,0.885,0.0,0.5,0.5
TSGDA-1,0,8000,0.8876492945870436,0.8822069251840998,-0.005442369402943736,0.885,0.0,0.5,0.5
TSGDA-1,0,8500,0.8876492945870436,0.8822069251840998,-0.005442369402943736,0.885,0.0,0.5,0.5
TSGDA-1,0,9000,0.8876492945870436,0.8822069251840998,-0.005442369402943736,0.885,0.0,0.5,0.5
TSGDA-1,0,9500,0.8876492945870436,0.8822069251840998,-0.005442369402943736,0.885,0.0,0.5,0.5
TSGDA-1,0,10000,0.8876492945870436,0.8822069251840998,-0.005442369402943736,0.885,0.0,0.5,0.5
TSGDA-1,0,10500,0.8876492945870436,0.8822069251840998,-0.005442369402943736,0.885,0.0,0.5,0.5
TSGDA-1,0,11000,0.8876492945870436,0.8822069251840998,-0.005442369402943736,0.885,0.0,0.5,0.5
TSGDA-1,0,11500,0.8876492945870436,0.8822069251840998,-0.005442369402943736,0.885,0.0,0.5,0.5
TSGDA-1,0,12000,0.8876492945870436,0.8822069251840998,-0.005442369402943736,0.885,0.0,0.5,0.5
TSGDA-1,0,12500,0.8876492945870436,0.8822069251840998,-0.005442369402943736,0.885,0.0,0.5,0.5
TSGDA-1,0,13000,0.8876492945870436,0.8822069251840998,-0.005442369402943736,0.885,0.0,0.5,0.5
TSGDA-1,0,13500,0.8876492945870436,0.8822069251840998,-0.005442369402943736,0.885,0.0,0.5,0.5
TSGDA-1,0,14000,0.8876492945870436,0.8822069251840998,-0.005442369402943736,0.885,0.0,0.5,0.5
TSGDA-1,0,14500,0.8876492945870436,0.8822069251840998,-0.005442369402943736,0.885,0.0,0.5,0.5
TSGDA-1,0,15000,0.8876492945870436,0.8822069251840998,-0.005442369402943736,0.885,0.0,0.5,0.5
TSGDA-1,0,15500,0.8876492945870436,0.8822069251840998,-0.005442369402943736,0.885,0.0,0.5,0.5
TSGDA-1,0,16000,0.8876492945870436,0.8822069251840998,-0.005442369402943736,0.885,0.0,0.5,0.5
TSGDA-1,0,16500,0.8876492945870436,0.8822069251840998,-0.005442369402943736,0.885,0.0,0.5,0.5
TSGDA-1,0,17000,0.8876492945870436,0.8822069251840998,-0.005442369402943736,0.885,0.0,0.5,0.5
TSGDA-1,0,17500,0.8876492945870436,0.8822069251840998,-0.005442369402943736,0.885,0.0,0.5,0.5
TSGDA-1,0,18000,0.8876492945870436,0.8822069251840998,-0.005442369402943736,0.885,0.0,0.5,0.5
TSGDA-1,0,18500,0.8876492945870436,0.8822069251840998,-0.005442369402943736,0.885,0.0,0.5,0.5
TSGDA-1,0,19000,0.8876492945870436,0.8822069251840998,-0.005442369402943736,0.885,0.0,0.5,0.5
TSGDA-1,0,19500,0.8876492945870436,0.8822069251840998,-0.005442369402943736,0.885,0.0,0.5,0.5
TSGDA-1,0,20000,0.8876492945870436,0.8822069251840998,-0.005442369402943736,0.885,0.0,0.5,0.5
HSGDA,1,1,2.3015786466780273,2.3003216882084385,-0.0012569584695887315,0.107,0.0,0.5,0.5
HSGDA,1,500,0.8818728113263564,0.8768318644524371,-0.005040946873919316,0.89,0.00376452297805531,0.4974969457252196,0.5036675533619207
HSGDA,1,1000,0.8755631151697372,0.8710999709584842,-0.004463144211252934,0.889,0.007326578271093632,0.49437417877582895,0.5066718991793857
HSGDA,1,1500,0.8697785097510115,0.8657996286187574,-0.003978881132254086,0.891,0.010914416809955297,0.4910760365190876,0.5095676478682546
HSGDA,1,2000,0.8643910506869412,0.8606617212274874,-0.0037293294594538118,0.892,0.01434051218988107,0.4878707246398345,0.5124391727623446
HSGDA,1,2500,0.8597300934149463,0.856492446803437,-0.0032376466115093816,0.895,0.017377590849461853,0.48505993955424115,0.5150094577064069
HSGDA,1,3000,0.8555592773546544,0.852893778360745,-0.002665498993909443,0.895,0.02022885042996388,0.4824368449857646,0.5174544717045354
HSGDA,1,3500,0.8515270130540207,0.8493492516603256,-0.002177761393695077,0.897,0.023131371451075668,0.4798993103340352,0.5198165334040085
HSGDA,1,4000,0.8476089928983004,0.8457714833600622,-0.0018375095382381357,0.899,0.026062283671516855,0.47727818390285565,0.5220943000138369
HSGDA,1,4500,0.8438817365954386,0.8423787907238531,-0.0015029458715855037,0.899,0.028962461274786053,0.474613617174161,0.5243934718585397
HSGDA,1,5000,0.8405861221730863,0.8393328797222711,-0.0012532424508151507,0.899,0.03169079496516044,0.47192163843296403,0.5264782992001298
HSGDA,1,5500,0.8374714955107905,0.8364507559118161,-0.0010207395989744183,0.9,0.034253009740322374,0.4694963525160843,0.5285376371324556
HSGDA,1,6000,0.834750363999683,0.8338509672016275,-0.0008993967980555073,0.901,0.03666017585827434,0.46717866223294097,0.5305499783280327
HSGDA,1,6500,0.8322643501081578,0.8315449367793856,-0.0007194133287722337,0.901,0.03892666771525057,0.4650261737763434,0.5324173653394739
HSGDA,1,7000,0.8299247782554801,0.8294436141350471,-0.0004811641204329753,0.901,0.0412169540686623,0.4628139660330066,0.534165359080016
HSGDA,1,7500,0.8277665187331611,0.8276515381371907,-0.00011498059597037091,0.901,0.04332460661079982,0.4607623139980241,0.5358358896525425
HSGDA,1,8000,0.8257142132320507,0.8257794854367114,6.52722046606824e-05,0.902,0.04541045381855717,0.4587097861916301,0.5374281536554056
HSGDA,1,8500,0.8239113146304342,0.8240246660686831,0.0001133514382488654,0.904,0.04734851037986997,0.4567132422297292,0.538971937919491
HSGDA,1,9000,0.8223898321763159,0.8228143593587851,0.0004245271824692143,0.904,0.04902016432290254,0.4552054587003686,0.5402995517447822
HSGDA,1,9500,0.8208391775012048,0.8214038677852359,0.0005646902840310553,0.904,0.05080825602102723,0.453357308758719,0.5417377965421435
HSGDA,1,10000,0.8194823776793709,0.8203302840946519,0.0008479064152809856,0.904,0.05247567293514847,0.45182465558877416,0.5430651460079504
HSGDA,1,10500,0.8182559699632187,0.8193182679181408,0.0010622979549220757,0.904,0.05400765030158992,0.450343323064205,0.5443307442110741
HSGDA,1,11000,0.8170795455777706,0.8183786861263542,0.0012991405485835994,0.904,0.055562414048963456,0.4488092997317406,0.5455991169323222
HSGDA,1,11500,0.8160363278583885,0.8174469109992719,0.0014105831408833813,0.904,0.056934655596777635,0.4473446884564267,0.5467728968374549
HSGDA,1,12000,0.8150653949160869,0.8165803413761202,0.0015149464600333618,0.904,0.05841886100368405,0.4458630592648629,0.5478457600805007
HSGDA,1,12500,0.8141158255581216,0.8156449128735952,0.0015290873154736317,0.904,0.05979656435014746,0.4444964922293281,0.5489165425749147
HSGDA,1,13000,0.8131682087296493,0.8147702041824847,0.0016019954528353475,0.904,0.06118556569163087,0.44318331331329924,0.5500191825431756
HSGDA,1,13500,0.8124478392341059,0.8141297245967095,0.0016818853626036079,0.905,0.06239407262598949,0.4420323716851772,0.5510896020450006
HSGDA,1,14000,0.8117640798174137,0.8136384005433167,0.0018743207259029893,0.904,0.06347281028236247,0.441046682837563,0.5520282363218403
HSGDA,1,14500,0.811104343171461,0.8131465885733721,0.0020422454019111136,0.905,0.06464806242589843,0.43989496878310075,0.5529139748477834
HSGDA,1,15000,0.8104717130316943,0.8126694880577124,0.002197775026018145,0.906,0.06581580978706242,0.4387649512978631,0.5537429144611415
HSGDA,1,15500,0.8099055101464435,0.8122456677996653,0.0023401576532218193,0.906,0.06686730104457551,0.4378336923122707,0.5546050946186848
HSGDA,1,16000,0.8094177462966005,0.8118571811168183,0.0024394348202178007,0.907,0.06778937611084143,0.43685076031259334,0.5553986864602343
HSGDA,1,16500,0.808959781237184,0.8115597740459294,0.002599992808745344,0.908,0.06864427910077948,0.4359117371491056,0.5561943241432394
HSGDA,1,17000,0.8085346297658432,0.811172643815118,0.002638014049274773,0.908,0.06959804615137259,0.43496435612623174,0.5570053803506955
HSGDA,1,17500,0.8080930868649543,0.810906359074493,0.002813272209538753,0.908,0.07049294500869062,0.4341037992064945,0.55764074037805
HSGDA,1,18000,0.8076714829290169,0.8104536122105818,0.002782129281564849,0.909,0.0714324563074253,0.43305790524823407,0.5584217253310797
HSGDA,1,18500,0.8073982192823537,0.8100780132817006,0.0026797939993469244,0.909,0.07211039656023929,0.4322114173324944,0.5591279155193426
HSGDA,1,19000,0.8070783833685754,0.809796299813249,0.0027179164446735626,0.909,0.07290605828430229,0.431289681559634,0.5597912242394566
HSGDA,1,19500,0.8067704574155585,0.8096092165097718,0.0028387590942132723,0.909,0.07376548446532241,0.43047076477980767,0.5603829457233477
HSGDA,1,20000,0.8064364186879581,0.8093164474048263,0.0028800287168682104,0.91,0.07455597626663812,0.4295898076581908,0.5609101210747287
SSGDA,1,1,2.3015786466780273,2.3003216882084385,-0.0012569584695887315,0.107,0.0,0.5,0.5
SSGDA,1,500,0.8877949244658427,0.882487757143835,-0.005307167322007755,0.886,0.0,0.5,0.5
SSGDA,1,1000,0.8874344554897732,0.882113083053441,-0.005321372436332128,0.885,0.0,0.5,0.5
SSGDA,1,1500,0.8876033805875595,0.8821907441159053,-0.005412636471654242,0.885,0.0,0.5,0.5
SSGDA,1,2000,0.8876406507772283,0.8822043232804793,-0.005436327496749049,0.885,0.0,0.5,0.5
SSGDA,1,2500,0.8876477108401016,0.8822064845494081,-0.005441226290693546,0.885,0.0,0.5,0.5
SSGDA,1,3000,0.8876490067014663,0.8822068469770304,-0.005442159724435847,0.885,0.0,0.5,0.5
SSGDA,1,3500,0.8876492423302568,0.8822069108857908,-0.005442331444465931,0.885,0.0,0.5,0.5
SSGDA,1,4000,0.8876492850849386,0.8822069225239053,-0.005442362561033254,0.885,0.0,0.5,0.5
SSGDA,1,4500,0.887649292853129,0.8822069246836828,-0.00544236816944621,0.885,0.0,0.5,0.5
SSGDA,1,5000,0.88764929426918,0.8822069250891819,-0.0054423691799981855,0.885,0.0,0.5,0.5
SSGDA,1,5500,0.8876492945284626,0.882206925165959,-0.005442369362503641,0.885,0.0,0.5,0.5
SSGDA,1,6000,0.8876492945761854,0.8822069251806053,-0.005442369395580071,0.885,0.0,0.5,0.5
SSGDA,1,6500,0.887649294585019,0.8822069251834207,-0.005442369401598257,0.885,0.0,0.5,0.5
SSGDA,1,7000,0.8876492945866639,0.8822069251839666,-0.005442369402697267,0.885,0.0,0.5,0.5
SSGDA,1,7500,0.8876492945869718,0.8822069251840733,-0.00544236940289855,0.885,0.0,0.5,0.5
SSGDA,1,8000,0.8876492945870301,0.8822069251840944,-0.005442369402935743,0.885,0.0,0.5,0.5
SSGDA,1,8500,0.8876492945870409,0.8822069251840987,-0.005442369402942182,0.885,0.0,0.5,0.5
SSGDA,1,9000,0.8876492945870429,0.8822069251840995,-0.005442369402943403,0.885,0.0,0.5,0.5
SSGDA,1,9500,0.8876492945870433,0.8822069251840996,-0.005442369402943736,0.885,0.0,0.5,0.5
SSGDA,1,10000,0.8876492945870436,0.8822069251840998,-0.005442369402943736,0.885,0.0,0.5,0.5
SSGDA,1,10500,0.8876492945870436,0.8822069251840998,-0.005442369402943736,0.885,0.0,0.5,0.5
SSGDA,1,11000,0.8876492945870436,0.8822069251840998,-0.005442369402943736,0.885,0.0,0.5,0.5
SSGDA,1,11500,0.8876492945870436,0.8822069251840998,-0.005442369402943736,0.885,0.0,0.5,0.5
SSGDA,1,12000,0.8876492945870436,0.8822069251840998,-0.005442369402943736,0.885,0.0,0.5,0.5
SSGDA,1,12500,0.8876492945870436,0.8822069251840998,-0.005442369402943736,0.885,0.0,0.5,0.5
SSGDA,1,13000,0.8876492945870436,0.8822069251840998,-0.005442369402943736,0.885,0.0,0.5,0.5
SSGDA,1,13500,0.8876492945870436,0.8822069251840998,-0.005442369402943736,0.885,0.0,0.5,0.5
SSGDA,1,14000,0.8876492945870436,0.8822069251840998,-0.005442369402943736,0.885,0.0,0.5,0.5
SSGDA,1,14500,0.8876492945870436,0.8822069251840998,-0.005442369402943736,0.885,0.0,0.5,0.5
SSGDA,1,15000,0.8876492945870436,0.8822069251840998,-0.005442369402943736,0.885,0.0,0.5,0.5
SSGDA,1,15500,0.8876492945870436,0.8822069251840998,-0.005442369402943736,0.885,0.0,0.5,0.5
SSGDA,1,16000,0.8876492945870436,0.8822069251840998,-0.005442369402943736,0.885,0.0,0.5,0.5
SSGDA,1,16500,0.8876492945870436,0.8822069251840998,-0.005442369402943736,0.885,0.0,0.5,0.5
SSGDA,1,17000,0.8876492945870436,0.8822069251840998,-0.005442369402943736,0.885,0.0,0.5,0.5
SSGDA,1,17500,0.8876492945870436,0.8822069251840998,-0.005442369402943736,0.885,0.0,0.5,0.5
SSGDA,1,18000,0.8876492945870436,0.8822069251840998,-0.005442369402943736,0.885,0.0,0.5,0.5
SSGDA,1,18500,0.8876492945870436,0.8822069251840998,-0.005442369402943736,0.885,0.0,0.5,0.5
SSGDA,1,19000,0.8876492945870436,0.8822069251840998,-0.005442369402943736,0.885,0.0,0.5,0.5
SSGDA,1,19500,0.8876492945870436,0.8822069251840998,-0.005442369402943736,0.885,0.0,0.5,0.5
SSGDA,1,20000,0.8876492945870436,0.8822069251840998,-0.005442369402943736,0.885,0.0,0.5,0.5
TSGDA-1,1,1,2.301583476212973,2.3003337624318188,-0.001249713781154238,0.107,0.0,0.5,0.5
TSGDA-1,1,500,0.8875973079215691,0.8821882810652951,-0.00540902685627398,0.885,0.0,0.5,0.5
TSGDA-1,1,1000,0.8876489233921362,0.8822068240637738,-0.005442099328362371,0.885,0.0,0.5,0.5
TSGDA-1,1,1500,0.8876492920575952,0.8822069244584432,-0.005442367599152065,0.885,0.0,0.5,0.5
TSGDA-1,1,2000,0.8876492945691884,0.8822069251784144,-0.005442369390774027,0.885,0.0,0.5,0.5
TSGDA-1,1,2500,0.8876492945869111,0.8822069251840519,-0.005442369402859248,0.885,0.0,0.5,0.5
TSGDA-1,1,3000,0.8876492945870428,0.8822069251840994,-0.005442369402943403,0.885,0.0,0.5,0.5
TSGDA-1,1,3500,0.8876492945870436,0.8822069251840998,-0.005442369402943736,0.885,0.0,0.5,0.5
TSGDA-1,1,4000,0.8876492945870438,0.8822069251840996,-0.0054423694029441805,0.885,0.0,0.5,0.5
TSGDA-1,1,4500,0.8876492945870438,0.8822069251840996,-0.0054423694029441805,0.885,0.0,0.5,0.5
TSGDA-1,1,5000,0.8876492945870438,0.8822069251840996,-0.0054423694029441805,0.885,0.0,0.5,0.5
TSGDA-1,1,5500,0.8876492945870438,0.8822069251840996,-0.0054423694029441805,0.885,0.0,0.5,0.5
TSGDA-1,1,6000,0.8876492945870438,0.8822069251840996,-0.0054423694029441805,0.885,0.0,0.5,0.5
TSGDA-1,1,6500,0.8876492945870438,0.8822069251840996,-0.0054423694029441805,0.885,0.0,0.5,0.5
TSGDA-1,1,7000,0.8876492945870438,0.8822069251840996,-0.0054423694029441805,0.885,0.0,0.5,0.5
TSGDA-1,1,7500,0.8876492945870438,0.8822069251840996,-0.0054423694029441805,0.885,0.0,0.5,0.5
TSGDA-1,1,8000,0.8876492945870438,0.8822069251840996,-0.0054423694029441805,0.885,0.0,0.5,0.5
TSGDA-1,1,8500,0.8876492945870438,0.8822069251840996,-0.0054423694029441805,0.885,0.0,0.5,0.5
TSGDA-1,1,9000,0.8876492945870438,0.8822069251840996,-0.0054423694029441805,0.885,0.0,0.5,0.5
TSGDA-1,1,9500,0.8876492945870438,0.8822069251840996,-0.0054423694029441805,0.885,0.0,0.5,0.5
TSGDA-1,1,10000,0.8876492945870438,0.8822069251840996,-0.0054423694029441805,0.885,0.0,0.5,0.5
TSGDA-1,1,10500,0.8876492945870438,0.8822069251840996,-0.0054423694029441805,0.885,0.0,0.5,0.5
TSGDA-1,1,11000,0.8876492945870438,0.8822069251840996,-0.0054423694029441805,0.885,0.0,0.5,0.5
TSGDA-1,1,11500,0.8876492945870438,0.8822069251840996,-0.0054423694029441805,0.885,0.0,0.5,0.5
TSGDA-1,1,12000,0.8876492945870438,0.8822069251840996,-0.0054423694029441805,0.885,0.0,0.5,0.5
TSGDA-1,1,12500,0.8876492945870438,0.8822069251840996,-0.0054423694029441805,0.885,0.0,0.5,0.5
TSGDA-1,1,13000,0.8876492945870438,0.8822069251840996,-0.0054423694029441805,0.885,0.0,0.5,0.5
TSGDA-1,1,13500,0.8876492945870438,0.8822069251840996,-0.0054423694029441805,0.885,0.0,0.5,0.5
TSGDA-1,1,14000,0.8876492945870438,0.8822069251840996,-0.0054423694029441805,0.885,0.0,0.5,0.5
TSGDA-1,1,14500,0.8876492945870438,0.8822069251840996,-0.0054423694029441805,0.885,0.0,0.5,0.5
TSGDA-1,1,15000,0.8876492945870438,0.8822069251840996,-0.0054423694029441805,0.885,0.0,0.5,0.5
TSGDA-1,1,15500,0.8876492945870438,0.8822069251840996,-0.0054423694029441805,0.885,0.0,0.5,0.5
TSGDA-1,1,16000,0.8876492945870438,0.8822069251840996,-0.0054423694029441805,0.885,0.0,0.5,0.5
TSGDA-1,1,16500,0.8876492945870438,0.8822069251840996,-0.0054423694029441805,0.885,0.0,0.5,0.5
TSGDA-1,1,17000,0.8876492945870438,0.8822069251840996,-0.0054423694029441805,0.885,0.0,0.5,0.5
TSGDA-1,1,17500,0.8876492945870438,0.8822069251840996,-0.0054423694029441805,0.885,0.0,0.5,0.5
TSGDA-1,1,18000,0.8876492945870438,0.8822069251840996,-0.0054423694029441805,0.885,0.0,0.5,0.5
TSGDA-1,1,18500,0.8876492945870438,0.8822069251840996,-0.0054423694029441805,0.885,0.0,0.5,0.5
TSGDA-1,1,19000,0.8876492945870438,0.8822069251840996,-0.0054423694029441805,0.885,0.0,0.5,0.5
TSGDA-1,1,19500,0.8876492945870438,0.8822069251840996,-0.0054423694029441805,0.885,0.0,0.5,0.5
TSGDA-1,1,20000,0.8876492945870438,0.8822069251840996,-0.0054423694029441805,0.885,0.0,0.5,0.5
HSGDA,2,1,2.3029663421836393,2.3028155442182987,-0.00015079796534056555,0.109,0.0,0.5,0.5
HSGDA,2,500,0.8819238068325013,0.8769170969783959,-0.00500670985410534,0.891,0.0036847646146011704,0.4975050369327447,0.5037300778030411
HSGDA,2,1000,0.8755689961174258,0.8710838059251472,-0.004485190192278554,0.889,0.007258368327513772,0.4941879769607146,0.5067302979584773
HSGDA,2,1500,0.8698236147226592,0.865780097864542,-0.004043516858117213,0.892,0.010814793312538151,0.4910509122305445,0.5096091868874684
HSGDA,2,2000,0.864391384004494,0.8606720004091912,-0.003719383595302772,0.894,0.014262740601302941,0.4878899250214243,0.512373116087175
HSGDA,2,2500,0.8595941189890715,0.8562697073714324,-0.003324411617639078,0.895,0.01742290551595781,0.48496274377937315,0.5149886433818432
HSGDA,2,3000,0.855134311271736,0.8522299887226557,-0.0029043225490803515,0.899,0.02054381210797824,0.48212986743270125,0.5175459425576685
HSGDA,2,3500,0.8511566392457505,0.8487080437056441,-0.0024485955401063464,0.9,0.023421553314887808,0.47947488132333443,0.519987241592689
HSGDA,2,4000,0.8471292765505095,0.8450961159306052,-0.0020331606199043284,0.9,0.026463514446255124,0.4767653983004113,0.5223531078947785
HSGDA,2,4500,0.8435865873602141,0.841788359230221,-0.0017982281299930847,0.9,0.029217316686580317,0.474100500953538,0.5245946356852539
HSGDA,2,5000,0.84028943152176,0.8389304162235189,-0.0013590152982411174,0.9,0.03186259747578073,0.4716089400593978,0.5266890931412108
HSGDA,2,5500,0.8372317045689028,0.8361120903993784,-0.001119614169524441,0.899,0.03449366448257734,0.469030146536407,0.5287546595615155
HSGDA,2,6000,0.8344655946523744,0.8335683515180752,-0.0008972431342991749,0.9,0.03693701987699168,0.4666630941704681,0.5306411490909647
HSGDA,2,6500,0.8318542437425124,0.8312598177300272,-0.0005944260124851608,0.901,0.039353720022652784,0.46440514629320806,0.5325123026686986
HSGDA,2,7000,0.8296507498699734,0.8293133160333555,-0.0003374338366179952,0.901,0.04150325892513543,0.4622756398285714,0.5342387735437734
HSGDA,2,7500,0.82728120806117,0.827254361675685,-2.6846385485002067e-05,0.901,0.04388583511276794,0.45990902001357514,0.5359721322443375
HSGDA,2,8000,0.8254021162845602,0.8256501100429123,0.00024799375835216075,0.902,0.04580833648830268,0.4580818167452564,0.5375255451171314
HSGDA,2,8500,0.8235248167960183,0.8239590170927297,0.0004342002967113734,0.903,0.047872498875689666,0.4561118639097546,0.539141692293082
HSGDA,2,9000,0.8219601821903365,0.8226581998517459,0.0006980176614094225,0.903,0.049563625280961504,0.4546604611399678,0.5405667445752382
HSGDA,2,9500,0.8205307762140703,0.8214602930729299,0.0009295168588595581,0.903,0.05128405491497176,0.4530407615970535,0.5419241142155702
HSGDA,2,10000,0.8190789246219013,0.8200793414152515,0.0010004167933501673,0.903,0.05301594823744817,0.45135929541443687,0.543353165821247
HSGDA,2,10500,0.817794070848252,0.8188958574495032,0.0011017866012512645,0.903,0.05469247122973903,0.4498098271100751,0.5446506049412255
HSGDA,2,11000,0.8166141362622066,0.8178161571646654,0.0012020209024588002,0.903,0.05627527738858434,0.44823611590610263,0.5459145359699288
HSGDA,2,11500,0.8155383532061525,0.8168374026612838,0.0012990494551312626,0.903,0.05774324254764925,0.4468494694718797,0.5470838890444963
HSGDA,2,12000,0.814574494261788,0.8159703778353877,0.0013958835735997654,0.903,0.05913707406115118,0.44545920561436697,0.5482399280792217
HSGDA,2,12500,0.8136939302441355,0.8152129034528208,0.0015189732086853258,0.903,0.06040190387798539,0.44409670355010694,0.5493490987232486
HSGDA,2,13000,0.8129378949973005,0.8145659970639082,0.001628102066607684,0.902,0.061622790623384625,0.442926940287898,0.5503332749443243
HSGDA,2,13500,0.8122402821484271,0.8139388886529954,0.001698606504568212,0.905,0.06281725918038152,0.44172100788229496,0.5513524389000866
HSGDA,2,14000,0.8115593393963982,0.813431089460775,0.001871750064376787,0.905,0.06389825044373987,0.44064655704174827,0.5522214808513388
HSGDA,2,14500,0.8109152115649294,0.8128799612756993,0.0019647497107698753,0.906,0.06501239406502528,0.43948747076574746,0.5530900394834364
HSGDA,2,15000,0.810372216825206,0.8125654538614967,0.002193237036290707,0.907,0.06600739437780478,0.43858007348849326,0.5539435586787411
HSGDA,2,15500,0.809769770442096,0.8121381476286488,0.002368377186552806,0.907,0.06717120362701845,0.43742113858689113,0.5548416715462311
HSGDA,2,16000,0.8091906578511471,0.8117046469131968,0.002513989062049693,0.908,0.06818209301586806,0.4364165558882955,0.5556557037766943
HSGDA,2,16500,0.8086900383220557,0.8112359930060685,0.0025459546840128633,0.908,0.06915762946320018,0.43541469972978053,0.5564869007817722
HSGDA,2,17000,0.8083606921716656,0.8110624900287569,0.002701797857091237,0.908,0.06991855942646652,0.43475354843021274,0.5572355000050263
HSGDA,2,17500,0.8079337904880801,0.8107391848023482,0.0028053943142680726,0.908,0.07089030129366951,0.4338965037683616,0.5578874594164939
HSGDA,2,18000,0.8074987671576411,0.8103293985767415,0.002830631419100338,0.908,0.07177772855599591,0.4330219938097747,0.558537830573127
HSGDA,2,18500,0.8071977229400086,0.8100671875255367,0.0028694645855281697,0.908,0.07259162041233978,0.4322340371937148,0.5591414874855203
HSGDA,2,19000,0.8068950443241096,0.8097696447963272,0.0028746004722175478,0.909,0.07340642951366105,0.43147108974389686,0.5597319277611904
HSGDA,2,19500,0.8065708375364641,0.809435976820447,0.0028651392839829093,0.91,0.07413071617653266,0.43071728248596547,0.5603430215795748
HSGDA,2,20000,0.806291084518248,0.8092983728550656,0.003007288336817515,0.909,0.07479452655812968,0.43004796187281963,0.5608933227706395
SSGDA,2,1,2.3029663421836393,2.3028155442182987,-0.00015079796534056555,0.109,0.0,0.5,0.5
SSGDA,2,500,0.8878157726552623,0.8824635855145009,-0.005352187140761466,0.886,0.0,0.5,0.5
SSGDA,2,1000,0.8874367955754786,0.8821089273627393,-0.0053278682127393395,0.885,0.0,0.5,0.5
SSGDA,2,1500,0.8876037429977944,0.882190043192197,-0.005413699805597472,0.885,0.0,0.5,0.5
SSGDA,2,2000,0.8876407072122109,0.8822041981892933,-0.0054365090229175905,0.885,0.0,0.5,0.5
SSGDA,2,2500,0.8876477189643072,0.8822064614394107,-0.005441257524896437,0.885,0.0,0.5,0.5
SSGDA,2,3000,0.8876490076994764,0.8822068426407896,-0.0054421650586867765,0.885,0.0,0.5,0.5
SSGDA,2,3500,0.8876492424085631,0.8822069100686135,-0.005442332339949618,0.885,0.0,0.5,0.5
SSGDA,2,4000,0.8876492850775344,0.8822069223702286,-0.005442362707305803,0.885,0.0,0.5,0.5
SSGDA,2,4500,0.8876492928473019,0.8822069246549628,-0.00544236819233912,0.885,0.0,0.5,0.5
SSGDA,2,5000,0.8876492942671977,0.8822069250838653,-0.005442369183332407,0.885,0.0,0.5,0.5
SSGDA,2,5500,0.8876492945279124,0.8822069251649871,-0.005442369362925303,0.885,0.0,0.5,0.5
SSGDA,2,6000,0.8876492945760464,0.8822069251804305,-0.00544236939561582,0.885,0.0,0.5,0.5
SSGDA,2,6500,0.8876492945849855,0.8822069251833901,-0.0054423694015954815,0.885,0.0,0.5,0.5
SSGDA,2,7000,0.8876492945866562,0.8822069251839614,-0.005442369402694824,0.885,0.0,0.5,0.5
SSGDA,2,7500,0.88764929458697,0.8822069251840725,-0.00544236940289744,0.885,0.0,0.5,0.5
SSGDA,2,8000,0.8876492945870297,0.8822069251840944,-0.005442369402935299,0.885,0.0,0.5,0.5
SSGDA,2,8500,0.8876492945870413,0.8822069251840989,-0.005442369402942404,0.885,0.0,0.5,0.5
SSGDA,2,9000,0.8876492945870433,0.8822069251840997,-0.005442369402943625,0.885,0.0,0.5,0.5
SSGDA,2,9500,0.8876492945870438,0.8822069251840998,-0.0054423694029439584,0.885,0.0,0.5,0.5
SSGDA,2,10000,0.8876492945870439,0.8822069251840999,-0.0054423694029439584,0.885,0.0,0.5,0.5
SSGDA,2,10500,0.8876492945870439,0.8822069251840999,-0.0054423694029439584,0.885,0.0,0.5,0.5
SSGDA,2,11000,0.8876492945870439,0.8822069251840999,-0.0054423694029439584,0.885,0.0,0.5,0.5
SSGDA,2,11500,0.8876492945870439,0.8822069251840999,-0.0054423694029439584,0.885,0.0,0.5,0.5
SSGDA,2,12000,0.8876492945870439,0.8822069251840999,-0.0054423694029439584,0.885,0.0,0.5,0.5
SSGDA,2,12500,0.8876492945870439,0.8822069251840999,-0.0054423694029439584,0.885,0.0,0.5,0.5
SSGDA,2,13000,0.8876492945870439,0.8822069251840999,-0.0054423694029439584,0.885,0.0,0.5,0.5
SSGDA,2,13500,0.8876492945870439,0.8822069251840999,-0.0054423694029439584,0.885,0.0,0.5,0.5
SSGDA,2,14000,0.8876492945870439,0.8822069251840999,-0.0054423694029439584,0.885,0.0,0.5,0.5
SSGDA,2,14500,0.8876492945870439,0.8822069251840999,-0.0054423694029439584,0.885,0.0,0.5,0.5
SSGDA,2,15000,0.8876492945870439,0.8822069251840999,-0.0054423694029439584,0.885,0.0,0.5,0.5
SSGDA,2,15500,0.8876492945870439,0.8822069251840999,-0.0054423694029439584,0.885,0.0,0.5,0.5
SSGDA,2,16000,0.8876492945870439,0.8822069251840999,-0.0054423694029439584,0.885,0.0,0.5,0.5
SSGDA,2,16500,0.8876492945870439,0.8822069251840999,-0.0054423694029439584,0.885,0.0,0.5,0.5
SSGDA,2,17000,0.8876492945870439,0.8822069251840999,-0.0054423694029439584,0.885,0.0,0.5,0.5
SSGDA,2,17500,0.8876492945870439,0.8822069251840999,-0.0054423694029439584,0.885,0.0,0.5,0.5
SSGDA,2,18000,0.8876492945870439,0.8822069251840999,-0.0054423694029439584,0.885,0.0,0.5,0.5
SSGDA,2,18500,0.8876492945870439,0.8822069251840999,-0.0054423694029439584,0.885,0.0,0.5,0.5
SSGDA,2,19000,0.8876492945870439,0.8822069251840999,-0.0054423694029439584,0.885,0.0,0.5,0.5
SSGDA,2,19500,0.8876492945870439,0.8822069251840999,-0.0054423694029439584,0.885,0.0,0.5,0.5
SSGDA,2,20000,0.8876492945870439,0.8822069251840999,-0.0054423694029439584,0.885,0.0,0.5,0.5
TSGDA-1,2,1,2.3029635930295655,2.3028136681530635,-0.0001499248765020056,0.109,0.0,0.5,0.5
TSGDA-1,2,500,0.8875977230692795,0.882187483366283,-0.005410239702996478,0.885,0.0,0.5,0.5
TSGDA-1,2,1000,0.8876489247748031,0.8822068185211093,-0.00544210625369379,0.885,0.0,0.5,0.5
TSGDA-1,2,1500,0.8876492920506638,0.882206924416851,-0.0054423676338127835,0.885,0.0,0.5,0.5
TSGDA-1,2,2000,0.887649294568979,0.8822069251781245,-0.005442369390854518,0.885,0.0,0.5,0.5
TSGDA-1,2,2500,0.887649294586908,0.8822069251840502,-0.005442369402857805,0.885,0.0,0.5,0.5
TSGDA-1,2,3000,0.8876492945870428,0.8822069251840996,-0.005442369402943181,0.885,0.0,0.5,0.5
TSGDA-1,2,3500,0.8876492945870439,0.8822069251841002,-0.005442369402943736,0.885,0.0,0.5,0.5
TSGDA-1,2,4000,0.8876492945870439,0.8822069251840999,-0.0054423694029439584,0.885,0.0,0.5,0.5
TSGDA-1,2,4500,0.8876492945870439,0.8822069251840999,-0.0054423694029439584,0.885,0.0,0.5,0.5
TSGDA-1,2,5000,0.8876492945870439,0.8822069251840999,-0.0054423694029439584,0.885,0.0,0.5,0.5
TSGDA-1,2,5500,0.8876492945870439,0.8822069251840999,-0.0054423694029439584,0.885,0.0,0.5,0.5
TSGDA-1,2,6000,0.8876492945870439,0.8822069251840999,-0.0054423694029439584,0.885,0.0,0.5,0.5
TSGDA-1,2,6500,0.8876492945870439,0.8822069251840999,-0.0054423694029439584,0.885,0.0,0.5,0.5
TSGDA-1,2,7000,0.8876492945870439,0.8822069251840999,-0.0054423694029439584,0.885,0.0,0.5,0.5
TSGDA-1,2,7500,0.8876492945870439,0.8822069251840999,-0.0054423694029439584,0.885,0.0,0.5,0.5
TSGDA-1,2,8000,0.8876492945870439,0.8822069251840999,-0.0054423694029439584,0.885,0.0,0.5,0.5
TSGDA-1,2,8500,0.8876492945870439,0.8822069251840999,-0.0054423694029439584,0.885,0.0,0.5,0.5
TSGDA-1,2,9000,0.8876492945870439,0.8822069251840999,-0.0054423694029439584,0.885,0.0,0.5,0.5
TSGDA-1,2,9500,0.8876492945870439,0.8822069251840999,-0.0054423694029439584,0.885,0.0,0.5,0.5
TSGDA-1,2,10000,0.8876492945870439,0.8822069251840999,-0.0054423694029439584,0.885,0.0,0.5,0.5
TSGDA-1,2,10500,0.8876492945870439,0.8822069251840999,-0.0054423694029439584,0.885,0.0,0.5,0.5
TSGDA-1,2,11000,0.8876492945870439,0.8822069251840999,-0.0054423694029439584,0.885,0.0,0.5,0.5
TSGDA-1,2,11500,0.8876492945870439,0.8822069251840999,-0.0054423694029439584,0.885,0.0,0.5,0.5
TSGDA-1,2,12000,0.8876492945870439,0.8822069251840999,-0.0054423694029439584,0.885,0.0,0.5,0.5
TSGDA-1,2,12500,0.8876492945870439,0.8822069251840999,-0.0054423694029439584,0.885,0.0,0.5,0.5
TSGDA-1,2,13000,0.8876492945870439,0.8822069251840999,-0.0054423694029439584,0.885,0.0,0.5,0.5
TSGDA-1,2,13500,0.8876492945870439,0.8822069251840999,-0.0054423694029439584,0.885,0.0,0.5,0.5
TSGDA-1,2,14000,0.8876492945870439,0.8822069251840999,-0.0054423694029439584,0.885,0.0,0.5,0.5
TSGDA-1,2,14500,0.8876492945870439,0.8822069251840999,-0.0054423694029439584,0.885,0.0,0.5,0.5
TSGDA-1,2,15000,0.8876492945870439,0.8822069251840999,-0.0054423694029439584,0.885,0.0,0.5,0.5
TSGDA-1,2,15500,0.8876492945870439,0.8822069251840999,-0.0054423694029439584,0.885,0.0,0.5,0.5
TSGDA-1,2,16000,0.8876492945870439,0.8822069251840999,-0.0054423694029439584,0.885,0.0,0.5,0.5
TSGDA-1,2,16500,0.8876492945870439,0.8822069251840999,-0.0054423694029439584,0.885,0.0,0.5,0.5
TSGDA-1,2,17000,0.8876492945870439,0.8822069251840999,-0.0054423694029439584,0.885,0.0,0.5,0.5
TSGDA-1,2,17500,0.8876492945870439,0.8822069251840999,-0.0054423694029439584,0.885,0.0,0.5,0.5
TSGDA-1,2,18000,0.8876492945870439,0.8822069251840999,-0.0054423694029439584,0.885,0.0,0.5,0.5
TSGDA-1,2,18500,0.8876492945870439,0.8822069251840999,-0.0054423694029439584,0.885,0.0,0.5,0.5
TSGDA-1,2,19000,0.8876492945870439,0.8822069251840999,-0.0054423694029439584,0.885,0.0,0.5,0.5
TSGDA-1,2,19500,0.8876492945870439,0.8822069251840999,-0.0054423694029439584,0.885,0.0,0.5,0.5
TSGDA-1,2,20000,0.8876492945870439,0.8822069251840999,-0.0054423694029439584,0.885,0.0,0.5,0.5
HSGDA,3,1,2.301579109352569,2.3017692970890353,0.00019018773646628517,0.114,0.0,0.5,0.5
HSGDA,3,500,0.881227980062033,0.8760917686596308,-0.005136211402402169,0.891,0.004232937638736542,0.4972116702283309,0.5038943346590824
HSGDA,3,1000,0.8747094792657633,0.8700961606945056,-0.004613318571257685,0.89,0.007878932700861718,0.49390897219006885,0.5068974506120967
HSGDA,3,1500,0.8692062859582775,0.8650176312684251,-0.004188654689852411,0.891,0.011310790317313706,0.49074869680559247,0.5097453603804439
HSGDA,3,2000,0.8639994574465976,0.8604007336899225,-0.0035987237566750263,0.895,0.014664211737486839,0.48774640984267054,0.5124791457097317
HSGDA,3,2500,0.8591102034658705,0.8561467442393973,-0.0029634592264732307,0.896,0.017899456269038667,0.4848716300422503,0.5151624564398833
HSGDA,3,3000,0.8545873964223694,0.8520899985946391,-0.0024973978277302855,0.899,0.020999259387301305,0.4821673376399391,0.5176909225558849
HSGDA,3,3500,0.8503663180035756,0.8483128831216977,-0.0020534348818779247,0.899,0.024045345514032798,0.47941180354651736,0.520060110396862
HSGDA,3,4000,0.846307737465923,0.8445671334367516,-0.001740604029171422,0.9,0.027054902994308346,0.4767449891402761,0.5224709862011347
HSGDA,3,4500,0.842954728069512,0.8415793566959248,-0.0013753713735872308,0.901,0.029819438890832963,0.474492000301332,0.5246553223953291
HSGDA,3,5000,0.8397750760610623,0.8387087708479297,-0.0010663052131325568,0.9,0.032393458914005864,0.47211208532966387,0.526801267955839
HSGDA,3,5500,0.836841420332291,0.8359106729274671,-0.0009307474048239062,0.902,0.03483369736827334,0.4697104052381233,0.5288369280174179
HSGDA,3,6000,0.8341679951335692,0.833503417926401,-0.000664577207168171,0.902,0.03721132343724226,0.4675814453369585,0.530663118589739
HSGDA,3,6500,0.8318222249995737,0.8315766308140223,-0.0002455941855513677,0.902,0.03934796883588088,0.4655827962467288,0.5323897588136451
HSGDA,3,7000,0.8295426779801165,0.829671838674218,0.00012916069410151554,0.904,0.0415427051859551,0.4633966503611317,0.534136732101771
HSGDA,3,7500,0.8273421745053704,0.827693738379684,0.00035156387431356517,0.905,0.04369624757319989,0.4612721477992755,0.5358717678930173
HSGDA,3,8000,0.8255137112176324,0.8261616174419268,0.0006479062242944478,0.904,0.04562080810307905,0.4594333992033656,0.5374439619822141
HSGDA,3,8500,0.823728155747804,0.8246737421162357,0.0009455863684316723,0.904,0.04755409954786395,0.4574807850305341,0.5389633115950896
HSGDA,3,9000,0.8220890173075222,0.8232806504988561,0.001191633191333974,0.904,0.04935781042610815,0.4557691674135606,0.5404149362921149
HSGDA,3,9500,0.8205744544257206,0.8219765537819896,0.0014020993562690043,0.903,0.051104262037705746,0.45397720499937727,0.5418820498193917
HSGDA,3,10000,0.8192538860686562,0.8207282392487567,0.001474353180100474,0.903,0.05280211166751016,0.4523697925938325,0.5432360317388762
HSGDA,3,10500,0.8179185529983884,0.8194848139929153,0.0015662609945268358,0.905,0.05444128925327399,0.4506904384770439,0.5445864613203175
HSGDA,3,11000,0.8167374372745753,0.8184129083481934,0.0016754710736180956,0.905,0.056008907089136827,0.44914654765420314,0.5458224420225886
HSGDA,3,11500,0.8157326165827854,0.817631752157214,0.0018991355744285565,0.904,0.05744783078009801,0.4478032536517204,0.546908885789882
HSGDA,3,12000,0.8147418151338415,0.8168587137250215,0.0021168985911800275,0.904,0.05874698195352646,0.4465006182638441,0.5480226273799522
HSGDA,3,12500,0.8138617089368095,0.8160673433167007,0.002205634379891186,0.904,0.0600632331520508,0.4451990777082624,0.5490368947840701
HSGDA,3,13000,0.812910830446173,0.8151714616059256,0.002260631159752613,0.906,0.06154405419594095,0.44368203375574666,0.5501291116227371
HSGDA,3,13500,0.8121708651413675,0.8145219762552125,0.002351111113845006,0.905,0.06269819754120264,0.4424889222411724,0.551149692239432
HSGDA,3,14000,0.811475834270753,0.8139877945496093,0.002511960278856362,0.905,0.06383077153457062,0.44132841143032364,0.5521295593376593
HSGDA,3,14500,0.8109113099780613,0.8135429501466496,0.0026316401685883006,0.907,0.06482514454970237,0.4402894879270429,0.553015526106924
HSGDA,3,15000,0.8102157826197005,0.8130484078067252,0.002832625187024651,0.909,0.06606234122445151,0.43894310276651416,0.5538935052833543
HSGDA,3,15500,0.8096350446671406,0.8125130187020608,0.0028779740349201832,0.908,0.06717655136811788,0.4376824836823843,0.5547782829748765
HSGDA,3,16000,0.8091386516760483,0.8121665594012406,0.003027907725192347,0.908,0.06823176094522705,0.43652617506479113,0.5555835985801736
HSGDA,3,16500,0.8087049260297456,0.8119091232896652,0.0032041972599196056,0.908,0.06910407196385711,0.4357654423014014,0.5563956925858105
HSGDA,3,17000,0.8082812570819184,0.8113622017389627,0.0030809446570442267,0.909,0.06992016642063331,0.4348950988617484,0.557172906068469
HSGDA,3,17500,0.8078931576827021,0.811028322318988,0.0031351646362859364,0.91,0.07076636532058138,0.4339603321740646,0.5579074133862038
HSGDA,3,18000,0.8075502520406229,0.8107497411533031,0.0031994891126801983,0.91,0.07158636546977679,0.43304384731214585,0.5585269418315347
HSGDA,3,18500,0.8072230973854942,0.810549515408183,0.0033264180226887374,0.91,0.07225338277907967,0.4323530777700904,0.5591294074863472
HSGDA,3,19000,0.8069200433897489,0.8103382979211635,0.003418254531414644,0.91,0.07299645074384484,0.4316889896757317,0.5596692112393894
HSGDA,3,19500,0.806640293611511,0.8101561606265674,0.003515867015056351,0.91,0.07375259026973051,0.43088119861705076,0.5602388620168671
HSGDA,3,20000,0.8063583133179069,0.8098967410774038,0.003538427759496976,0.91,0.07446524208139735,0.43008281648708185,0.5607803027909869
SSGDA,3,1,2.301579109352569,2.3017692970890353,0.00019018773646628517,0.114,0.0,0.5,0.5
SSGDA,3,500,0.8878361384813251,0.8824907930714814,-0.005345345409843771,0.886,0.0,0.5,0.5
SSGDA,3,1000,0.8874394165972029,0.8821139160939633,-0.005325500503239655,0.885,0.0,0.5,0.5
SSGDA,3,1500,0.8876041438288967,0.8821909361839805,-0.0054132076449162625,0.885,0.0,0.5,0.5
SSGDA,3,2000,0.8876407721745119,0.8822043586959507,-0.005436413478561164,0.885,0.0,0.5,0.5
SSGDA,3,2500,0.8876477297501717,0.8822064905220375,-0.00544123922813422,0.885,0.0,0.5,0.5
SSGDA,3,3000,0.8876490095171967,0.8822068479547022,-0.005442161562494552,0.885,0.0,0.5,0.5
SSGDA,3,3500,0.8876492427178758,0.8822069110464945,-0.005442331671381306,0.885,0.0,0.5,0.5
SSGDA,3,4000,0.8876492851303412,0.882206922551097,-0.005442362579244242,0.885,0.0,0.5,0.5
SSGDA,3,4500,0.8876492928562635,0.8822069246885067,-0.005442368167756784,0.885,0.0,0.5,0.5
SSGDA,3,5000,0.8876492942686892,0.8822069250900875,-0.005442369178601747,0.885,0.0,0.5,0.5
SSGDA,3,5500,0.8876492945281504,0.8822069251661385,-0.005442369362011923,0.885,0.0,0.5,0.5
SSGDA,3,6000,0.8876492945760813,0.8822069251806425,-0.005442369395438851,0.885,0.0,0.5,0.5
SSGDA,3,6500,0.88764929458499,0.8822069251834288,-0.005442369401561176,0.885,0.0,0.5,0.5
SSGDA,3,7000,0.8876492945866563,0.8822069251839685,-0.00544236940268783,0.885,0.0,0.5,0.5
SSGDA,3,7500,0.88764929458697,0.8822069251840738,-0.005442369402896108,0.885,0.0,0.5,0.5
SSGDA,3,8000,0.8876492945870293,0.8822069251840945,-0.005442369402934855,0.885,0.0,0.5,0.5
SSGDA,3,8500,0.887649294587041,0.8822069251840987,-0.005442369402942293,0.885,0.0,0.5,0.5
SSGDA,3,9000,0.8876492945870433,0.8822069251840996,-0.005442369402943736,0.885,0.0,0.5,0.5
SSGDA,3,9500,0.8876492945870439,0.8822069251840999,-0.0054423694029439584,0.885,0.0,0.5,0.5
SSGDA,3,10000,0.8876492945870439,0.8822069251840999,-0.0054423694029439584,0.885,0.0,0.5,0.5
SSGDA,3,10500,0.8876492945870439,0.8822069251840999,-0.0054423694029439584,0.885,0.0,0.5,0.5
SSGDA,3,11000,0.8876492945870439,0.8822069251840999,-0.0054423694029439584,0.885,0.0,0.5,0.5
SSGDA,3,11500,0.8876492945870439,0.8822069251840999,-0.0054423694029439584,0.885,0.0,0.5,0.5
SSGDA,3,12000,0.8876492945870439,0.8822069251840999,-0.0054423694029439584,0.885,0.0,0.5,0.5
SSGDA,3,12500,0.8876492945870439,0.8822069251840999,-0.0054423694029439584,0.885,0.0,0.5,0.5
SSGDA,3,13000,0.8876492945870439,0.8822069251840999,-0.0054423694029439584,0.885,0.0,0.5,0.5
SSGDA,3,13500,0.8876492945870439,0.8822069251840999,-0.0054423694029439584,0.885,0.0,0.5,0.5
SSGDA,3,14000,0.8876492945870439,0.8822069251840999,-0.0054423694029439584,0.885,0.0,0.5,0.5
SSGDA,3,14500,0.8876492945870439,0.8822069251840999,-0.0054423694029439584,0.885,0.0,0.5,0.5
SSGDA,3,15000,0.8876492945870439,0.8822069251840999,-0.0054423694029439584,0.885,0.0,0.5,0.5
SSGDA,3,15500,0.8876492945870439,0.8822069251840999,-0.0054423694029439584,0.885,0.0,0.5,0.5
SSGDA,3,16000,0.8876492945870439,0.8822069251840999,-0.0054423694029439584,0.885,0.0,0.5,0.5
SSGDA,3,16500,0.8876492945870439,0.8822069251840999,-0.0054423694029439584,0.885,0.0,0.5,0.5
SSGDA,3,17000,0.8876492945870439,0.8822069251840999,-0.0054423694029439584,0.885,0.0,0.5,0.5
SSGDA,3,17500,0.8876492945870439,0.8822069251840999,-0.0054423694029439584,0.885,0.0,0.5,0.5
SSGDA,3,18000,0.8876492945870439,0.8822069251840999,-0.0054423694029439584,0.885,0.0,0.5,0.5
SSGDA,3,18500,0.8876492945870439,0.8822069251840999,-0.0054423694029439584,0.885,0.0,0.5,0.5
SSGDA,3,19000,0.8876492945870439,0.8822069251840999,-0.0054423694029439584,0.885,0.0,0.5,0.5
SSGDA,3,19500,0.8876492945870439,0.8822069251840999,-0.0054423694029439584,0.885,0.0,0.5,0.5
SSGDA,3,20000,0.8876492945870439,0.8822069251840999,-0.0054423694029439584,0.885,0.0,0.5,0.5
TSGDA-1,3,1,2.3015840867351725,2.3017731586563865,0.0001890719212140901,0.114,0.0,0.5,0.5
TSGDA-1,3,500,0.8875981829193736,0.8821884972230823,-0.0054096856962913,0.885,0.0,0.5,0.5
TSGDA-1,3,1000,0.887648927138949,0.8822068253427633,-0.005442101796185761,0.885,0.0,0.5,0.5
TSGDA-1,3,1500,0.8876492920639553,0.8822069244654901,-0.00544236759846517,0.885,0.0,0.5,0.5
TSGDA-1,3,2000,0.8876492945690415,0.8822069251784733,-0.005442369390568191,0.885,0.0,0.5,0.5
TSGDA-1,3,2500,0.8876492945869081,0.8822069251840524,-0.005442369402855696,0.885,0.0,0.5,0.5
TSGDA-1,3,3000,0.8876492945870429,0.8822069251840996,-0.005442369402943292,0.885,0.0,0.5,0.5
TSGDA-1,3,3500,0.8876492945870439,0.8822069251840999,-0.0054423694029439584,0.885,0.0,0.5,0.5
TSGDA-1,3,4000,0.8876492945870438,0.8822069251840999,-0.005442369402943847,0.885,0.0,0.5,0.5
TSGDA-1,3,4500,0.8876492945870438,0.8822069251840999,-0.005442369402943847,0.885,0.0,0.5,0.5
TSGDA-1,3,5000,0.8876492945870438,0.8822069251840999,-0.005442369402943847,0.885,0.0,0.5,0.5
TSGDA-1,3,5500,0.8876492945870438,0.8822069251840999,-0.005442369402943847,0.885,0.0,0.5,0.5
TSGDA-1,3,6000,0.8876492945870438,0.8822069251840999,-0.005442369402943847,0.885,0.0,0.5,0.5
TSGDA-1,3,6500,0.8876492945870438,0.8822069251840999,-0.005442369402943847,0.885,0.0,0.5,0.5
TSGDA-1,3,7000,0.8876492945870438,0.8822069251840999,-0.005442369402943847,0.885,0.0,0.5,0.5
TSGDA-1,3,7500,0.8876492945870438,0.8822069251840999,-0.005442369402943847,0.885,0.0,0.5,0.5
TSGDA-1,3,8000,0.8876492945870438,0.8822069251840999,-0.005442369402943847,0.885,0.0,0.5,0.5
TSGDA-1,3,8500,0.8876492945870438,0.8822069251840999,-0.005442369402943847,0.885,0.0,0.5,0.5
TSGDA-1,3,9000,0.8876492945870438,0.8822069251840999,-0.005442369402943847,0.885,0.0,0.5,0.5
TSGDA-1,3,9500,0.8876492945870438,0.8822069251840999,-0.005442369402943847,0.885,0.0,0.5,0.5
TSGDA-1,3,10000,0.8876492945870438,0.8822069251840999,-0.005442369402943847,0.885,0.0,0.5,0.5
TSGDA-1,3,10500,0.8876492945870438,0.8822069251840999,-0.005442369402943847,0.885,0.0,0.5,0.5
TSGDA-1,3,11000,0.8876492945870438,0.8822069251840999,-0.005442369402943847,0.885,0.0,0.5,0.5
TSGDA-1,3,11500,0.8876492945870438,0.8822069251840999,-0.005442369402943847,0.885,0.0,0.5,0.5
TSGDA-1,3,12000,0.8876492945870438,0.8822069251840999,-0.005442369402943847,0.885,0.0,0.5,0.5
TSGDA-1,3,12500,0.8876492945870438,0.8822069251840999,-0.005442369402943847,0.885,0.0,0.5,0.5
TSGDA-1,3,13000,0.8876492945870438,0.8822069251840999,-0.005442369402943847,0.885,0.0,0.5,0.5
TSGDA-1,3,13500,0.8876492945870438,0.8822069251840999,-0.005442369402943847,0.885,0.0,0.5,0.5
TSGDA-1,3,14000,0.8876492945870438,0.8822069251840999,-0.005442369402943847,0.885,0.0,0.5,0.5
TSGDA-1,3,14500,0.8876492945870438,0.8822069251840999,-0.005442369402943847,0.885,0.0,0.5,0.5
TSGDA-1,3,15000,0.8876492945870438,0.8822069251840999,-0.005442369402943847,0.885,0.0,0.5,0.5
TSGDA-1,3,15500,0.8876492945870438,0.8822069251840999,-0.005442369402943847,0.885,0.0,0.5,0.5
TSGDA-1,3,16000,0.8876492945870438,0.8822069251840999,-0.005442369402943847,0.885,0.0,0.5,0.5
TSGDA-1,3,16500,0.8876492945870438,0.8822069251840999,-0.005442369402943847,0.885,0.0,0.5,0.5
TSGDA-1,3,17000,0.8876492945870438,0.8822069251840999,-0.005442369402943847,0.885,0.0,0.5,0.5
TSGDA-1,3,17500,0.8876492945870438,0.8822069251840999,-0.005442369402943847,0.885,0.0,0.5,0.5
TSGDA-1,3,18000,0.8876492945870438,0.8822069251840999,-0.005442369402943847,0.885,0.0,0.5,0.5
TSGDA-1,3,18500,0.8876492945870438,0.8822069251840999,-0.005442369402943847,0.885,0.0,0.5,0.5
TSGDA-1,3,19000,0.8876492945870438,0.8822069251840999,-0.005442369402943847,0.885,0.0,0.5,0.5
TSGDA-1,3,19500,0.8876492945870438,0.8822069251840999,-0.005442369402943847,0.885,0.0,0.5,0.5
TSGDA-1,3,20000,0.8876492945870438,0.8822069251840999,-0.005442369402943847,0.885,0.0,0.5,0.5
HSGDA,4,1,2.307578976695246,2.306691088846695,-0.0008878878485507613,0.087,0.0,0.5,0.5
HSGDA,4,500,0.8815867036608248,0.8767803747500726,-0.004806328910752167,0.891,0.003998292758200892,0.49747407352537687,0.5035974937747196
HSGDA,4,1000,0.8750948978893349,0.8708530319580724,-0.004241865931262523,0.89,0.007548376923464826,0.4942679534567652,0.506693350654813
HSGDA,4,1500,0.8694153331110904,0.8654708847717716,-0.00394444833931884,0.891,0.011091985147048827,0.4911069123570088,0.5096416638222167
HSGDA,4,2000,0.8640761630805989,0.8605868451548261,-0.0034893179257727835,0.895,0.014548365280105561,0.4880789577473012,0.5124881762984144
HSGDA,4,2500,0.8593297668371711,0.8562286035046395,-0.0031011633325316312,0.895,0.017688638924934042,0.48529806292383104,0.5151239801381787
HSGDA,4,3000,0.854726918784456,0.8521685573359736,-0.002558361448482316,0.897,0.020838260631276286,0.48244734260605204,0.5176303402241237
HSGDA,4,3500,0.8504822972256338,0.8482060810503951,-0.0022762161752387655,0.898,0.023877133159329367,0.4796574833743925,0.5201317571416233
HSGDA,4,4000,0.8467968189820283,0.8451442867743811,-0.0016525322076471616,0.898,0.026697465064122815,0.47727053393920765,0.5222975585547776
HSGDA,4,4500,0.8432427827842787,0.8419332870973523,-0.0013094956869263985,0.9,0.029437985901981142,0.4747083081638977,0.5244717542108757
HSGDA,4,5000,0.8399606599543923,0.8389031876500431,-0.0010574723043491607,0.901,0.03215472593846657,0.472189657775702,0.5265541338793455
HSGDA,4,5500,0.8369640244262909,0.8360930453064114,-0.0008709791198795447,0.901,0.03471122453759279,0.46968835586400115,0.5285899407048766
HSGDA,4,6000,0.8342069555907349,0.8336486301023942,-0.0005583254883406719,0.901,0.03712167200662877,0.46739180065093955,0.5304915123432252
HSGDA,4,6500,0.8317180089484174,0.8313513505944692,-0.00036665835394822377,0.901,0.039440758351419566,0.46514075851002346,0.5324207297243728
HSGDA,4,7000,0.8293704088273253,0.8292782878773899,-9.212094993538145e-05,0.901,0.04170652947565392,0.4629441333898329,0.5341683293962842
HSGDA,4,7500,0.827332194269282,0.8274240866388782,9.189236959628033e-05,0.903,0.043725329155042306,0.4609521273171302,0.5358050326918962
HSGDA,4,8000,0.8253960913610083,0.8256433953556065,0.0002473039945981581,0.903,0.045649037961715815,0.45909710572682205,0.5374034786365344
HSGDA,4,8500,0.823830972375677,0.8242611435185349,0.0004301711428578159,0.903,0.047424006947228696,0.4572197918734331,0.5388694828549131
HSGDA,4,9000,0.8221242709081733,0.8228529950633012,0.0007287241551279244,0.903,0.04930338473064675,0.45551131903106346,0.5404008510769404
HSGDA,4,9500,0.8206160191707363,0.8213971013248003,0.0007810821540639168,0.903,0.05101738869240703,0.45376569708109665,0.541890885649843
HSGDA,4,10000,0.8192882356399394,0.8202436060400075,0.0009553704000681007,0.903,0.05265179272773099,0.4521694631387204,0.5432669301681514
HSGDA,4,10500,0.8180210899978846,0.819186578532318,0.0011654885344334343,0.903,0.05419221848181029,0.4506246278584744,0.544564412952449
HSGDA,4,11000,0.8169123317926287,0.8181748218958559,0.0012624901032272096,0.903,0.05564127448079624,0.4491319102169951,0.5457595972765062
HSGDA,4,11500,0.815850319191995,0.8172395372933593,0.0013892181013642757,0.903,0.05721011290887344,0.44767998892884553,0.546976149377696
HSGDA,4,12000,0.814804389978261,0.8164227383296181,0.0016183483513571018,0.903,0.05859755148726299,0.4463575725509154,0.5480988008938942
HSGDA,4,12500,0.8139192977731028,0.8158918664546432,0.0019725686815403876,0.903,0.05993600859414262,0.4451427888575993,0.5491312929889425
HSGDA,4,13000,0.8130194985973649,0.8151940889492973,0.0021745903519324594,0.903,0.061254331635161814,0.4437182409240378,0.5501313310675333
HSGDA,4,13500,0.8122566858716025,0.8146041434636017,0.002347457591999169,0.903,0.06256722001029062,0.44248103527182603,0.5510862482531509
HSGDA,4,14000,0.8114917205133338,0.8139989989907367,0.002507278477402841,0.904,0.06393354642735659,0.4411178972414459,0.5520301804398885
HSGDA,4,14500,0.8108442974216605,0.8135149917294141,0.002670694307753574,0.904,0.06504966753003397,0.439918201007707,0.5529101485592951
HSGDA,4,15000,0.810182496526678,0.8130578859020655,0.0028753893753875603,0.906,0.06625233273719931,0.43883835390961423,0.5537697032978598
HSGDA,4,15500,0.8096643712118095,0.8127033140637862,0.0030389428519767003,0.907,0.06722684028418525,0.4378031829844941,0.5545399187375164
HSGDA,4,16000,0.8091430093722503,0.8123391833763843,0.003196174004134078,0.908,0.06826752269450462,0.43664655123947976,0.555374504336707
HSGDA,4,16500,0.8086740163676325,0.8120273826744059,0.0033533663067734087,0.908,0.06909851677029234,0.435881388721851,0.5561785510502906
HSGDA,4,17000,0.8082826776380355,0.8117598189609947,0.0034771413229591763,0.907,0.06996638299921952,0.43491865433500815,0.5568820563787606
HSGDA,4,17500,0.8078904505700089,0.811534937363096,0.003644486793087154,0.907,0.07082490599830689,0.4340253230844728,0.5575463814275786
HSGDA,4,18000,0.8074719361367089,0.8110356808112226,0.0035637446745137025,0.907,0.07170174571137758,0.433037351786551,0.5583052330438338
HSGDA,4,18500,0.807176151495811,0.8107273146650107,0.003551163169199678,0.907,0.0725241177651325,0.43219239110712065,0.5589679548166451
HSGDA,4,19000,0.8068488426445076,0.8104500710608102,0.0036012284163026154,0.907,0.07333455329452564,0.4313521382535169,0.5596123770910075
HSGDA,4,19500,0.8065154724374699,0.8102426121735414,0.0037271397360715275,0.909,0.07407124101569218,0.430634648491717,0.5601869090749614
HSGDA,4,20000,0.8062524088462405,0.8099644951477014,0.003712086301460915,0.91,0.07484521064947235,0.4297342477715457,0.5608114680884744
SSGDA,4,1,2.307578976695246,2.306691088846695,-0.0008878878485507613,0.087,0.0,0.5,0.5
SSGDA,4,500,0.8878155321113138,0.8825011256248331,-0.005314406486480738,0.886,0.0,0.5,0.5
SSGDA,4,1000,0.8874373836630737,0.8821162544586162,-0.0053211292044574865,0.885,0.0,0.5,0.5
SSGDA,4,1500,0.8876039296451401,0.8821913921266282,-0.005412537518511895,0.885,0.0,0.5,0.5
SSGDA,4,2000,0.8876407545673924,0.8822044497524998,-0.005436304814892656,0.885,0.0,0.5,0.5
SSGDA,4,2500,0.8876477298217867,0.8822065089532353,-0.005441220868551477,0.885,0.0,0.5,0.5
SSGDA,4,3000,0.8876490100691035,0.8822068516987304,-0.005442158370373096,0.885,0.0,0.5,0.5
SSGDA,4,3500,0.8876492429147311,0.8822069118073921,-0.005442331107339049,0.885,0.0,0.5,0.5
SSGDA,4,4000,0.887649285184948,0.8822069227057913,-0.005442362479156748,0.885,0.0,0.5,0.5
SSGDA,4,4500,0.8876492928701167,0.8822069247199917,-0.005442368150124999,0.885,0.0,0.5,0.5
SSGDA,4,5000,0.8876492942720631,0.8822069250965078,-0.005442369175555295,0.885,0.0,0.5,0.5
SSGDA,4,5500,0.8876492945289547,0.8822069251674509,-0.005442369361503774,0.885,0.0,0.5,0.5
SSGDA,4,6000,0.8876492945762706,0.8822069251809114,-0.005442369395359248,0.885,0.0,0.5,0.5
SSGDA,4,6500,0.887649294585034,0.882206925183484,-0.005442369401550073,0.885,0.0,0.5,0.5
SSGDA,4,7000,0.8876492945866665,0.8822069251839797,-0.005442369402686831,0.885,0.0,0.5,0.5
SSGDA,4,7500,0.8876492945869725,0.8822069251840761,-0.005442369402896441,0.885,0.0,0.5,0.5
SSGDA,4,8000,0.8876492945870299,0.8822069251840949,-0.005442369402934966,0.885,0.0,0.5,0.5
SSGDA,4,8500,0.887649294587041,0.8822069251840987,-0.005442369402942293,0.885,0.0,0.5,0.5
SSGDA,4,9000,0.8876492945870429,0.8822069251840992,-0.005442369402943736,0.885,0.0,0.5,0.5
SSGDA,4,9500,0.8876492945870433,0.8822069251840994,-0.0054423694029439584,0.885,0.0,0.5,0.5
SSGDA,4,10000,0.8876492945870436,0.8822069251840995,-0.0054423694029440695,0.885,0.0,0.5,0.5
SSGDA,4,10500,0.8876492945870436,0.8822069251840994,-0.0054423694029441805,0.885,0.0,0.5,0.5
SSGDA,4,11000,0.8876492945870436,0.8822069251840994,-0.0054423694029441805,0.885,0.0,0.5,0.5
SSGDA,4,11500,0.8876492945870436,0.8822069251840994,-0.0054423694029441805,0.885,0.0,0.5,0.5
SSGDA,4,12000,0.8876492945870436,0.8822069251840994,-0.0054423694029441805,0.885,0.0,0.5,0.5
SSGDA,4,12500,0.8876492945870436,0.8822069251840994,-0.0054423694029441805,0.885,0.0,0.5,0.5
SSGDA,4,13000,0.8876492945870436,0.8822069251840994,-0.0054423694029441805,0.885,0.0,0.5,0.5
SSGDA,4,13500,0.8876492945870436,0.8822069251840994,-0.0054423694029441805,0.885,0.0,0.5,0.5
SSGDA,4,14000,0.8876492945870436,0.8822069251840994,-0.0054423694029441805,0.885,0.0,0.5,0.5
SSGDA,4,14500,0.8876492945870436,0.8822069251840994,-0.0054423694029441805,0.885,0.0,0.5,0.5
SSGDA,4,15000,0.8876492945870436,0.8822069251840994,-0.0054423694029441805,0.885,0.0,0.5,0.5
SSGDA,4,15500,0.8876492945870436,0.8822069251840994,-0.0054423694029441805,0.885,0.0,0.5,0.5
SSGDA,4,16000,0.8876492945870436,0.8822069251840994,-0.0054423694029441805,0.885,0.0,0.5,0.5
SSGDA,4,16500,0.8876492945870436,0.8822069251840994,-0.0054423694029441805,0.885,0.0,0.5,0.5
SSGDA,4,17000,0.8876492945870436,0.8822069251840994,-0.0054423694029441805,0.885,0.0,0.5,0.5
SSGDA,4,17500,0.8876492945870436,0.8822069251840994,-0.0054423694029441805,0.885,0.0,0.5,0.5
SSGDA,4,18000,0.8876492945870436,0.8822069251840994,-0.0054423694029441805,0.885,0.0,0.5,0.5
SSGDA,4,18500,0.8876492945870436,0.8822069251840994,-0.0054423694029441805,0.885,0.0,0.5,0.5
SSGDA,4,19000,0.8876492945870436,0.8822069251840994,-0.0054423694029441805,0.885,0.0,0.5,0.5
SSGDA,4,19500,0.8876492945870436,0.8822069251840994,-0.0054423694029441805,0.885,0.0,0.5,0.5
SSGDA,4,20000,0.8876492945870436,0.8822069251840994,-0.0054423694029441805,0.885,0.0,0.5,0.5
TSGDA-1,4,1,2.307548902738284,2.306666217975474,-0.0008826847628098378,0.087,0.0,0.5,0.5
TSGDA-1,4,500,0.8875979285752842,0.8821890113874347,-0.005408917187849527,0.885,0.0,0.5,0.5
TSGDA-1,4,1000,0.8876489277459149,0.8822068300740463,-0.00544209767186854,0.885,0.0,0.5,0.5
TSGDA-1,4,1500,0.8876492920827508,0.8822069245101707,-0.005442367572580098,0.885,0.0,0.5,0.5
TSGDA-1,4,2000,0.8876492945693308,0.8822069251789012,-0.0054423693904296355,0.885,0.0,0.5,0.5
TSGDA-1,4,2500,0.8876492945869121,0.8822069251840566,-0.005442369402855474,0.885,0.0,0.5,0.5
TSGDA-1,4,3000,0.8876492945870426,0.8822069251840989,-0.005442369402943625,0.885,0.0,0.5,0.5
TSGDA-1,4,3500,0.8876492945870433,0.8822069251840994,-0.0054423694029439584,0.885,0.0,0.5,0.5
TSGDA-1,4,4000,0.8876492945870436,0.8822069251840994,-0.0054423694029441805,0.885,0.0,0.5,0.5
TSGDA-1,4,4500,0.8876492945870436,0.8822069251840994,-0.0054423694029441805,0.885,0.0,0.5,0.5
TSGDA-1,4,5000,0.8876492945870436,0.8822069251840994,-0.0054423694029441805,0.885,0.0,0.5,0.5
TSGDA-1,4,5500,0.8876492945870436,0.8822069251840994,-0.0054423694029441805,0.885,0.0,0.5,0.5
TSGDA-1,4,6000,0.8876492945870436,0.8822069251840994,-0.0054423694029441805,0.885,0.0,0.5,0.5
TSGDA-1,4,6500,0.8876492945870436,0.8822069251840994,-0.0054423694029441805,0.885,0.0,0.5,0.5
TSGDA-1,4,7000,0.8876492945870436,0.8822069251840994,-0.0054423694029441805,0.885,0.0,0.5,0.5
TSGDA-1,4,7500,0.8876492945870436,0.8822069251840994,-0.0054423694029441805,0.885,0.0,0.5,0.5
TSGDA-1,4,8000,0.8876492945870436,0.8822069251840994,-0.0054423694029441805,0.885,0.0,0.5,0.5
TSGDA-1,4,8500,0.8876492945870436,0.8822069251840994,-0.0054423694029441805,0.885,0.0,0.5,0.5
TSGDA-1,4,9000,0.8876492945870436,0.8822069251840994,-0.0054423694029441805,0.885,0.0,0.5,0.5
TSGDA-1,4,9500,0.8876492945870436,0.8822069251840994,-0.0054423694029441805,0.885,0.0,0.5,0.5
TSGDA-1,4,10000,0.8876492945870436,0.8822069251840994,-0.0054423694029441805,0.885,0.0,0.5,0.5
TSGDA-1,4,10500,0.8876492945870436,0.8822069251840994,-0.0054423694029441805,0.885,0.0,0.5,0.5
TSGDA-1,4,11000,0.8876492945870436,0.8822069251840994,-0.0054423694029441805,0.885,0.0,0.5,0.5
TSGDA-1,4,11500,0.8876492945870436,0.8822069251840994,-0.0054423694029441805,0.885,0.0,0.5,0.5
TSGDA-1,4,12000,0.8876492945870436,0.8822069251840994,-0.0054423694029441805,0.885,0.0,0.5,0.5
TSGDA-1,4,12500,0.8876492945870436,0.8822069251840994,-0.0054423694029441805,0.885,0.0,0.5,0.5
TSGDA-1,4,13000,0.8876492945870436,0.8822069251840994,-0.0054423694029441805,0.885,0.0,0.5,0.5
TSGDA-1,4,13500,0.8876492945870436,0.8822069251840994,-0.0054423694029441805,0.885,0.0,0.5,0.5
TSGDA-1,4,14000,0.8876492945870436,0.8822069251840994,-0.0054423694029441805,0.885,0.0,0.5,0.5
TSGDA-1,4,14500,0.8876492945870436,0.8822069251840994,-0.0054423694029441805,0.885,0.0,0.5,0.5
TSGDA-1,4,15000,0.8876492945870436,0.8822069251840994,-0.0054423694029441805,0.885,0.0,0.5,0.5
TSGDA-1,4,15500,0.8876492945870436,0.8822069251840994,-0.0054423694029441805,0.885,0.0,0.5,0.5
TSGDA-1,4,16000,0.8876492945870436,0.8822069251840994,-0.0054423694029441805,0.885,0.0,0.5,0.5
TSGDA-1,4,16500,0.8876492945870436,0.8822069251840994,-0.0054423694029441805,0.885,0.0,0.5,0.5
TSGDA-1,4,17000,0.8876492945870436,0.8822069251840994,-0.0054423694029441805,0.885,0.0,0.5,0.5
TSGDA-1,4,17500,0.8876492945870436,0.8822069251840994,-0.0054423694029441805,0.885,0.0,0.5,0.5
TSGDA-1,4,18000,0.8876492945870436,0.8822069251840994,-0.0054423694029441805,0.885,0.0,0.5,0.5
TSGDA-1,4,18500,0.8876492945870436,0.8822069251840994,-0.0054423694029441805,0.885,0.0,0.5,0.5
TSGDA-1,4,19000,0.8876492945870436,0.8822069251840994,-0.0054423694029441805,0.885,0.0,0.5,0.5
TSGDA-1,4,19500,0.8876492945870436,0.8822069251840994,-0.0054423694029441805,0.885,0.0,0.5,0.5
TSGDA-1,4,20000,0.8876492945870436,0.8822069251840994,-0.0054423694029441805,0.885,0.0,0.5,0.5
