T,seed,min_gphi2
50,0,8.514914270639197
50,1,9.570341618579404
50,2,9.720435459561124
50,3,10.30556738931503
100,0,3.1253072960881716
100,1,3.5024638490678566
100,2,3.3926508317100037
100,3,3.4266625261830077
200,0,0.4334074000023483
200,1,0.5331245655508334
200,2,0.3886018692929145
200,3,0.4250877328445194
400,0,0.00934177063929536
400,1,0.04276073760690013
400,2,0.009755195175873142
400,3,0.020547166637832157
800,0,0.0006424596328088749
800,1,0.004178680046865493
800,2,0.0005367750147324696
800,3,0.0007248516636200056
1600,0,0.0006424596328088749
1600,1,0.0002979609090334769
1600,2,0.0005259530999496216
1600,3,0.0006597922068032756
3000,0,0.0003679351345617556
3000,1,9.51620786990002e-05
3000,2,0.00023637039018316303
3000,3,9.701086610881574e-05
