step,val,test,gap,phi_pop,T,seed
1,11.344139810950221,11.343971706615516,-0.00016810433470482167,11.276206800820958,200,0
40,5.067340533518134,5.073701413034743,0.006360879516608797,5.076148593344927,200,0
80,2.195206937351475,2.2008667380817712,0.0056598007302963715,2.1985158225836865,200,0
120,0.8912188123309948,0.9003179942668318,0.00909918193583703,0.9086995972070149,200,0
160,0.3213629493347675,0.33139414936900774,0.01003120003424024,0.32829027725707816,200,0
200,0.05777433015119682,0.07104930654523223,0.01327497639403541,0.06274771856874733,200,0
1,13.195465672641063,13.196595285963314,0.0011296133222504778,12.888019666277152,200,1
40,5.841869406974151,5.866238951315015,0.024369544340864024,5.785826022797048,200,1
80,2.633691177751954,2.650461349227182,0.01677017147522797,2.586193621603447,200,1
120,1.1476065971440361,1.167912554435998,0.02030595729196194,1.1799527182995635,200,1
160,0.5083424562689515,0.5198815197284596,0.01153906345950817,0.5199290780521323,200,1
200,0.20368486279231757,0.21235700625455248,0.00867214346223491,0.22292411417831803,200,1
1,12.185581719094838,12.192661562709864,0.007079843615025894,12.383703846018669,200,2
40,5.46084807348261,5.47185002270891,0.01100194922630049,5.526996557570391,200,2
80,2.3287477179894998,2.333087848233602,0.0043401302441021805,2.2966317661900426,200,2
120,0.9362089227907364,0.9333524977058727,-0.002856425084863723,0.8930629646644461,200,2
160,0.3307030691548688,0.3228646407139782,-0.00783842844089061,0.28259134168640804,200,2
200,0.054325321916609715,0.03916956464348459,-0.015155757273125126,0.027179188923831088,200,2
1,12.666834180508735,12.671030881689612,0.004196701180877227,13.135052239721624,200,3
40,5.794774840569449,5.838533413399497,0.043758572830047804,5.900701254521513,200,3
80,2.5418385801743533,2.5760894100271816,0.034250829852828346,2.4601695129991814,200,3
120,1.0213690406738078,1.0278223716335946,0.0064533309597867294,0.9729336706715411,200,3
160,0.35553465476906926,0.3501077291740041,-0.005426925595065135,0.34660872000864246,200,3
200,0.09303530869019125,0.0880713507396847,-0.004963957950506553,0.0777823864136907,200,3
1,11.82092358228834,11.822552242077634,0.0016286597892936072,11.496831172773902,200,4
40,5.2346552135693685,5.256148953749163,0.02149374017979433,5.211997842977421,200,4
80,2.26965557943641,2.2886408580003903,0.018985278563980135,2.3086748765726934,200,4
120,1.0168049464574498,1.0292096565194755,0.012404710062025703,1.0214263721363046,200,4
160,0.43449244467619585,0.44363879960358077,0.009146354927384914,0.4506819322214594,200,4
200,0.18189766343667751,0.18825878328551188,0.006361119848834362,0.1856673096559157,200,4
1,11.476013873904733,11.474985766436788,-0.0010281074679454605,11.645721123435433,200,5
40,5.216352471528525,5.216686350342467,0.00033387881394197905,5.222317382205065,200,5
80,2.23207197196173,2.2307553315349993,-0.001316640426730853,2.2170875593701695,200,5
120,0.8907634447010817,0.8882369016174088,-0.0025265430836729497,0.8886011161367409,200,5
160,0.3144004051832017,0.31144267136335996,-0.002957733819841768,0.3098608350210301,200,5
200,0.06014383565666698,0.05663868508867159,-0.0035051505679953854,0.0526787674794536,200,5
1,11.690648959231483,11.686308474474902,-0.004340484756580665,10.934260816997972,200,6
40,4.959111215697542,4.8821186134878065,-0.07699260220973514,4.796767567773892,200,6
80,2.1099815382305636,2.059903316523556,-0.050078221707007486,2.052847797609602,200,6
120,0.8241490493704446,0.7917526435891643,-0.032396405781280335,0.814848641945849,200,6
160,0.31082507438532647,0.28973952190110164,-0.021085552484224834,0.2843300384218943,200,6
200,0.05255326049776743,0.03421159504231397,-0.01834166545545346,0.04038544043316883,200,6
1,12.581775386196446,12.582592493329374,0.00081710713292793,12.632715082763902,200,7
40,5.626821881816882,5.647847779512681,0.021025897695798434,5.653639311475871,200,7
80,2.3729056640509483,2.4040544381186773,0.03114877406772898,2.419460770996029,200,7
120,0.9483559468475778,0.9690536885572986,0.02069774170972072,1.0018331292130318,200,7
160,0.3549773794885476,0.3662558127579384,0.01127843326939082,0.3730476369570352,200,7
200,0.06931846406229147,0.07825077871879532,0.008932314656503848,0.08577485196011181,200,7
1,11.344139810950221,11.343971706615516,-0.00016810433470482167,11.276206800820958,800,0
160,0.3213629493347675,0.33139414936900774,0.01003120003424024,0.32829027725707816,800,0
320,-0.1730835868002208,-0.14903288398536513,0.024050702814855662,-0.14403389985319032,800,0
480,-0.18232392339811976,-0.15265314642991634,0.029670776968203416,-0.1662706733045009,800,0
640,-0.16937185573644264,-0.13460287083864886,0.03476898489779379,-0.16373359558931777,800,0
800,-0.17428564699387533,-0.1336851018222271,0.04060054517164824,-0.16173404495252747,800,0
1,13.195465672641063,13.196595285963314,0.0011296133222504778,12.888019666277152,800,1
160,0.5083424562689515,0.5198815197284596,0.01153906345950817,0.5199290780521323,800,1
320,-0.05269516904686834,-0.052534190320396176,0.00016097872647216627,-0.057090240101599285,800,1
480,-0.12436467790187841,-0.12426654203888729,9.81358629911222e-05,-0.1283100548946834,800,1
640,-0.1453543305016432,-0.14310799393640578,0.002246336565237428,-0.15259679411102023,800,1
800,-0.16494440651803985,-0.15819052399644265,0.006753882521597199,-0.16319374572509757,800,1
1,12.185581719094838,12.192661562709864,0.007079843615025894,12.383703846018669,800,2
160,0.3307030691548688,0.3228646407139782,-0.00783842844089061,0.28259134168640804,800,2
320,-0.13793565908165556,-0.14999032942798746,-0.012054670346331897,-0.1496948899790626,800,2
480,-0.1423158130109922,-0.15568245153910235,-0.013366638528110153,-0.16558331172190546,800,2
640,-0.1557383882856212,-0.16840056099924255,-0.012662172713621356,-0.1626595826493087,800,2
800,-0.15023599154870187,-0.16080683367556248,-0.010570842126860602,-0.16301282941810286,800,2
1,12.666834180508735,12.671030881689612,0.004196701180877227,13.135052239721624,800,3
160,0.35553465476906926,0.3501077291740041,-0.005426925595065135,0.34660872000864246,800,3
320,-0.12130861859160519,-0.12949732612340714,-0.008188707531801953,-0.12624000490143328,800,3
480,-0.12917795098165363,-0.1366934416146684,-0.007515490633014765,-0.15427725621670796,800,3
640,-0.14042107290913886,-0.15096931216800796,-0.010548239258869108,-0.1550752820619049,800,3
800,-0.13547888080842643,-0.14439555422693565,-0.008916673418509213,-0.15524600549485537,800,3
1,11.82092358228834,11.822552242077634,0.0016286597892936072,11.496831172773902,800,4
160,0.43449244467619585,0.44363879960358077,0.009146354927384914,0.4506819322214594,800,4
320,-0.04630579966663376,-0.04331202826703162,0.0029937713996021353,-0.03780328707352382,800,4
480,-0.1070000670086135,-0.10670468409048442,0.00029538291812908346,-0.10518314343942092,800,4
640,-0.14141224342299422,-0.13926630625229422,0.0021459371706999963,-0.13960067520962985,800,4
800,-0.15075102469667023,-0.14673516732206993,0.004015857374600307,-0.15558121257163915,800,4
1,11.476013873904733,11.474985766436788,-0.0010281074679454605,11.645721123435433,800,5
160,0.3144004051832017,0.31144267136335996,-0.002957733819841768,0.3098608350210301,800,5
320,-0.12918745825940603,-0.13550964831880397,-0.006322190059397936,-0.13921513914691835,800,5
480,-0.14738728526804173,-0.15420217680167303,-0.006814891533631295,-0.15875946187209627,800,5
640,-0.15014434987940584,-0.1575638285693099,-0.007419478689904058,-0.1611888414675332,800,5
800,-0.1546173428451628,-0.16671378477674673,-0.012096441931583934,-0.16606722829113987,800,5
1,11.690648959231483,11.686308474474902,-0.004340484756580665,10.934260816997972,800,6
160,0.31082507438532647,0.28973952190110164,-0.021085552484224834,0.2843300384218943,800,6
320,-0.16123010925332537,-0.1653540136087288,-0.0041239043554034405,-0.1442988382411955,800,6
480,-0.16076976696050888,-0.15721085816266478,0.003558908797844096,-0.16465126671459157,800,6
640,-0.17336467673957634,-0.16708221777322252,0.006282458966353821,-0.16712298887520294,800,6
800,-0.1890021503469942,-0.18206369135892758,0.006938458988066609,-0.16659248850400038,800,6
1,12.581775386196446,12.582592493329374,0.00081710713292793,12.632715082763902,800,7
160,0.3549773794885476,0.3662558127579384,0.01127843326939082,0.3730476369570352,800,7
320,-0.1448412118652586,-0.14201268948975176,0.002828522375506848,-0.13268937124986285,800,7
480,-0.17058720850691356,-0.1753717541054362,-0.004784545598522649,-0.15787573536811483,800,7
640,-0.14951994135980962,-0.1563433373883069,-0.006823396028497297,-0.16004819354088778,800,7
800,-0.1453044456623121,-0.15044746636660666,-0.005143020704294565,-0.16338317125395285,800,7
1,11.344139810950221,11.343971706615516,-0.00016810433470482167,11.276206800820958,2000,0
400,-0.1809528641892918,-0.15642865111249232,0.024524213076799473,-0.16198246994429794,2000,0
800,-0.17428564699387533,-0.1336851018222271,0.04060054517164824,-0.16173404495252747,2000,0
1200,-0.20805152101992364,-0.1593323894905625,0.04871913152936114,-0.15902088859561603,2000,0
1600,-0.25689967732631347,-0.17774578584811462,0.07915389147819885,-0.14166538848199983,2000,0
2000,-0.18904548605861804,-0.12301617044363744,0.0660293156149806,-0.13962597779814578,2000,0
1,13.195465672641063,13.196595285963314,0.0011296133222504778,12.888019666277152,2000,1
400,-0.10517070914867901,-0.10516439325991994,6.315888759073074e-06,-0.10441077323912362,2000,1
800,-0.16494440651803985,-0.15819052399644265,0.006753882521597199,-0.16319374572509757,2000,1
1200,-0.19946859578446752,-0.1843723482427269,0.015096247541740604,-0.16682096060462087,2000,1
1600,-0.21273087646996036,-0.19299409618967134,0.019736780280289024,-0.1638742808931647,2000,1
2000,-0.18899859755090942,-0.1732092547299512,0.01578934282095823,-0.16535710410127907,2000,1
1,12.185581719094838,12.192661562709864,0.007079843615025894,12.383703846018669,2000,2
400,-0.15204990077800354,-0.1673983904582166,-0.015348489680213073,-0.1622864030995083,2000,2
800,-0.15023599154870187,-0.16080683367556248,-0.010570842126860602,-0.16301282941810286,2000,2
1200,-0.15174412762405584,-0.16084035386515363,-0.009096226241097793,-0.16119339206951275,2000,2
1600,-0.15314086158804288,-0.16421450539735136,-0.011073643809308475,-0.16220921363952814,2000,2
2000,-0.142553299980132,-0.15071323640071482,-0.008159936420582825,-0.16140793011275129,2000,2
1,12.666834180508735,12.671030881689612,0.004196701180877227,13.135052239721624,2000,3
400,-0.1433441639135103,-0.15477522728136844,-0.011431063367858152,-0.14792798733022794,2000,3
800,-0.13547888080842643,-0.14439555422693565,-0.008916673418509213,-0.15524600549485537,2000,3
1200,-0.1365814521664206,-0.14671078028064088,-0.010129328114220293,-0.15356480215143897,2000,3
1600,-0.1411930699444399,-0.14998435041683447,-0.00879128047239458,-0.15347946458576264,2000,3
2000,-0.13906746061421968,-0.14979866358024815,-0.010731202966028475,-0.15823414420523016,2000,3
1,11.82092358228834,11.822552242077634,0.0016286597892936072,11.496831172773902,2000,4
400,-0.08353218892812544,-0.08247539218063815,0.001056796747487293,-0.07762778702968032,2000,4
800,-0.15075102469667023,-0.14673516732206993,0.004015857374600307,-0.15558121257163915,2000,4
1200,-0.19490622268066815,-0.1833182935521252,0.011587929128542951,-0.1667098164630163,2000,4
1600,-0.1616976582101372,-0.14982174026483996,0.011875917945297243,-0.166725905965518,2000,4
2000,-0.17575226002884353,-0.1608381713511084,0.014914088677735138,-0.16521227763398233,2000,4
1,11.476013873904733,11.474985766436788,-0.0010281074679454605,11.645721123435433,2000,5
400,-0.13792981662062098,-0.1442133447304113,-0.006283528109790326,-0.15506085485866994,2000,5
800,-0.1546173428451628,-0.16671378477674673,-0.012096441931583934,-0.16606722829113987,2000,5
1200,-0.15661401853114418,-0.16660356401740348,-0.0099895454862593,-0.16133218499554672,2000,5
1600,-0.16256799067921737,-0.17245651862793807,-0.009888527948720693,-0.16493573213161436,2000,5
2000,-0.16841708351076495,-0.17920415203622175,-0.0107870685254568,-0.1659964906734584,2000,5
1,11.690648959231483,11.686308474474902,-0.004340484756580665,10.934260816997972,2000,6
400,-0.1528386873564911,-0.15198658904437362,0.0008520983121174663,-0.16045441645901437,2000,6
800,-0.1890021503469942,-0.18206369135892758,0.006938458988066609,-0.16659248850400038,2000,6
1200,-0.1817295528333931,-0.17557970338808743,0.006149849445305666,-0.1664963536093969,2000,6
1600,-0.17576247677209694,-0.16664451947448278,0.009117957297614165,-0.16580366145680708,2000,6
2000,-0.1716091661600166,-0.1646750229820309,0.0069341431779856855,-0.16587346953596166,2000,6
1,12.581775386196446,12.582592493329374,0.00081710713292793,12.632715082763902,2000,7
400,-0.14775030931611904,-0.1523003413392347,-0.004550032023115658,-0.15331087317431463,2000,7
800,-0.1453044456623121,-0.15044746636660666,-0.005143020704294565,-0.16338317125395285,2000,7
1200,-0.12234768877795549,-0.12560167622588186,-0.0032539874479263764,-0.16624600803458295,2000,7
1600,-0.16397369021574992,-0.17184452269903028,-0.007870832483280354,-0.16435074261322263,2000,7
2000,-0.15665836587298712,-0.16351270105861124,-0.006854335185624116,-0.16148425801008023,2000,7
1,11.344139810950221,11.343971706615516,-0.00016810433470482167,11.276206800820958,4000,0
800,-0.17428564699387533,-0.1336851018222271,0.04060054517164824,-0.16173404495252747,4000,0
1600,-0.25689967732631347,-0.17774578584811462,0.07915389147819885,-0.14166538848199983,4000,0
2400,-0.1314646785106779,-0.07920690149278642,0.05225777701789147,-0.14352133588583227,4000,0
3200,-0.2329188348690202,-0.15611286702688798,0.07680596784213223,-0.14080181462808605,4000,0
4000,-0.19051747926251617,-0.11751906209636975,0.07299841716614641,-0.13375970682282778,4000,0
1,13.195465672641063,13.196595285963314,0.0011296133222504778,12.888019666277152,4000,1
800,-0.16494440651803985,-0.15819052399644265,0.006753882521597199,-0.16319374572509757,4000,1
1600,-0.21273087646996036,-0.19299409618967134,0.019736780280289024,-0.1638742808931647,4000,1
2400,-0.20634380177785083,-0.1897673130820513,0.01657648869579953,-0.1650471500571129,4000,1
3200,-0.16409114330192442,-0.15070679125834002,0.013384352043584402,-0.16601493570379888,4000,1
4000,-0.18919681293886365,-0.17245052533610844,0.016746287602755205,-0.1634674190968332,4000,1
1,12.185581719094838,12.192661562709864,0.007079843615025894,12.383703846018669,4000,2
800,-0.15023599154870187,-0.16080683367556248,-0.010570842126860602,-0.16301282941810286,4000,2
1600,-0.15314086158804288,-0.16421450539735136,-0.011073643809308475,-0.16220921363952814,4000,2
2400,-0.14075206485716193,-0.14873399465986656,-0.007981929802704624,-0.16238195813468695,4000,2
3200,-0.16447245354125123,-0.17805106806576765,-0.01357861452451642,-0.16365532455583004,4000,2
4000,-0.1524578658862965,-0.16412911240111833,-0.01167124651482182,-0.16277574821650265,4000,2
1,12.666834180508735,12.671030881689612,0.004196701180877227,13.135052239721624,4000,3
800,-0.13547888080842643,-0.14439555422693565,-0.008916673418509213,-0.15524600549485537,4000,3
1600,-0.1411930699444399,-0.14998435041683447,-0.00879128047239458,-0.15347946458576264,4000,3
2400,-0.1572076426506819,-0.17838498043380066,-0.021177337783118755,-0.1585907206663745,4000,3
3200,-0.13829643969730038,-0.1496128700517571,-0.01131643035445673,-0.1563500557806169,4000,3
4000,-0.14295964011108991,-0.15712355420832236,-0.014163914097232444,-0.15823088862365642,4000,3
1,11.82092358228834,11.822552242077634,0.0016286597892936072,11.496831172773902,4000,4
800,-0.15075102469667023,-0.14673516732206993,0.004015857374600307,-0.15558121257163915,4000,4
1600,-0.1616976582101372,-0.14982174026483996,0.011875917945297243,-0.166725905965518,4000,4
2400,-0.186147619378355,-0.16946938667563194,0.01667823270272306,-0.16486854182676092,4000,4
3200,-0.1874865661940801,-0.17130869556556988,0.016177870628510227,-0.16567753468022928,4000,4
4000,-0.16046188965433195,-0.14855917058461765,0.011902719069714296,-0.16658540805870203,4000,4
1,11.476013873904733,11.474985766436788,-0.0010281074679454605,11.645721123435433,4000,5
800,-0.1546173428451628,-0.16671378477674673,-0.012096441931583934,-0.16606722829113987,4000,5
1600,-0.16256799067921737,-0.17245651862793807,-0.009888527948720693,-0.16493573213161436,4000,5
2400,-0.12969831250647834,-0.13382713844231714,-0.004128825935838798,-0.16397877780134085,4000,5
3200,-0.15030651545335055,-0.16181116680222046,-0.01150465134886991,-0.16555146236341262,4000,5
4000,-0.17169294623459225,-0.18397684625458055,-0.012283900019988303,-0.16458023773808245,4000,5
1,11.690648959231483,11.686308474474902,-0.004340484756580665,10.934260816997972,4000,6
800,-0.1890021503469942,-0.18206369135892758,0.006938458988066609,-0.16659248850400038,4000,6
1600,-0.17576247677209694,-0.16664451947448278,0.009117957297614165,-0.16580366145680708,4000,6
2400,-0.1638415858373634,-0.15817348294161077,0.005668102895752647,-0.16642477492805213,4000,6
3200,-0.1931914544999609,-0.1862744322393085,0.0069170222606523835,-0.1667845010591481,4000,6
4000,-0.14480646874888042,-0.14086016653146416,0.003946302217416264,-0.1665558341667593,4000,6
1,12.581775386196446,12.582592493329374,0.00081710713292793,12.632715082763902,4000,7
800,-0.1453044456623121,-0.15044746636660666,-0.005143020704294565,-0.16338317125395285,4000,7
1600,-0.16397369021574992,-0.17184452269903028,-0.007870832483280354,-0.16435074261322263,4000,7
2400,-0.15516104648572618,-0.16741509621175207,-0.012254049726025895,-0.16591854010138077,4000,7
3200,-0.16570361541615172,-0.17160825197509702,-0.005904636558945298,-0.16368522857901982,4000,7
4000,-0.16350081012363243,-0.1734239724977203,-0.009923162374087857,-0.1656443864000659,4000,7
