m1,step,val_error,val_error,test_error,test_error,gap,gap,gap_raw,gap_raw
,,mean,std,mean,std,mean,std,mean,std
100,0,0.3880840092897415,0.11220546852155189,0.38978694915771483,0.11458877080946955,0.0017029398679733188,0.0023833022879176644,0.006117140054702763,0.0019504364520344113
100,10,0.2971342414617538,0.10286301891020674,0.2999529733657837,0.10362825815771955,0.0028187319040298446,0.00357147376180333,0.0018863261938095067,0.004798431762826695
100,100,0.28644129931926726,0.10154817889213535,0.2871397204399109,0.10088330134212593,0.0006984211206436137,0.002324101417710462,0.006289106607437122,0.00802363275788205
100,150,0.2839733585715294,0.09990942668511699,0.2870372428894043,0.10085960931532062,0.003063884317874904,0.003598374524255085,0.004349966287612922,0.007958162130968014
100,200,0.28543229401111603,0.10121774118548847,0.2870307860374451,0.10085911500005196,0.0015984920263290403,0.0037702540972253916,0.0004530788660049301,0.006053180549494174
100,250,0.283768305182457,0.09899376135298991,0.2870307698249817,0.10085920975555802,0.0032624646425247206,0.0035353267070842493,0.006599562287330635,0.005759891401902677
100,300,0.28325250297784804,0.09927424468147687,0.287030770778656,0.10085921443646366,0.003778267800807958,0.0037919286847730997,0.006056588649749767,0.005072199361734331
500,0,0.3888272387640817,0.10884196034956425,0.39067481803894044,0.10725612819180268,0.001847579274858735,0.0015858321577615728,0.004858241694314147,0.008083393110752105
500,10,0.29798189997673036,0.10161333037124427,0.3004932395935059,0.09965944999315113,0.0025113396167755044,0.001994794966628928,0.0059136374235153055,0.004814294591196061
500,100,0.28662309838192807,0.09821938493274611,0.2893994621276855,0.09639318500126273,0.0027763637457575096,0.002026731492980292,0.005711190727778875,0.005229488361767265
500,150,0.286636458337307,0.0983364765524711,0.28931161346435547,0.0963716898429572,0.0026751551270484926,0.0022031338116771594,0.005809646555355624,0.005683086161796959
500,200,0.2866587604795184,0.09837442638880456,0.2893059526443481,0.09636884154888398,0.002647192164829798,0.002092358269492284,0.005794638746125347,0.005634513466466034
500,250,0.2864996886679104,0.09851428851796647,0.28930588092803955,0.09636882580883395,0.0028061922601291174,0.002214018368406881,0.0059142472471509725,0.0054183929382839715
500,300,0.2865447099719729,0.09834410164770928,0.2893058805465698,0.096368825452587,0.002761170574596941,0.002076248374778519,0.005651145356042048,0.004951012562203789
1000,0,0.3896808753410975,0.10788488268910415,0.39083919382095333,0.10996812683917367,0.001158318479855841,0.002083244150069511,0.0011902390321096301,0.0015746623437734272
1000,10,0.3005228266119957,0.09970426348623919,0.3020346133232117,0.10079185563834622,0.0015117867112159704,0.0012161938832131883,0.002117743062973021,0.0013411646785151928
1000,100,0.2883117411533992,0.09710843836121681,0.2900474741458893,0.09832146051177816,0.0017357329924901326,0.0013061351495805406,0.0024611797491709496,0.0011433307398038906
1000,150,0.2883446199695269,0.097334920601706,0.2899556505680084,0.09830058787184022,0.0016110305984814916,0.0011361951585527495,0.0022999773104985244,0.0012077851395505077
1000,200,0.28833239336808525,0.09726463685000908,0.2899507344722748,0.09829717360310523,0.0016183411041895469,0.0011465798693530366,0.0021378366788228466,0.001172931638924229
1000,250,0.28841943591833114,0.09722803498298037,0.2899505691051483,0.09829703813654068,0.001531133186817174,0.00116069218372469,0.002350405828158042,0.00114936585221775
1000,300,0.2883408948779106,0.09724890628560107,0.28995057349205017,0.09829704096496744,0.0016096786141395537,0.0012193277805910144,0.0022750591278076215,0.0012814840943074707
