step,train_error,val_error,test_error,gap,val_error_raw,test_error_raw,gap_raw,seed,K,m1,eta_mode
0,0.3554829001426697,0.3087427616119385,0.3087604522705078,1.7690658569324835e-05,0.7237437963485718,0.7284817695617676,0.004737973213195801,100,300,100,exp
10,0.33080052137374877,0.256158709526062,0.25860994338989257,0.0024512338638305597,0.5959166288375854,0.5909796905517578,-0.004936938285827641,100,300,100,exp
100,0.32558462023735046,0.22590991854667664,0.2253027629852295,-0.0006071555614471369,0.511247456073761,0.5048447799682617,-0.006402676105499272,100,300,100,exp
150,0.323920875787735,0.2245093286037445,0.22513375282287598,0.0006244242191314753,0.5038896799087524,0.5044186782836914,0.000528998374938916,100,300,100,exp
200,0.3242847681045532,0.2236991822719574,0.22512060165405273,0.0014214193820953347,0.5035069584846497,0.5043852996826171,0.0008783411979674804,100,300,100,exp
250,0.32358633279800414,0.22286377847194672,0.22512017250061034,0.002256394028663622,0.5040587186813354,0.5043841743469238,0.00032545566558839223,100,300,100,exp
300,0.32227270007133485,0.22523069381713867,0.22512015342712402,-0.00011054039001465177,0.5019028186798096,0.5043841552734375,0.0024813365936279252,100,300,100,exp
10,0.3294969916343689,0.20771464705467224,0.2137122106552124,0.005997563600540157,0.47397568821907043,0.47598934173583984,0.002013653516769409,100,300,100,exp
100,0.3395186960697174,0.20158696174621582,0.20333195209503174,0.0017449903488159224,0.43475523591041565,0.4504964256286621,0.01574118971824645,100,300,100,exp
150,0.3407650411128998,0.20577460527420044,0.20322876930236816,-0.0025458359718322776,0.45586368441581726,0.45024450302124025,-0.005619181394577011,100,300,100,exp
200,0.34266443848609923,0.2001892328262329,0.2032242774963379,0.003035044670104986,0.4559731185436249,0.45023374557495116,-0.005739372968673717,100,300,100,exp
250,0.3417766034603119,0.2051199972629547,0.20322434425354005,-0.0018956530094146606,0.443975567817688,0.4502338981628418,0.006258330345153829,100,300,100,exp
300,0.3429837465286255,0.19978731870651245,0.20322434425354005,0.0034370255470276,0.44838404655456543,0.4502338981628418,0.0018498516082763872,100,300,100,exp
10,0.3490172863006592,0.19059857726097107,0.1976822328567505,0.00708365559577942,0.42786073684692383,0.43690513610839843,0.0090443992614746,100,300,100,exp
100,0.3661264479160309,0.1861717700958252,0.1911160182952881,0.004944248199462903,0.41323786973953247,0.42119895935058593,0.007961089611053462,100,300,100,exp
150,0.3663542151451111,0.18833757936954498,0.19105248928070068,0.002714909911155694,0.4193865656852722,0.42104764938354494,0.001661083698272725,100,300,100,exp
200,0.36433025598526003,0.1850064992904663,0.19104748249053954,0.0060409832000732355,0.4097292423248291,0.42103546142578124,0.011306219100952142,100,300,100,exp
250,0.36512712240219114,0.18442100286483765,0.19104758262634278,0.00662657976150513,0.414324551820755,0.4210357570648193,0.006711205244064322,100,300,100,exp
300,0.36808923482894895,0.18723416328430176,0.19104758262634278,0.003813419342041019,0.41965505480766296,0.4210357570648193,0.0013807022571563632,100,300,100,exp
10,0.3767828047275543,0.18688474595546722,0.1868816137313843,-3.132224082935675e-06,0.4071682095527649,0.41123104095458984,0.004062831401824951,100,300,100,exp
100,0.39214250445365906,0.18132582306861877,0.18092817306518555,-0.0003976500034332253,0.37803512811660767,0.39721527099609377,0.019180142879486106,100,300,100,exp
150,0.3922369539737701,0.17980065941810608,0.1808763027191162,0.0010756433010101207,0.39180731773376465,0.397094144821167,0.005286827087402357,100,300,100,exp
200,0.3940589427947998,0.1810082495212555,0.18087327003479003,-0.00013497948646545854,0.3984304368495941,0.3970870304107666,-0.0013434064388275213,100,300,100,exp
250,0.39388315081596376,0.17827516794204712,0.1808729076385498,0.0025977396965026767,0.3761466145515442,0.397086124420166,0.02093950986862181,100,300,100,exp
300,0.3938069522380829,0.1755695641040802,0.1808729076385498,0.005303343534469596,0.3824554681777954,0.39708614349365234,0.014630675315856934,100,300,100,exp
10,0.40211427211761475,0.18064023554325104,0.1767685270309448,-0.0038717085123062267,0.393643319606781,0.3875373649597168,-0.0061059546470642045,100,300,100,exp
100,0.420471066236496,0.16984009742736816,0.17088436126708983,0.0010442638397216708,0.3724065124988556,0.3738498878479004,0.0014433753490448176,100,300,100,exp
150,0.419299578666687,0.16251778602600098,0.17082329273223876,0.00830550670623778,0.35117390751838684,0.37370637893676756,0.022532471418380717,100,300,100,exp
200,0.41799790859222413,0.16985198855400085,0.17081507682800293,0.0009630882740020719,0.3782760798931122,0.373687105178833,-0.004588974714279159,100,300,100,exp
250,0.4192970931529999,0.17213113605976105,0.1708150053024292,-0.0013161307573318348,0.37027138471603394,0.3736869335174561,0.0034155488014221413,100,300,100,exp
300,0.4220780074596405,0.16988705098628998,0.1708150053024292,0.0009279543161392345,0.36218586564064026,0.3736869335174561,0.011501067876815818,100,300,100,exp
0,0.4904630720615387,0.46742525696754456,0.47081344604492187,0.0033881890773773127,0.6679900288581848,0.6754863357543945,0.007496306896209726,101,300,100,exp
10,0.48679944276809695,0.4443509578704834,0.44885604858398437,0.00450509071350097,0.6438300609588623,0.6505137825012207,0.006683721542358412,101,300,100,exp
100,0.4815906763076782,0.4242374897003174,0.4241188907623291,-0.00011859893798826793,0.6149846315383911,0.6214888000488281,0.006504168510437003,101,300,100,exp
150,0.4802089333534241,0.4147717356681824,0.42393707275390624,0.009165337085723868,0.6131998300552368,0.6212738037109375,0.008073973655700728,101,300,100,exp
200,0.47712355852127075,0.4201889932155609,0.4239244174957275,0.0037354242801665993,0.6260621547698975,0.6212588119506836,-0.004803342819213907,101,300,100,exp
250,0.4805719792842865,0.4164411127567291,0.4239241600036621,0.0074830472469329945,0.6150757670402527,0.6212585258483887,0.006182758808136013,101,300,100,exp
300,0.47800167202949523,0.4118022918701172,0.4239241600036621,0.012121868133544933,0.6133501529693604,0.6212585258483887,0.007908372879028347,101,300,100,exp
10,0.47756833434104917,0.4070732891559601,0.4101865768432617,0.0031132876873016246,0.6019205451011658,0.6052602195739746,0.003339674472808807,101,300,100,exp
100,0.48205907344818116,0.391113817691803,0.39441781997680664,0.00330400228500366,0.5729655027389526,0.5862968826293945,0.013331379890441863,101,300,100,exp
150,0.481092643737793,0.3930290639400482,0.3942775917053223,0.0012485277652740656,0.5895214080810547,0.5861271667480469,-0.003394241333007808,101,300,100,exp
200,0.48176965713500974,0.3921135663986206,0.3942704772949219,0.0021569108963012673,0.578274130821228,0.5861184692382813,0.007844338417053232,101,300,100,exp
250,0.4781262993812561,0.3863828182220459,0.3942707538604736,0.007887935638427712,0.5784304738044739,0.5861187744140625,0.007688300609588583,101,300,100,exp
300,0.47914695739746094,0.3866810202598572,0.39427078247070313,0.007589762210845952,0.576089084148407,0.5861188125610352,0.01002972841262817,101,300,100,exp
10,0.48375784754753115,0.3839179277420044,0.38515103340148926,0.0012331056594848677,0.5721534490585327,0.57531494140625,0.003161492347717232,101,300,100,exp
100,0.48622762560844424,0.37753576040267944,0.3740566825866699,-0.003479077816009535,0.5622334480285645,0.5617134475708008,-0.0005200004577636808,101,300,100,exp
150,0.4888196408748627,0.3727216422557831,0.3739431762695313,0.0012215340137481934,0.551453709602356,0.561573600769043,0.01011989116668699,101,300,100,exp
200,0.493415504693985,0.3675524592399597,0.3739346981048584,0.006382238864898693,0.5595097541809082,0.5615630912780761,0.0020533370971679288,101,300,100,exp
250,0.48688088059425355,0.37383049726486206,0.37393468856811524,0.00010419130325317605,0.5549088716506958,0.5615630722045899,0.006654200553894096,101,300,100,exp
300,0.48776660561561586,0.37189143896102905,0.37393468856811524,0.002043249607086184,0.5626563429832458,0.5615630722045899,-0.0010932707786559526,101,300,100,exp
10,0.4952692151069641,0.3599778413772583,0.36743062019348144,0.007452778816223138,0.5505414605140686,0.5537589836120606,0.003217523097991948,101,300,100,exp
100,0.5008431911468506,0.35835498571395874,0.3594034767150879,0.001048491001129137,0.5380573868751526,0.543759536743164,0.00570214986801143,101,300,100,exp
150,0.5022295475006103,0.3549045920372009,0.3593187046051025,0.004414112567901585,0.5420116186141968,0.5436533927917481,0.0016417741775512917,101,300,100,exp
200,0.5101141035556793,0.365995317697525,0.3593172073364258,-0.006678110361099221,0.5388038158416748,0.5436514854431153,0.004847669601440452,101,300,100,exp
250,0.5019122064113617,0.35457026958465576,0.3593174171447754,0.0047471475601196245,0.5360338687896729,0.5436517143249512,0.007617845535278334,101,300,100,exp
300,0.5033670604228974,0.3594990372657776,0.3593174171447754,-0.0001816201210022017,0.5393984317779541,0.5436517143249512,0.004253282546997084,101,300,100,exp
10,0.5130075693130494,0.3540254831314087,0.35425092697143556,0.00022544384002687323,0.5391181707382202,0.5375010299682618,-0.0016171407699584472,101,300,100,exp
100,0.5197201490402221,0.3483363687992096,0.3478370666503906,-0.0004993021488189919,0.5294482707977295,0.5293985176086425,-4.975318908695403e-05,101,300,100,exp
150,0.5203861236572266,0.3433665931224823,0.34778127670288084,0.004414683580398537,0.5266602039337158,0.5293282699584961,0.0026680660247803134,101,300,100,exp
200,0.5201788902282715,0.34871745109558105,0.34778035163879395,-0.0009370994567871049,0.535251259803772,0.5293272399902343,-0.005924019813537629,101,300,100,exp
250,0.5195235013961792,0.3436472713947296,0.3477806663513184,0.004133394956588765,0.5291251540184021,0.5293276214599609,0.000202467441558829,101,300,100,exp
300,0.5217767477035522,0.34494245052337646,0.3477806663513184,0.0028382158279419145,0.5217034816741943,0.5293276214599609,0.007624139785766593,101,300,100,exp
0,0.3554829001426697,0.3118643505232675,0.31483328247070314,0.002968931947435638,0.735652506351471,0.7462265701293945,0.010574063777923581,100,300,500,exp
10,0.3280223608016968,0.25876506311552866,0.26234629821777344,0.003581235102244784,0.5929945366723197,0.6012017974853515,0.008207260813031803,100,300,500,exp
100,0.32383676171302794,0.22739560902118683,0.23076832580566406,0.003372716784477231,0.5096699467727116,0.5190360527038574,0.00936610593114584,100,300,500,exp
150,0.32213006615638734,0.2271891747202192,0.23054851913452148,0.0033593444143022733,0.5095035093171256,0.5184769973754882,0.008973488058362622,100,300,500,exp
200,0.3224998891353607,0.22699921045984542,0.23053716087341308,0.0035379504135676643,0.5104556977748871,0.5184480705261231,0.007992372751235988,100,300,500,exp
250,0.32178478240966796,0.22615642632756913,0.23053684043884276,0.004380414111273628,0.5098944050925118,0.5184472579956054,0.0085528529030936,100,300,500,exp
300,0.32048938870429994,0.22666881552764348,0.23053684043884276,0.0038680249111992804,0.5101428585393089,0.518447250366211,0.008304391826902124,100,300,500,exp
10,0.32814533114433286,0.21650516135352,0.2199421329498291,0.0034369715963090963,0.484672840152468,0.49190224075317385,0.007229400600705871,100,300,500,exp
100,0.3381973147392273,0.20753636743341172,0.21014612579345704,0.0026097583600453167,0.45719107559749056,0.46767636489868164,0.01048528930119108,100,300,500,exp
150,0.3394851803779602,0.20614974626473018,0.21009460639953614,0.003944860134805966,0.46065376486097065,0.4675513572692871,0.006897592408316444,100,300,500,exp
200,0.3413545787334442,0.20493681941713607,0.21009022521972656,0.005153405802590494,0.4565884641238621,0.46754056167602537,0.010952097552163254,100,300,500,exp
250,0.3405094563961029,0.20540565039430345,0.21009012031555177,0.004684469921248324,0.45809478419167654,0.4675403022766113,0.009445518084934768,100,300,500,exp
300,0.3416999399662018,0.20700606916631972,0.21009012031555177,0.0030840511492320477,0.4600321224757603,0.4675403060913086,0.007508183615548281,100,300,500,exp
10,0.3434693455696106,0.19592084842068808,0.20071049880981445,0.004789650389126376,0.43379186732428415,0.444574462890625,0.010782595566340869,100,300,500,exp
100,0.36289851665496825,0.1923591856445585,0.19698527336120605,0.004626087716647548,0.42485728434153963,0.43579791259765627,0.010940628256116636,100,300,500,exp
150,0.3631527185440063,0.19167563957827433,0.1969381580352783,0.005262518457003984,0.4255025386810303,0.43568556213378906,0.010183023452758788,100,300,500,exp
200,0.3611522316932678,0.19216343121869223,0.19694011306762696,0.004776681848934733,0.4281947612762451,0.4356904602050781,0.007495698928833006,100,300,500,exp
250,0.36191579699516296,0.1913652526480811,0.1969400291442871,0.0055747764962059965,0.4241314785821097,0.4356902656555176,0.011558787073407906,100,300,500,exp
300,0.3648872673511505,0.19279385251658304,0.19694002532958985,0.004146172813006804,0.42480596899986267,0.4356902618408203,0.010884292840957654,100,300,500,exp
10,0.3744028151035309,0.18979514709540776,0.19391873741149904,0.004123590316091275,0.41827655264309477,0.4286268882751465,0.010350335632051733,100,300,500,exp
100,0.39004744291305543,0.18247300812176295,0.1887906131744385,0.0063176050526755345,0.4049266278743744,0.4165300140380859,0.011603386163711538,100,300,500,exp
150,0.3901435315608978,0.18378616443702153,0.18873625564575194,0.004950091208730412,0.40259330187525066,0.41640088653564455,0.01380758466039389,100,300,500,exp
200,0.3919711887836456,0.18431146442890167,0.18873262214660644,0.004421157717704766,0.403806345803397,0.41639229202270506,0.01258594621930803,100,300,500,exp
250,0.39178491234779356,0.183982253074646,0.18873265838623046,0.004750405311584466,0.4023719642843519,0.4163924026489258,0.014020438364573895,100,300,500,exp
300,0.39171976447105405,0.18270845711231232,0.18873265838623046,0.006024201273918145,0.40452576535088675,0.41639239501953124,0.01186662966864449,100,300,500,exp
10,0.3930330812931061,0.1733989076954978,0.17868140029907226,0.005282492603574468,0.37827278460775104,0.3922796401977539,0.014006855590002865,100,300,500,exp
100,0.415696507692337,0.17206729735646928,0.17724883651733397,0.0051815391608646955,0.3785697306905474,0.38929966735839844,0.010729936667851048,100,300,500,exp
150,0.41451469659805296,0.17185774445533752,0.17721513366699218,0.005357389211654656,0.37520205123083933,0.3892227783203125,0.014020727089473162,100,300,500,exp
200,0.4131975591182709,0.17228797503880092,0.17721405220031738,0.004926077161516468,0.3749699592590332,0.38922058486938477,0.014250625610351564,100,300,500,exp
250,0.41452781558036805,0.1722049776996885,0.17721417045593263,0.0050091927562441185,0.37884014419146944,0.3892208709716797,0.010380726780210237,100,300,500,exp
300,0.4172932505607605,0.17168637684413365,0.17721417427062988,0.005527797426496228,0.37743829829352243,0.38922087478637696,0.011782576492854524,100,300,500,exp
0,0.4904630720615387,0.4657901270048959,0.46651635360717775,0.000726226602281832,0.6712947828429086,0.6704372024536133,-0.0008575803892952871,101,300,500,exp
10,0.4854277610778809,0.443987637758255,0.4436922378540039,-0.0002953999042510924,0.6425548110689435,0.644396957397461,0.0018421463285174244,101,300,500,exp
100,0.48028954267501833,0.4193031106676374,0.4203410873413086,0.0010379766736711704,0.6160925967352731,0.6169341430664063,0.0008415463311332028,101,300,500,exp
150,0.47889437675476076,0.4191895382744925,0.4201339530944824,0.0009444148199899138,0.6161237273897443,0.6166886405944825,0.0005649132047381711,101,300,500,exp
200,0.47582144737243653,0.4191510932786124,0.4201239166259766,0.0009728233473642045,0.6181754129273551,0.6166767234802246,-0.0014986894471304968,101,300,500,exp
250,0.4792745471000671,0.41968962975910734,0.4201238250732422,0.00043419531413485535,0.6167789697647095,0.6166766204833984,-0.0001023492813110316,101,300,500,exp
300,0.4766938328742981,0.4201761228697641,0.4201238250732422,-5.229779652188293e-05,0.6174174206597465,0.6166766242980957,-0.0007407963616508084,101,300,500,exp
10,0.4763444662094116,0.4070578558104379,0.4072777557373047,0.0002198999268667734,0.5994311230523246,0.6016887817382812,0.0022576586859566206,101,300,500,exp
100,0.4808019518852234,0.391975462436676,0.3926067199707031,0.0006312575340270965,0.5835254192352295,0.584029712677002,0.0005042934417724965,101,300,500,exp
150,0.47985213398933413,0.3901021310261318,0.3925090980529785,0.002406967026846729,0.5843415771211896,0.583911376953125,-0.0004302001680646095,101,300,500,exp
200,0.4805319905281067,0.39208149909973145,0.3924934043884277,0.0004119052886962793,0.5832611322402954,0.5838924255371094,0.000631293296813995,101,300,500,exp
250,0.47687157392501833,0.391366856438773,0.3924934120178223,0.001126555579049282,0.5833731974874224,0.5838924293518066,0.0005192318643841842,101,300,500,exp
300,0.47793097496032716,0.3915978457246508,0.3924934158325195,0.0008955701078687262,0.5833989637238639,0.5838924293518066,0.0004934656279427241,101,300,500,exp
10,0.48035494685173036,0.38080012798309326,0.3813161926269531,0.0005160646438598371,0.570696200643267,0.5706023025512695,-9.389809199744636e-05,101,300,500,exp
100,0.4832009732723236,0.3710146588938577,0.37160879516601564,0.0005941362721579302,0.5587003571646554,0.5586864013671875,-1.395579746787945e-05,101,300,500,exp
150,0.48574992418289187,0.37205584560121807,0.37153985595703126,-0.0005159896441868095,0.558111812387194,0.558601303100586,0.0004894907133919935,101,300,500,exp
200,0.4903130292892456,0.3709436229297093,0.3715354843139648,0.0005918613842555431,0.5575318421636309,0.5585959167480469,0.0010640745844159305,101,300,500,exp
250,0.4838374614715576,0.37074823464666096,0.3715353355407715,0.0007871008941105484,0.5589817336627415,0.5585957260131836,-0.0003860076495578735,101,300,500,exp
300,0.48469679355621337,0.37024466480527607,0.37153532791137694,0.0012906631061008755,0.5552983794893537,0.5585957412719726,0.0032973617826189683,101,300,500,exp
10,0.49258801341056824,0.3644554913043976,0.3661151885986328,0.0016596972942352073,0.5501651508467538,0.5521031188964843,0.0019379680497305651,101,300,500,exp
100,0.4982959508895874,0.3572724972452436,0.3592136077880859,0.0019411105428422948,0.542765234197889,0.5435069618225098,0.0007417276246207694,101,300,500,exp
150,0.49970842003822324,0.3586952728884561,0.3591529769897461,0.0004577041012899796,0.5426326564380101,0.5434312286376953,0.0007985721996852657,101,300,500,exp
200,0.5076294302940368,0.3589789399078914,0.35914962768554687,0.00017068777765544274,0.542955355984824,0.5434270248413086,0.0004716688564845306,101,300,500,exp
250,0.4994691550731659,0.35832827006067547,0.3591495628356934,0.0008212927750179122,0.5408513971737453,0.5434269332885742,0.002575536114828858,101,300,500,exp
300,0.5008657991886138,0.3579069418566568,0.3591495628356934,0.0012426209790366016,0.5418678862707955,0.5434269409179687,0.001559054647173208,101,300,500,exp
10,0.5070542335510254,0.3491327592304775,0.3509319534301758,0.0017991941996983174,0.530776424067361,0.5333924751281738,0.002616051060812752,101,300,500,exp
100,0.5145549058914185,0.3448337869984763,0.34628523635864256,0.0014514493601662792,0.5255853874342782,0.5274983367919922,0.0019129493577140222,101,300,500,exp
150,0.515216338634491,0.34566332612718853,0.34624757766723635,0.0005842515400478199,0.5246590205601284,0.5274502944946289,0.0027912739345005155,101,300,500,exp
200,0.5150741815567017,0.3447335490158626,0.346242919921875,0.001509370906012386,0.5234431283814567,0.5274444274902343,0.004001299108777667,101,300,500,exp
250,0.5143013238906861,0.3457493356295994,0.34624285507202146,0.0004935194424220413,0.5248666320528302,0.5274443702697754,0.00257773821694518,101,300,500,exp
300,0.5165071368217469,0.3446579532963889,0.34624285507202146,0.0015849017756325856,0.5258880768503461,0.5274443702697754,0.001556293419429311,101,300,500,exp
0,0.3554829001426697,0.3133947432041168,0.3130799856185913,-0.0003147575855255158,0.7411017775535583,0.7411785621643067,7.67846107483372e-05,100,300,1000,exp
10,0.3268484830856323,0.25958038965861,0.25950766944885256,-7.272020975745974e-05,0.5940677642822265,0.5936234531402588,-0.0004443111419677459,100,300,1000,exp
100,0.32183038592338564,0.2273497611284256,0.2272844467163086,-6.531441211699018e-05,0.509563950697581,0.5101028327941894,0.0005388820966084618,100,300,1000,exp
150,0.3201827883720398,0.22727300624052685,0.2271305389404297,-0.0001424673000971488,0.5090395410855612,0.509713861465454,0.0006743203798929009,100,300,1000,exp
200,0.3205448567867279,0.2268730749686559,0.22712123584747315,0.00024816087881723847,0.5093624313672384,0.5096903553009033,0.0003279239336649864,100,300,1000,exp
250,0.31983118653297427,0.22697542111078897,0.22712076473236084,0.00014534362157186953,0.5089250981807709,0.5096891574859619,0.0007640593051909672,100,300,1000,exp
300,0.31854571104049684,0.22718593974908194,0.22712076377868654,-6.517597039540357e-05,0.5100949923197429,0.5096891498565674,-0.00040584246317543204,100,300,1000,exp
10,0.3264978647232056,0.21632329026858013,0.2168247604370117,0.0005014701684315781,0.4833577255407969,0.4839978256225586,0.0006401000817616853,100,300,1000,exp
100,0.3369035363197327,0.20682118932406107,0.20735110092163087,0.0005299115975697932,0.4600565433502197,0.46064870071411135,0.0005921573638916211,100,300,1000,exp
150,0.3381647884845734,0.20688618421554567,0.20726461791992187,0.0003784337043762076,0.45990049044291176,0.46043686866760253,0.00053637822469077,100,300,1000,exp
200,0.3400168180465698,0.2069301962852478,0.20726224327087403,0.00033204698562622204,0.45967618823051454,0.46043120765686035,0.0007550194263458154,100,300,1000,exp
250,0.3392129778862,0.20645848910013834,0.20726222896575927,0.0008037398656209338,0.45927319725354515,0.4604311828613281,0.0011579856077829631,100,300,1000,exp
300,0.3403851270675659,0.20714479784170786,0.20726223182678222,0.00011743398507435554,0.4597051242987315,0.4604311828613281,0.0007260585625966098,100,300,1000,exp
10,0.3465277910232544,0.20199947953224182,0.2022081117630005,0.00020863223075867632,0.4471923470497131,0.4482307567596436,0.0010384097099304657,100,300,1000,exp
100,0.3637105107307434,0.1958750903606415,0.19629143047332764,0.00041634011268615323,0.43153114914894103,0.4340329513549805,0.0025018022060394607,100,300,1000,exp
150,0.3639503061771393,0.1956232398748398,0.19622676753997803,0.0006035276651382426,0.43238301078478497,0.4338776359558105,0.0014946251710255543,100,300,1000,exp
200,0.36194772720336915,0.19583572347958883,0.1962240023612976,0.0003882788817087812,0.432759290933609,0.43387110328674316,0.0011118123531341784,100,300,1000,exp
250,0.36270278692245483,0.1961197813351949,0.19622407150268556,0.00010429016749066711,0.43304226398468015,0.433871280670166,0.0008290166854858505,100,300,1000,exp
300,0.3656739056110382,0.19588420887788136,0.19622407054901123,0.00033986167112987076,0.43253273765246075,0.433871280670166,0.0013385430177052515,100,300,1000,exp
10,0.3747514009475708,0.19202625453472139,0.19271858882904053,0.0006923342943191413,0.42306652863820393,0.42562088966369627,0.0025543610254923355,100,300,1000,exp
100,0.39002683758735657,0.1862303376197815,0.18722648572921752,0.000996148109436018,0.4104832927385966,0.41263763427734373,0.002154341538747162,100,300,1000,exp
150,0.3901292085647583,0.1862976908683777,0.1871770567893982,0.0008793659210205029,0.41118501822153725,0.4125210304260254,0.0013360122044881462,100,300,1000,exp
200,0.3919621706008911,0.18671344618002575,0.18717936992645265,0.0004659237464268995,0.4107643206914266,0.41252688598632814,0.0017625652949015413,100,300,1000,exp
250,0.391781085729599,0.18634816606839497,0.18717926025390624,0.0008310941855112775,0.41039383014043174,0.4125266284942627,0.002132798353830956,100,300,1000,exp
300,0.3917137861251831,0.1860141823689143,0.18717926216125488,0.0011650797923405953,0.4098678708076477,0.41252663612365725,0.0026587653160095592,100,300,1000,exp
10,0.39991379976272584,0.18271841208140055,0.18333794784545898,0.000619535764058432,0.4018903871377309,0.40353778648376465,0.001647399346033751,100,300,1000,exp
100,0.41828117370605467,0.1771531711022059,0.17792019462585448,0.0007670235236485745,0.38847473661104837,0.3908805332183838,0.0024057966073354198,100,300,1000,exp
150,0.4170898199081421,0.17660091817378998,0.17787364387512208,0.0012727257013321058,0.3886045495669047,0.3907727279663086,0.002168178399403864,100,300,1000,exp
200,0.4157789468765259,0.17625882625579833,0.17787444972991942,0.0016156234741210862,0.38920911550521853,0.39077494049072264,0.0015658249855041162,100,300,1000,exp
250,0.4170895040035248,0.17735248704751333,0.17787449598312377,0.0005220089356104407,0.3887277623017629,0.3907750654220581,0.002047303120295163,100,300,1000,exp
300,0.41986149549484253,0.17679503858089446,0.17787450075149536,0.0010794621706008978,0.3876274267832438,0.39077506732940676,0.0031476405461629553,100,300,1000,exp
0,0.4904630720615387,0.46596700747807823,0.46859840202331543,0.002631394545237198,0.670516832669576,0.6728205261230469,0.002303693453470923,101,300,1000,exp
10,0.4849799335002899,0.44278760155042013,0.4452759132385254,0.0024883116881052603,0.6430522282918294,0.6462554359436035,0.003203207651774065,101,300,1000,exp
100,0.47929813265800475,0.4182559470335642,0.4213953800201416,0.003139432986577373,0.6142323017120361,0.6181966361999511,0.003964334487915,101,300,1000,exp
150,0.4779197871685028,0.4188152352968852,0.42122023963928223,0.0024050043423970435,0.6149700164794922,0.617989086151123,0.003019069671630792,101,300,1000,exp
200,0.4748478591442108,0.4181772112846375,0.4212102108001709,0.00303299951553343,0.6148490150769551,0.6179772281646728,0.0031282130877177128,101,300,1000,exp
250,0.4782993793487549,0.41863136092821757,0.42120928382873535,0.0025779229005177817,0.6152081370353699,0.6179761352539063,0.0027679982185363494,101,300,1000,exp
300,0.4757180094718933,0.4186990817387899,0.42120928955078124,0.0025102078119913496,0.6151794155438741,0.6179761486053467,0.002796733061472545,101,300,1000,exp
10,0.4753021478652954,0.4055711587270101,0.408375244140625,0.0028040854136148763,0.6001572012901306,0.6030163192749023,0.0028591179847716752,101,300,1000,exp
100,0.47980756163597105,0.3911611378192902,0.3938248500823975,0.0026637122631072985,0.5825374046961467,0.5855163154602051,0.002978910764058429,101,300,1000,exp
150,0.4788299918174744,0.39133782386779786,0.39371110916137697,0.0023732852935791082,0.5817797938982646,0.5853786468505859,0.0035988529523213186,101,300,1000,exp
200,0.4795124590396881,0.39083099563916524,0.39369793033599854,0.002866934696833301,0.582232121626536,0.5853627262115478,0.003130604585011798,101,300,1000,exp
250,0.47582889795303346,0.3907950480779012,0.3936976261138916,0.0029025780359903663,0.5820043245951335,0.5853623657226562,0.003358041127522693,101,300,1000,exp
300,0.47692863941192626,0.39100847840309144,0.3936976318359375,0.0026891534328460365,0.5822765429814657,0.5853623580932618,0.003085815111796064,101,300,1000,exp
10,0.4815025568008423,0.38267826835314434,0.3852071752548218,0.0025289069016774524,0.5722126007080078,0.5753067226409913,0.003094121932983418,101,300,1000,exp
100,0.4840925931930542,0.3721736530462901,0.37521006107330324,0.00303640802701316,0.560254697004954,0.5630708026885987,0.002816105683644654,101,300,1000,exp
150,0.4866430997848511,0.37244243423144024,0.3751246109008789,0.0026821766694386517,0.5595248977343241,0.5629657249450684,0.003440827210744235,101,300,1000,exp
200,0.4911970555782318,0.3727828105290731,0.37512066268920896,0.002337852160135878,0.5600769559542338,0.5629608612060547,0.0028839052518209174,101,300,1000,exp
250,0.4847104728221893,0.373119181394577,0.3751204881668091,0.002001306772232092,0.5597564419110616,0.5629606647491455,0.00320422283808397,101,300,1000,exp
300,0.4855797827243805,0.37276058197021483,0.3751205062866211,0.0023599243164062478,0.5599928498268127,0.5629606723785401,0.0029678225517273393,101,300,1000,exp
10,0.49323607683181764,0.3663659195105235,0.3693979549407959,0.0030320354302724173,0.5523622194925945,0.5561145057678223,0.003752286275227834,101,300,1000,exp
100,0.49875858426094055,0.3591971814632416,0.36223741149902344,0.0030402300357818546,0.5434962232907613,0.5472229728698731,0.0037267495791117877,101,300,1000,exp
150,0.5001674771308899,0.3594654460748037,0.36216561317443846,0.002700167099634776,0.543806544939677,0.5471335792541504,0.0033270343144734538,101,300,1000,exp
200,0.5080886602401733,0.3596637050310771,0.3621605243682861,0.002496819337209022,0.544071892897288,0.5471272354125977,0.0030553425153097002,101,300,1000,exp
250,0.4999228954315186,0.35917847156524657,0.3621608638763428,0.0029823923110962047,0.5439234813054402,0.5471276512145996,0.0032041699091593934,101,300,1000,exp
300,0.5013164758682251,0.3589620331923167,0.3621608657836914,0.0031988325913747118,0.5435772577921549,0.5471276531219482,0.0035503953297932878,101,300,1000,exp
10,0.5109489321708679,0.35517749190330505,0.3574927673339844,0.002315275430679331,0.5386427680651347,0.5414755058288574,0.002832737763722726,101,300,1000,exp
100,0.5174819946289062,0.3488999426364899,0.35173338031768797,0.002833437681198092,0.5312993804613749,0.5342320976257324,0.002932717164357501,101,300,1000,exp
150,0.5181400537490845,0.3487042208512624,0.35166230773925783,0.002958086887995426,0.5307382504145305,0.5341427249908447,0.0034044745763142092,101,300,1000,exp
200,0.5179811716079712,0.3492579440275828,0.3516567153930664,0.0023987713654836096,0.530478588740031,0.5341357440948487,0.0036571553548176983,101,300,1000,exp
250,0.5172354817390442,0.34921595255533855,0.35165660762786866,0.002440655072530107,0.5300971150398255,0.5341355781555176,0.004038463115692115,101,300,1000,exp
300,0.5194590210914611,0.34895460605621337,0.35165661239624024,0.0027020063400268746,0.5312509179115296,0.5341355781555176,0.0028846602439880353,101,300,1000,exp
