step,train_error,val_error,test_error,gap,val_error_raw,test_error_raw,gap_raw,seed,K,m1,eta_mode,eta_name
0,0.3554829001426697,0.2988330055685604,0.29866504669189453,-0.0001679588766658746,0.6996020148782169,0.6992763631484088,-0.0003256517298081407,100,1,,fixed,Fixed
10,0.32948694825172425,0.24434168198529413,0.24438883276546702,4.715078017289431e-05,0.5551241706399357,0.5553294350119198,0.00020526437198409297,100,1,,fixed,Fixed
20,0.3206541478633881,0.22451849544749541,0.22466167281655705,0.0001431773690616367,0.5056538301355699,0.5060818055096794,0.000427975374109546,100,1,,fixed,Fixed
30,0.31863210797309877,0.21550428166108973,0.21575296626371496,0.0002486846026252265,0.48413803998161764,0.48482614405014934,0.000688104068531703,100,1,,fixed,Fixed
40,0.31781676411628723,0.21040253078236298,0.21070648642147288,0.00030395563910989853,0.4725055694580078,0.4733283659991096,0.000822796541101789,100,1,,fixed,Fixed
50,0.3168576419353485,0.20748452579273896,0.20783310778000774,0.0003485819872687812,0.4663741728838752,0.4673105969148524,0.0009364240309771565,100,1,,fixed,Fixed
60,0.31795122027397155,0.20566990796257467,0.20602020095376408,0.0003502929911894104,0.4630008585312787,0.4639430326573989,0.0009421741261201877,100,1,,fixed,Fixed
70,0.3150933086872101,0.2043597277473001,0.20471614949843464,0.0003564217511345391,0.4608765209422392,0.4618368709788603,0.0009603500366210938,100,1,,fixed,Fixed
80,0.313625693321228,0.2034161511589499,0.20377610711490407,0.00035995595595417207,0.45967935113345876,0.46065184649299173,0.0009724953595329766,100,1,,fixed,Fixed
90,0.3121944785118103,0.20261946846457088,0.20299424844629624,0.0003747799817253594,0.4588491495917825,0.45986377491670494,0.0010146253249224135,100,1,,fixed,Fixed
100,0.3123258113861084,0.20197472852819107,0.20235429090612075,0.0003795623779296875,0.4584013714509852,0.45943248973173256,0.0010311182807473673,100,1,,fixed,Fixed
110,0.31084306836128234,0.20141391193165498,0.20179002425249884,0.00037611232084386326,0.4581737237818101,0.45920147615320545,0.0010277523713953518,100,1,,fixed,Fixed
120,0.31077879667282104,0.20089225208058076,0.20126508263980641,0.00037283055922565644,0.45804012522977944,0.4590642872978659,0.001024162068086476,100,1,,fixed,Fixed
130,0.3085315525531769,0.20038754799786737,0.20075440406799316,0.0003668560701257928,0.4579499749576344,0.45896274903241324,0.0010127740747788438,100,1,,fixed,Fixed
140,0.30776973962783816,0.1998940075145048,0.20026420144473805,0.00037019393023324243,0.45789679358987245,0.4589228910558364,0.0010260974659639377,100,1,,fixed,Fixed
150,0.3054537832736969,0.19941550142624798,0.1997842788696289,0.0003687774433809299,0.45787469078512755,0.45890191022087545,0.0010272194357479059,100,1,,fixed,Fixed
160,0.30492580533027647,0.19893679899327896,0.19930442641763127,0.00036762742435231255,0.4578533172607422,0.45888233184814453,0.0010290145874023438,100,1,,fixed,Fixed
170,0.30449647903442384,0.19846466008354635,0.19882899172165813,0.00036433163811178115,0.45785051233628216,0.4588756000294405,0.0010250876931583441,100,1,,fixed,Fixed
180,0.3033381700515747,0.19799058577593634,0.19835306616390452,0.0003624803879681837,0.45784521102905273,0.4588700462790096,0.0010248352499568902,100,1,,fixed,Fixed
190,0.30329803228378294,0.19752112556906307,0.19788143214057474,0.000360306571511676,0.4578436402713551,0.45886752184699564,0.0010238815756405395,100,1,,fixed,Fixed
200,0.3011524438858032,0.19704333473654354,0.1974018601810231,0.0003585254444795627,0.4578428268432617,0.45886673646814685,0.0010239096248851332,100,1,,fixed,Fixed
210,0.3003149151802063,0.19657108362983255,0.19692791209501379,0.00035682846518123035,0.45784176097196694,0.4588659791385426,0.0010242181665756633,100,1,,fixed,Fixed
220,0.2988032937049866,0.19609925326179056,0.19645432864918427,0.0003550753873937107,0.4578414804795209,0.4588657547445858,0.0010242742650649062,100,1,,fixed,Fixed
230,0.29696943163871764,0.19562428137835333,0.19597757563871496,0.00035329426036162515,0.45784131218405333,0.4588656425476074,0.0010243303635540935,100,1,,fixed,Fixed
240,0.29795069098472593,0.19514759849099553,0.19549906955045812,0.0003514710594625936,0.45784128413480873,0.45886558644911823,0.0010243023143094998,100,1,,fixed,Fixed
250,0.2957826733589172,0.1946716869578642,0.19502132079180548,0.000349633833941293,0.4578412560855641,0.4588655023013844,0.0010242462158203125,100,1,,fixed,Fixed
260,0.29377107620239257,0.19419127352097454,0.19453908415401683,0.0003478106330422892,0.4578412280363195,0.4588655023013844,0.0010242742650649062,100,1,,fixed,Fixed
270,0.2937767684459686,0.19371503942153034,0.194060998804429,0.000345959382898664,0.4578415926764993,0.4588657547445858,0.001024162068086476,100,1,,fixed,Fixed
280,0.2932567775249481,0.1932368278503418,0.19358096403234146,0.00034413618199966023,0.4578416207257439,0.4588657547445858,0.0010241340188418824,100,1,,fixed,Fixed
290,0.2903680443763733,0.19275900896857767,0.19310134999892292,0.0003423410303452501,0.4578416207257439,0.4588657547445858,0.0010241340188418824,100,1,,fixed,Fixed
300,0.29185683727264405,0.1922768284292782,0.19261736028334675,0.00034053185406854314,0.4578415926764993,0.4588657547445858,0.001024162068086476,100,1,,fixed,Fixed
310,0.28918054699897766,0.19179879917817957,0.19213752185597138,0.0003387226777918084,0.4578415926764993,0.4588657547445858,0.001024162068086476,100,1,,fixed,Fixed
320,0.28820566534996034,0.1913162680233226,0.1916531675002154,0.00033689947689280464,0.4578415926764993,0.4588657547445858,0.001024162068086476,100,1,,fixed,Fixed
330,0.28727384805679324,0.19083492896136114,0.19116999121273265,0.00033506225137150403,0.4578415926764993,0.4588657547445858,0.001024162068086476,100,1,,fixed,Fixed
340,0.2859089195728302,0.19035830217249253,0.19069158329683192,0.0003332811243393907,0.4578416207257439,0.4588657547445858,0.0010241340188418824,100,1,,fixed,Fixed
350,0.28446232080459594,0.18987666859346278,0.19020812651690314,0.0003314579234403592,0.4578416207257439,0.4588657547445858,0.0010241340188418824,100,1,,fixed,Fixed
360,0.2830325186252594,0.18939298741957722,0.18972265019136317,0.00032966277178594905,0.4578416207257439,0.4588657547445858,0.0010241340188418824,100,1,,fixed,Fixed
370,0.2840577125549316,0.18891498621772318,0.18924285383785472,0.0003278676201315389,0.4578416207257439,0.4588657547445858,0.0010241340188418824,100,1,,fixed,Fixed
380,0.2824541211128235,0.18843605939079733,0.18876213185927448,0.00032607246847715654,0.4578416487749885,0.4588657547445858,0.0010241059695972887,100,1,,fixed,Fixed
390,0.28042452335357665,0.18795337396509507,0.1882776372572955,0.0003242632922004218,0.4578416207257439,0.4588657547445858,0.0010241340188418824,100,1,,fixed,Fixed
400,0.2796524941921234,0.18747420871959014,0.18779667686013615,0.0003224681405460117,0.4578416207257439,0.4588657547445858,0.0010241340188418824,100,1,,fixed,Fixed
410,0.2787045300006866,0.18699323429780848,0.1873139774098116,0.00032074311200311345,0.4578415926764993,0.4588657547445858,0.001024162068086476,100,1,,fixed,Fixed
420,0.2765767931938171,0.186521614299101,0.18684064640718348,0.0003190321080824843,0.4578416207257439,0.4588657547445858,0.0010241340188418824,100,1,,fixed,Fixed
430,0.2772464394569397,0.18605818467981675,0.18637575822718003,0.00031757354736328125,0.4578416207257439,0.4588657547445858,0.0010241340188418824,100,1,,fixed,Fixed
440,0.27578920125961304,0.18559283368727741,0.18590871025534236,0.0003158765680649489,0.4578416207257439,0.4588657547445858,0.0010241340188418824,100,1,,fixed,Fixed
450,0.2742466390132904,0.18512554729686065,0.1854396567625158,0.0003141094656551602,0.4578416207257439,0.4588657547445858,0.0010241340188418824,100,1,,fixed,Fixed
460,0.27295495867729186,0.1846629311056698,0.18497532956740437,0.00031239846173455876,0.4578416207257439,0.4588657547445858,0.0010241340188418824,100,1,,fixed,Fixed
470,0.27281154990196227,0.18419546239516316,0.1845061218037325,0.00031065940856933594,0.4578416487749885,0.4588657547445858,0.0010241059695972887,100,1,,fixed,Fixed
480,0.2700096607208252,0.18372788148767807,0.1840368298923268,0.0003089484046487345,0.4578416207257439,0.4588657547445858,0.0010241340188418824,100,1,,fixed,Fixed
490,0.2697807788848877,0.18326370856341193,0.18357094596414006,0.0003072374007281331,0.4578416207257439,0.4588657547445858,0.0010241340188418824,100,1,,fixed,Fixed
500,0.2704909861087799,0.18279357517466827,0.18309907352223115,0.0003054983475628825,0.4578415926764993,0.4588657547445858,0.001024162068086476,100,1,,fixed,Fixed
510,0.26873900890350344,0.18232985103831573,0.1826336524065803,0.00030380136826457793,0.4578416207257439,0.4588657547445858,0.0010241340188418824,100,1,,fixed,Fixed
520,0.2695618271827698,0.18186140060424805,0.18216344889472513,0.00030204829047708603,0.4578416487749885,0.4588657547445858,0.0010241059695972887,100,1,,fixed,Fixed
530,0.2661564350128174,0.18138919157140396,0.18168951483333812,0.00030032326193416004,0.4578416487749885,0.4588657547445858,0.0010241059695972887,100,1,,fixed,Fixed
540,0.26538764834403994,0.18091945087208466,0.18121804910547593,0.0002985982333912618,0.4578415926764993,0.4588657547445858,0.001024162068086476,100,1,,fixed,Fixed
550,0.26502341628074644,0.1804504114038804,0.18074728460872874,0.0002968732048483358,0.4578416207257439,0.4588657547445858,0.0010241340188418824,100,1,,fixed,Fixed
560,0.26337122917175293,0.1799771084504969,0.18027224260218003,0.0002951341516831407,0.4578416207257439,0.4588657547445858,0.0010241340188418824,100,1,,fixed,Fixed
570,0.2628144145011902,0.1795040298910702,0.1797974530388327,0.00029342314776251155,0.4578416207257439,0.4588657547445858,0.0010241340188418824,100,1,,fixed,Fixed
580,0.260649836063385,0.1790315964642693,0.17932328055886662,0.0002916840945973165,0.4578415926764993,0.4588657547445858,0.001024162068086476,100,1,,fixed,Fixed
590,0.2604572355747223,0.1785580971661736,0.1788480422076057,0.00028994504143209365,0.4578416207257439,0.4588657547445858,0.0010241340188418824,100,1,,fixed,Fixed
600,0.25943416357040405,0.17808252222397747,0.17837072821224437,0.0002882059882668986,0.4578416207257439,0.4588657547445858,0.0010241340188418824,100,1,,fixed,Fixed
0,0.4904630720615387,0.4541800442863913,0.4608433386858772,0.006663294399485875,0.6561833549948299,0.6640346190508675,0.007851264056037532,101,1,,fixed,Fixed
10,0.48316561579704287,0.4253189143012552,0.4313825158511891,0.006063601549933906,0.6262858895694509,0.6336259280934053,0.007340038523954484,101,1,,fixed,Fixed
20,0.4734902799129486,0.4095147918252384,0.41529475941377525,0.005779967588536827,0.6110539155847886,0.6181816774256089,0.0071277618408203125,101,1,,fixed,Fixed
30,0.47101097702980044,0.39969674278708067,0.4053176150602453,0.005620872273164601,0.6026874991024241,0.6097206788904527,0.007033179788028532,101,1,,fixed,Fixed
40,0.4704756438732147,0.39290422551772175,0.3984060848460478,0.005501859328326031,0.5978628607357249,0.6048337151022518,0.006970854366526891,101,1,,fixed,Fixed
50,0.46302558183670045,0.3878789228551528,0.39331985922420726,0.005440936369054461,0.595151564654182,0.6021236531874713,0.0069720885332893445,101,1,,fixed,Fixed
60,0.4588046669960022,0.38377007316140566,0.38912301905014934,0.005352945888743688,0.5935525894165039,0.6004879895378562,0.0069354001213522976,101,1,,fixed,Fixed
70,0.45134509205818174,0.380156909718233,0.385438133688534,0.005281223970301008,0.592597624834846,0.5995138392728918,0.006916214438045798,101,1,,fixed,Fixed
80,0.4502152681350708,0.3768201154821059,0.3820506264181698,0.005230510936063859,0.5920107224408317,0.5989348467658547,0.0069241243250229845,101,1,,fixed,Fixed
90,0.4500015676021576,0.37367798300350413,0.3788571077234605,0.005179124719956352,0.5916662777171415,0.598597807042739,0.006931529325597485,101,1,,fixed,Fixed
100,0.44231565594673156,0.37061988606172447,0.3757309072157916,0.005111021154067141,0.5914762160357308,0.5983927670647117,0.006916551028980922,101,1,,fixed,Fixed
110,0.43793889284133913,0.36757491616641774,0.37262456557329965,0.0050496494068819064,0.5913486480712891,0.5982603185317096,0.006911670460420516,101,1,,fixed,Fixed
120,0.4385196268558502,0.3645728896645939,0.36956186855540557,0.0049889788908116794,0.5912936715518727,0.5982015834135168,0.006907911861644078,101,1,,fixed,Fixed
130,0.43218833208084106,0.36156662772683534,0.3664957495296703,0.004929121802834946,0.5912519342759076,0.5981576582964729,0.006905724020565329,101,1,,fixed,Fixed
140,0.4263894438743591,0.35857071596033435,0.36343970018274646,0.004868984222412109,0.5912316827213063,0.5981354993932387,0.006903816671932406,101,1,,fixed,Fixed
150,0.42319573163986207,0.355499548070571,0.36031122768626495,0.004811679615693953,0.591209187227137,0.5981172673842486,0.00690808015711164,101,1,,fixed,Fixed
160,0.41858808398246766,0.3524329241584329,0.35718177346622243,0.0047488493077895155,0.5912020066205192,0.5981070574592141,0.0069050508386948595,101,1,,fixed,Fixed
170,0.41566855907440187,0.34937477111816406,0.3540644645690918,0.004689693450927734,0.5911960040821749,0.598103354958927,0.006907350876752094,101,1,,fixed,Fixed
180,0.4084476411342621,0.3462809674880084,0.3509092611425063,0.004628293654497906,0.5911935918471393,0.5981015037087833,0.006907911861644078,101,1,,fixed,Fixed
190,0.4090846598148346,0.3431403216193704,0.34770606545840993,0.0045657438390395155,0.591191291809082,0.5980996524586397,0.006908360649557688,101,1,,fixed,Fixed
200,0.4041287302970886,0.3400103064144359,0.3445130516501034,0.00450274523566746,0.5911908991196576,0.5980990914737477,0.006908192354090126,101,1,,fixed,Fixed
210,0.4017354309558868,0.33686693976907167,0.341306349810432,0.004439410041360337,0.5911908430211684,0.5980989792767692,0.0069081362556008274,101,1,,fixed,Fixed
220,0.3979316890239716,0.3337148217593922,0.33809056001551013,0.0043757382561179226,0.5911907869226792,0.5980988109813017,0.006908024058622453,101,1,,fixed,Fixed
230,0.3924599885940552,0.3305317654329188,0.33484307457419005,0.004311309141271258,0.591191291809082,0.5980993158677045,0.006908024058622453,101,1,,fixed,Fixed
240,0.3894748568534851,0.32735207501579733,0.33159873064826517,0.004246655632467844,0.5911912357105928,0.5980992036707261,0.0069079679601332655,101,1,,fixed,Fixed
250,0.3823666930198669,0.32415204889634075,0.32833298514871034,0.004180936252369594,0.5911915723015281,0.5980993158677045,0.006907743566176405,101,1,,fixed,Fixed
260,0.3782261312007904,0.3209521349738626,0.32506409813376036,0.004111963159897758,0.5911915723015281,0.5980993158677045,0.006907743566176405,101,1,,fixed,Fixed
270,0.37541436553001406,0.3177918265847599,0.3218367520500632,0.004044925465303273,0.5911915723015281,0.5980993158677045,0.006907743566176405,101,1,,fixed,Fixed
280,0.3694622039794922,0.3145955590640797,0.3185742883121266,0.003978729248046875,0.5911915723015281,0.5980993158677045,0.006907743566176405,101,1,,fixed,Fixed
290,0.3674228310585022,0.3114444788764505,0.3153599009794347,0.003915422102984234,0.5911916844985065,0.5980993158677045,0.006907631369198031,101,1,,fixed,Fixed
300,0.3601117432117462,0.30825110042796416,0.3121011397417854,0.0038500393138212186,0.5911915723015281,0.5980993158677045,0.006907743566176405,101,1,,fixed,Fixed
310,0.3538922369480133,0.30509474698235006,0.3088797681471881,0.0037850211648380316,0.5911915723015281,0.5980993158677045,0.006907743566176405,101,1,,fixed,Fixed
320,0.35637438893318174,0.30189940508674173,0.3056185105267693,0.0037191054400275703,0.5911915723015281,0.5980993158677045,0.006907743566176405,101,1,,fixed,Fixed
330,0.3472757160663605,0.2987164329080021,0.3023698750664206,0.0036534421584185073,0.5911915723015281,0.5980993158677045,0.006907743566176405,101,1,,fixed,Fixed
340,0.3468036949634552,0.2955412023207721,0.29912909339455995,0.0035878910737878744,0.5911916284000173,0.5980993158677045,0.006907687467687218,101,1,,fixed,Fixed
350,0.34058516621589663,0.2923779768102309,0.295900541193345,0.003522564383114102,0.5911915723015281,0.5980993158677045,0.006907743566176405,101,1,,fixed,Fixed
360,0.33750470280647277,0.2892044011284323,0.2926614144269158,0.003457013298483469,0.5911916284000173,0.5980993158677045,0.006907687467687218,101,1,,fixed,Fixed
370,0.3327749252319336,0.28603211571188536,0.28942357792573814,0.0033914622138527806,0.5911915723015281,0.5980993158677045,0.006907743566176405,101,1,,fixed,Fixed
380,0.32847064137458803,0.2828829148236443,0.2862093869377585,0.0033264721141141873,0.5911915723015281,0.5980993158677045,0.006907743566176405,101,1,,fixed,Fixed
390,0.3248662233352661,0.2797335736891803,0.28299499960506663,0.0032614259158863512,0.5911916284000173,0.5980993158677045,0.006907687467687218,101,1,,fixed,Fixed
400,0.3220956981182098,0.2765967425178079,0.2797934027279125,0.0031966602101045627,0.5911916284000173,0.5980993158677045,0.006907687467687218,101,1,,fixed,Fixed
410,0.3163587212562561,0.2734512441298541,0.27658311058493223,0.003131866455078125,0.5911915723015281,0.5980993158677045,0.006907743566176405,101,1,,fixed,Fixed
420,0.31268722414970396,0.27030103346880746,0.27336790982414694,0.0030668763553394762,0.5911916284000173,0.5980993158677045,0.006907687467687218,101,1,,fixed,Fixed
430,0.30822465419769285,0.2671537399291992,0.2701558505787569,0.0030021106495576877,0.5911916284000173,0.5980993158677045,0.006907687467687218,101,1,,fixed,Fixed
440,0.3056078016757965,0.26402871748980355,0.2669664831722484,0.0029377656824448595,0.5911915723015281,0.5980993158677045,0.006907743566176405,101,1,,fixed,Fixed
450,0.29946274161338804,0.2609073414522059,0.26378098656149473,0.002873645109288836,0.5911916284000173,0.5980993158677045,0.006907687467687218,101,1,,fixed,Fixed
460,0.2958839416503906,0.2578316856833065,0.26064227609073415,0.002810590407427649,0.5911915723015281,0.5980993158677045,0.006907743566176405,101,1,,fixed,Fixed
470,0.29121504426002504,0.25474391264073987,0.2574912520015941,0.0027473393608542507,0.5911916284000173,0.5980993158677045,0.006907687467687218,101,1,,fixed,Fixed
480,0.28763299584388735,0.25169933543485756,0.25438443352194395,0.0026850980870863905,0.5911916844985065,0.5980993158677045,0.006907631369198031,101,1,,fixed,Fixed
490,0.2830089509487152,0.24866132175221162,0.251284402959487,0.0026230812072753906,0.5911915723015281,0.5980993158677045,0.006907743566176405,101,1,,fixed,Fixed
500,0.27947437167167666,0.24565665862139532,0.24821856442619772,0.0025619058048023946,0.5911916284000173,0.5980993158677045,0.006907687467687218,101,1,,fixed,Fixed
510,0.27609665393829347,0.242646946626551,0.245147705078125,0.0025007584515739922,0.5911916284000173,0.5980993158677045,0.006907687467687218,101,1,,fixed,Fixed
520,0.27100491523742676,0.23967226813821232,0.24211272071389592,0.0024404525756835938,0.5911916284000173,0.5980993158677045,0.006907687467687218,101,1,,fixed,Fixed
530,0.2673826813697815,0.23671798145069795,0.23909868913538315,0.002380707684685207,0.5911915723015281,0.5980993158677045,0.006907743566176405,101,1,,fixed,Fixed
540,0.2626099228858948,0.23378426888409784,0.23610586278578816,0.0023215939016903164,0.5911916284000173,0.5980993158677045,0.006907687467687218,101,1,,fixed,Fixed
550,0.2605377197265625,0.23086277176352107,0.2331255744485294,0.002262802685008336,0.5911916284000173,0.5980993158677045,0.006907687467687218,101,1,,fixed,Fixed
560,0.255975729227066,0.22795555170844584,0.230160068063175,0.0022045163547291524,0.5911916844985065,0.5980993158677045,0.006907631369198031,101,1,,fixed,Fixed
570,0.25334396958351135,0.22508803535910213,0.2272352330824908,0.002147197723388672,0.5911916284000173,0.5980993158677045,0.006907687467687218,101,1,,fixed,Fixed
580,0.2485557585954666,0.2222438139073989,0.2243343521566952,0.0020905382492963087,0.5911916284000173,0.5980993158677045,0.006907687467687218,101,1,,fixed,Fixed
590,0.24562241435050963,0.2194181330063764,0.22145257276647232,0.0020344397600959296,0.5911916844985065,0.5980993158677045,0.006907631369198031,101,1,,fixed,Fixed
600,0.24206817150115967,0.21664386637070598,0.21862342778374166,0.00197956141303568,0.5911916284000173,0.5980993158677045,0.006907687467687218,101,1,,fixed,Fixed
0,0.3554829001426697,0.2988330055685604,0.29866504669189453,-0.0001679588766658746,0.6996020148782169,0.6992763631484088,-0.0003256517298081407,100,1,,exp,Decaying
10,0.32982121109962464,0.24451508241541245,0.24456355151008158,4.8469094669129076e-05,0.5550877066219554,0.5552958320168888,0.00020812539493342275,100,1,,exp,Decaying
20,0.3216817736625671,0.22501493902767405,0.2251620853648466,0.00014714633717255454,0.5056170856251436,0.5060528025907629,0.00043571696561928164,100,1,,exp,Decaying
30,0.32052220702171325,0.2163538091322955,0.21660562122569366,0.00025181209339816824,0.4840487311868107,0.4847387426039752,0.0006900114171645155,100,1,,exp,Decaying
40,0.3206655740737915,0.211652349023258,0.2119581559125115,0.00030580688925349597,0.4724279852474437,0.4732450597426471,0.0008170744952033515,100,1,,exp,Decaying
50,0.3207396149635315,0.20916352552526138,0.2095195545869715,0.00035602906171011695,0.4663103608524098,0.4672505434821634,0.0009401826297535942,100,1,,exp,Decaying
60,0.32293984293937683,0.20779953283422134,0.20814424402573528,0.00034471119151394114,0.4629697799682617,0.4638785754933077,0.0009087955250459689,100,1,,exp,Decaying
70,0.3210754096508026,0.20692522385541132,0.20728684874141917,0.00036162488600785525,0.4608258640064913,0.4617761724135455,0.0009503084070542345,100,1,,exp,Decaying
80,0.32065187096595765,0.20641998683705048,0.20680736092960134,0.00038737409255085176,0.45958981794469494,0.46060264811796303,0.0010128301732680867,100,1,,exp,Decaying
90,0.3202856719493866,0.2061006041134105,0.2064975009245031,0.00039689681109261743,0.45880746841430664,0.4598436916575712,0.001036223243264578,100,1,,exp,Decaying
100,0.32154645323753356,0.20592633415670955,0.20631990713231704,0.0003935729756074924,0.45838058696073647,0.4594096015481388,0.0010290145874023438,100,1,,exp,Decaying
110,0.321137136220932,0.20583726378048167,0.20623020564808564,0.00039294186760396865,0.45816418703864603,0.45919084548950195,0.0010266584508559218,100,1,,exp,Decaying
120,0.3222029745578766,0.2057821049409754,0.2061744577744428,0.0003923528334673909,0.45802969091078816,0.45905475055470185,0.001025059643913695,100,1,,exp,Decaying
130,0.32096040844917295,0.20575722526101506,0.20615182203405044,0.00039459677303538276,0.4579695533303654,0.4590002228231991,0.0010306694928337023,100,1,,exp,Decaying
140,0.32130226492881775,0.2057340565849753,0.2061295509338379,0.0003954943488626017,0.4579128658070284,0.45894594753489776,0.0010330817278693671,100,1,,exp,Decaying
150,0.31992406249046323,0.20571677825030157,0.20611115062938018,0.0003943723790786058,0.4578703431522145,0.45890067605411305,0.0010303329018985785,100,1,,exp,Decaying
160,0.3205169320106506,0.20571057936724493,0.20610499382019043,0.00039441445294549626,0.4578552807078642,0.4588857819052303,0.0010305011973661404,100,1,,exp,Decaying
170,0.32123287916183474,0.2057061475865981,0.2060989772572237,0.00039282967062559404,0.45784442565020395,0.45887088775634766,0.0010264621061437107,100,1,,exp,Decaying
180,0.3211270570755005,0.2057046609766343,0.20609670526841106,0.0003920442917767497,0.45784080729765053,0.45886530595667224,0.0010244986590217109,100,1,,exp,Decaying
190,0.3222956657409668,0.2057033987606273,0.20609597598805146,0.0003925772274241679,0.4578377218807445,0.4588635388542624,0.0010258169735178901,100,1,,exp,Decaying
200,0.3210702419281006,0.20570294997271368,0.20609552720013788,0.00039257722742419565,0.45783665600944967,0.4588624168844784,0.0010257608750287028,100,1,,exp,Decaying
210,0.3213390588760376,0.2057025572832893,0.20609509243684657,0.0003925351535572774,0.45783567428588867,0.4588614071116728,0.0010257328257841092,100,1,,exp,Decaying
220,0.3208197236061096,0.2057024310616886,0.20609496621524587,0.0003925351535572774,0.4578353657441981,0.458861042471493,0.0010256767272949219,100,1,,exp,Decaying
230,0.31994983553886414,0.2057023048400879,0.20609488206751206,0.0003925772274241679,0.4578350852517521,0.4588608741760254,0.0010257889242732965,100,1,,exp,Decaying
240,0.3223391234874725,0.2057023048400879,0.20609486804288976,0.00039256320280187107,0.4578350852517521,0.4588608461267808,0.0010257608750287028,100,1,,exp,Decaying
250,0.3210592448711395,0.2057023048400879,0.20609486804288976,0.00039256320280187107,0.4578350852517521,0.4588608180775362,0.0010257328257841092,100,1,,exp,Decaying
260,0.319966459274292,0.2057022908154656,0.20609486804288976,0.0003925772274241679,0.45783502915326285,0.4588608180775362,0.001025788924273352,100,1,,exp,Decaying
270,0.3212371408939362,0.2057023048400879,0.20609486804288976,0.00039256320280187107,0.45783502915326285,0.4588608180775362,0.001025788924273352,100,1,,exp,Decaying
280,0.32190778851509094,0.2057022908154656,0.20609486804288976,0.0003925772274241679,0.45783505720250744,0.4588608180775362,0.0010257608750287583,100,1,,exp,Decaying
290,0.31973705291748045,0.2057022908154656,0.20609486804288976,0.0003925772274241679,0.45783502915326285,0.4588608180775362,0.001025788924273352,100,1,,exp,Decaying
300,0.3228506624698639,0.2057023048400879,0.20609486804288976,0.00039256320280187107,0.45783502915326285,0.4588608180775362,0.001025788924273352,100,1,,exp,Decaying
310,0.3208709120750427,0.2057023048400879,0.20609486804288976,0.00039256320280187107,0.45783502915326285,0.4588608180775362,0.001025788924273352,100,1,,exp,Decaying
320,0.3210494637489319,0.2057023048400879,0.20609486804288976,0.00039256320280187107,0.45783502915326285,0.4588608180775362,0.001025788924273352,100,1,,exp,Decaying
330,0.3212112128734589,0.2057022908154656,0.20609486804288976,0.0003925772274241679,0.45783505720250744,0.4588608180775362,0.0010257608750287583,100,1,,exp,Decaying
340,0.32080296874046327,0.2057023048400879,0.20609486804288976,0.00039256320280187107,0.45783502915326285,0.4588608180775362,0.001025788924273352,100,1,,exp,Decaying
350,0.32036682963371277,0.2057022908154656,0.20609486804288976,0.0003925772274241679,0.45783502915326285,0.4588608180775362,0.001025788924273352,100,1,,exp,Decaying
360,0.3198976218700409,0.2057023048400879,0.20609486804288976,0.00039256320280187107,0.45783502915326285,0.4588608180775362,0.001025788924273352,100,1,,exp,Decaying
370,0.3226366102695465,0.2057023048400879,0.20609486804288976,0.00039256320280187107,0.45783502915326285,0.4588608180775362,0.001025788924273352,100,1,,exp,Decaying
380,0.32192307710647583,0.2057023048400879,0.20609486804288976,0.00039256320280187107,0.45783505720250744,0.4588608180775362,0.0010257608750287583,100,1,,exp,Decaying
390,0.3206519603729248,0.2057023048400879,0.20609486804288976,0.00039256320280187107,0.45783502915326285,0.4588608180775362,0.001025788924273352,100,1,,exp,Decaying
400,0.32107813358306886,0.2057022908154656,0.20609486804288976,0.0003925772274241679,0.45783502915326285,0.4588608180775362,0.001025788924273352,100,1,,exp,Decaying
410,0.3212096393108368,0.2057022908154656,0.20609486804288976,0.0003925772274241679,0.45783502915326285,0.4588608180775362,0.001025788924273352,100,1,,exp,Decaying
420,0.3198148965835571,0.2057022908154656,0.20609486804288976,0.0003925772274241679,0.45783505720250744,0.4588608180775362,0.0010257608750287583,100,1,,exp,Decaying
430,0.3220696747303009,0.2057023048400879,0.20609486804288976,0.00039256320280187107,0.45783502915326285,0.4588608180775362,0.001025788924273352,100,1,,exp,Decaying
440,0.3214890778064728,0.2057022908154656,0.20609486804288976,0.0003925772274241679,0.45783502915326285,0.4588608180775362,0.001025788924273352,100,1,,exp,Decaying
450,0.3208175957202911,0.2057023048400879,0.20609486804288976,0.00039256320280187107,0.45783505720250744,0.4588608180775362,0.0010257608750287583,100,1,,exp,Decaying
460,0.3204360485076904,0.2057022908154656,0.20609486804288976,0.0003925772274241679,0.45783502915326285,0.4588608180775362,0.001025788924273352,100,1,,exp,Decaying
470,0.3216670751571655,0.2057023048400879,0.20609486804288976,0.00039256320280187107,0.45783502915326285,0.4588608180775362,0.001025788924273352,100,1,,exp,Decaying
480,0.3191003739833832,0.2057023048400879,0.20609486804288976,0.00039256320280187107,0.45783502915326285,0.4588608180775362,0.001025788924273352,100,1,,exp,Decaying
490,0.3202577352523804,0.2057023048400879,0.20609486804288976,0.00039256320280187107,0.45783502915326285,0.4588608180775362,0.001025788924273352,100,1,,exp,Decaying
500,0.3227614164352417,0.2057023048400879,0.20609486804288976,0.00039256320280187107,0.45783505720250744,0.4588608180775362,0.0010257608750287583,100,1,,exp,Decaying
510,0.3216898560523987,0.2057023048400879,0.20609486804288976,0.00039256320280187107,0.45783505720250744,0.4588608180775362,0.0010257608750287583,100,1,,exp,Decaying
520,0.3245072543621063,0.2057022908154656,0.20609486804288976,0.0003925772274241679,0.45783505720250744,0.4588608180775362,0.0010257608750287583,100,1,,exp,Decaying
530,0.32091736793518066,0.2057023048400879,0.20609486804288976,0.00039256320280187107,0.45783502915326285,0.4588608180775362,0.001025788924273352,100,1,,exp,Decaying
540,0.3214045584201813,0.2057022908154656,0.20609486804288976,0.0003925772274241679,0.45783502915326285,0.4588608180775362,0.001025788924273352,100,1,,exp,Decaying
550,0.3223216593265533,0.2057023048400879,0.20609486804288976,0.00039256320280187107,0.45783502915326285,0.4588608180775362,0.001025788924273352,100,1,,exp,Decaying
560,0.321368134021759,0.2057023048400879,0.20609486804288976,0.00039256320280187107,0.45783502915326285,0.4588608180775362,0.001025788924273352,100,1,,exp,Decaying
570,0.32211371660232546,0.2057023048400879,0.20609486804288976,0.00039256320280187107,0.45783502915326285,0.4588608180775362,0.001025788924273352,100,1,,exp,Decaying
580,0.32038477063179016,0.2057023048400879,0.20609486804288976,0.00039256320280187107,0.45783502915326285,0.4588608180775362,0.001025788924273352,100,1,,exp,Decaying
590,0.321668541431427,0.2057023048400879,0.20609486804288976,0.00039256320280187107,0.45783502915326285,0.4588608180775362,0.001025788924273352,100,1,,exp,Decaying
600,0.3216827869415283,0.2057023048400879,0.20609486804288976,0.00039256320280187107,0.45783502915326285,0.4588608180775362,0.001025788924273352,100,1,,exp,Decaying
0,0.4904630720615387,0.4541800442863913,0.4608433386858772,0.006663294399485875,0.6561833549948299,0.6640346190508675,0.007851264056037532,101,1,,exp,Decaying
10,0.48391975164413453,0.4259492088766659,0.43202585332533894,0.006076644448673063,0.6262682746438419,0.6336097156300264,0.0073414409861845,101,1,,exp,Decaying
20,0.476142156124115,0.4116760702694164,0.41749028598561005,0.005814215716193671,0.6110010708079618,0.6181211471557617,0.007120076347799875,101,1,,exp,Decaying
30,0.4762615919113159,0.40386272879207835,0.4095588010900161,0.0056960722979377265,0.6025889340568992,0.6096177942612592,0.007028860204359999,101,1,,exp,Decaying
40,0.4787931442260742,0.3993472491993624,0.4049725813024184,0.005625332103056047,0.5977023068596335,0.6046742831959444,0.006971976336310859,101,1,,exp,Decaying
50,0.4745198965072632,0.39681633780984316,0.40242761724135456,0.005611279431511407,0.59496930066277,0.6019408282111672,0.006971527548397249,101,1,,exp,Decaying
60,0.4736718118190765,0.3952969102298512,0.4008638438056497,0.005566933575798516,0.5933219685274012,0.6002498514512006,0.006927882923799422,101,1,,exp,Decaying
70,0.4695326030254364,0.3943949306712431,0.3999608825234806,0.005565951852237516,0.5923440596636604,0.5992762621711282,0.006932202507467733,101,1,,exp,Decaying
80,0.4721837818622589,0.3938450252308565,0.39940884534050436,0.0055638201096478435,0.5917452643899357,0.5986790376551011,0.006933773265165422,101,1,,exp,Decaying
90,0.47586355209350584,0.39354077507467833,0.3990784532883588,0.0055376782136804525,0.5914169760311351,0.5983204561121324,0.006903480080997282,101,1,,exp,Decaying
100,0.4715742886066437,0.3933393253999598,0.39888979406917796,0.005550468669218156,0.5911972382489372,0.5981173234827378,0.00692008523380061,101,1,,exp,Decaying
110,0.4709101617336273,0.3932069329654469,0.3987596175249885,0.00555268455954161,0.5910512138815487,0.5979748894186581,0.006923675537109375,101,1,,exp,Decaying
120,0.4758055508136749,0.3931415221270393,0.3986941786373363,0.005552656510297016,0.5909804175881779,0.5979045419132009,0.0069241243250229845,101,1,,exp,Decaying
130,0.47302483320236205,0.39308862125172334,0.39864391439101277,0.00555529313928943,0.5909210653866038,0.5978490044088924,0.0069279390222886095,101,1,,exp,Decaying
140,0.470817369222641,0.39307019289802103,0.398622148177203,0.005551955279181953,0.5909018797032973,0.5978257796343636,0.006923899931066235,101,1,,exp,Decaying
150,0.47167388200759885,0.39305726219626036,0.3986002417171703,0.00554297952090993,0.5908878550809973,0.5978012084960938,0.006913353415096468,101,1,,exp,Decaying
160,0.47092422246932986,0.39304593030144186,0.398589106167064,0.005543175865622141,0.590875176822438,0.5977886985330021,0.006913521710564141,101,1,,exp,Decaying
170,0.4721549153327942,0.3930404606987448,0.3985852073220646,0.005544746623319774,0.5908691742840935,0.5977846033432904,0.006915429059196954,101,1,,exp,Decaying
180,0.46829127669334414,0.39303869359633503,0.39858313167796416,0.005544438081629133,0.5908674352309283,0.5977825837976792,0.006915148566750906,101,1,,exp,Decaying
190,0.4740222871303558,0.3930368984446806,0.39858206580666933,0.005545167361988734,0.5908654717838063,0.597781405729406,0.006915933945599639,101,1,,exp,Decaying
200,0.47297403812408445,0.3930356642779182,0.3985811121323529,0.005545447854434726,0.5908641254200655,0.5977804520550896,0.0069163266350240615,101,1,,exp,Decaying
210,0.4751673698425293,0.3930357764748966,0.39858108408310833,0.0055453076082117025,0.5908642937155331,0.5977803398581112,0.006916046142578125,101,1,,exp,Decaying
220,0.4756060719490051,0.393035608179429,0.39858102798461914,0.005545419805190133,0.5908641815185547,0.5977803398581112,0.0069161583395565,101,1,,exp,Decaying
230,0.4739653944969177,0.3930354118347168,0.39858099993537455,0.00554558810065775,0.5908638449276195,0.5977803398581112,0.0069164949304917345,101,1,,exp,Decaying
240,0.47557300329208374,0.3930353837854722,0.39858099993537455,0.005545616149902344,0.5908638449276195,0.5977803398581112,0.0069164949304917345,101,1,,exp,Decaying
250,0.47166922092437746,0.3930353557362276,0.39858099993537455,0.005545644199146937,0.5908637888291303,0.597780283759622,0.0069164949304917345,101,1,,exp,Decaying
260,0.47177964448928833,0.393035327686983,0.39858099993537455,0.005545672248391531,0.5908637888291303,0.597780283759622,0.0069164949304917345,101,1,,exp,Decaying
270,0.47372026443481446,0.3930353557362276,0.39858099993537455,0.005545644199146937,0.5908637888291303,0.597780283759622,0.0069164949304917345,101,1,,exp,Decaying
280,0.47120824456214905,0.3930353837854722,0.39858099993537455,0.005545616149902344,0.5908637888291303,0.597780283759622,0.0069164949304917345,101,1,,exp,Decaying
290,0.47430379986763,0.3930353837854722,0.39858099993537455,0.005545616149902344,0.5908637888291303,0.597780283759622,0.0069164949304917345,101,1,,exp,Decaying
300,0.46975888013839723,0.3930353557362276,0.39858099993537455,0.005545644199146937,0.5908638449276195,0.597780283759622,0.006916438832002547,101,1,,exp,Decaying
310,0.4665715157985687,0.3930353557362276,0.39858099993537455,0.005545644199146937,0.5908637888291303,0.597780283759622,0.0069164949304917345,101,1,,exp,Decaying
320,0.47691087126731874,0.3930353557362276,0.39858099993537455,0.005545644199146937,0.5908638449276195,0.597780283759622,0.006916438832002547,101,1,,exp,Decaying
330,0.4692104756832123,0.3930353837854722,0.39858099993537455,0.005545616149902344,0.5908637888291303,0.597780283759622,0.0069164949304917345,101,1,,exp,Decaying
340,0.47514434456825255,0.3930353557362276,0.39858099993537455,0.005545644199146937,0.5908638449276195,0.597780283759622,0.006916438832002547,101,1,,exp,Decaying
350,0.4717425048351288,0.3930353557362276,0.39858099993537455,0.005545644199146937,0.5908637888291303,0.597780283759622,0.0069164949304917345,101,1,,exp,Decaying
360,0.4736744225025177,0.3930353557362276,0.39858099993537455,0.005545644199146937,0.5908637888291303,0.597780283759622,0.0069164949304917345,101,1,,exp,Decaying
370,0.4727652192115784,0.3930353837854722,0.39858099993537455,0.005545616149902344,0.5908638449276195,0.597780283759622,0.006916438832002547,101,1,,exp,Decaying
380,0.4724843740463257,0.3930353557362276,0.39858099993537455,0.005545644199146937,0.5908638449276195,0.597780283759622,0.006916438832002547,101,1,,exp,Decaying
390,0.47353324890136717,0.3930353557362276,0.39858099993537455,0.005545644199146937,0.5908638449276195,0.597780283759622,0.006916438832002547,101,1,,exp,Decaying
400,0.4761248230934143,0.393035327686983,0.39858099993537455,0.005545672248391531,0.5908638449276195,0.597780283759622,0.006916438832002547,101,1,,exp,Decaying
410,0.47322666049003603,0.3930353557362276,0.39858099993537455,0.005545644199146937,0.5908638449276195,0.597780283759622,0.006916438832002547,101,1,,exp,Decaying
420,0.4742142975330353,0.3930353557362276,0.39858099993537455,0.005545644199146937,0.5908637888291303,0.597780283759622,0.0069164949304917345,101,1,,exp,Decaying
430,0.4736751616001129,0.3930353557362276,0.39858099993537455,0.005545644199146937,0.5908638449276195,0.597780283759622,0.006916438832002547,101,1,,exp,Decaying
440,0.4767334282398224,0.3930353837854722,0.39858099993537455,0.005545616149902344,0.5908637888291303,0.597780283759622,0.0069164949304917345,101,1,,exp,Decaying
450,0.47251011729240416,0.3930353557362276,0.39858099993537455,0.005545644199146937,0.5908638449276195,0.597780283759622,0.006916438832002547,101,1,,exp,Decaying
460,0.4735920071601868,0.3930353837854722,0.39858099993537455,0.005545616149902344,0.5908638449276195,0.597780283759622,0.006916438832002547,101,1,,exp,Decaying
470,0.4722583830356598,0.3930353557362276,0.39858099993537455,0.005545644199146937,0.5908638449276195,0.597780283759622,0.006916438832002547,101,1,,exp,Decaying
480,0.47332294583320617,0.3930353557362276,0.39858099993537455,0.005545644199146937,0.5908637888291303,0.597780283759622,0.0069164949304917345,101,1,,exp,Decaying
490,0.471748012304306,0.3930353557362276,0.39858099993537455,0.005545644199146937,0.5908637888291303,0.597780283759622,0.0069164949304917345,101,1,,exp,Decaying
500,0.47274491786956785,0.393035327686983,0.39858099993537455,0.005545672248391531,0.5908638449276195,0.597780283759622,0.006916438832002547,101,1,,exp,Decaying
510,0.47412272095680236,0.3930353557362276,0.39858099993537455,0.005545644199146937,0.5908638449276195,0.597780283759622,0.006916438832002547,101,1,,exp,Decaying
520,0.47137855291366576,0.3930353557362276,0.39858099993537455,0.005545644199146937,0.5908638449276195,0.597780283759622,0.006916438832002547,101,1,,exp,Decaying
530,0.4715615212917328,0.3930353557362276,0.39858099993537455,0.005545644199146937,0.5908637888291303,0.597780283759622,0.0069164949304917345,101,1,,exp,Decaying
540,0.4691865801811218,0.3930353837854722,0.39858099993537455,0.005545616149902344,0.5908638449276195,0.597780283759622,0.006916438832002547,101,1,,exp,Decaying
550,0.4741010725498199,0.3930353557362276,0.39858099993537455,0.005545644199146937,0.5908637888291303,0.597780283759622,0.0069164949304917345,101,1,,exp,Decaying
560,0.4718176305294037,0.3930353557362276,0.39858099993537455,0.005545644199146937,0.5908637888291303,0.597780283759622,0.0069164949304917345,101,1,,exp,Decaying
570,0.47517953515052797,0.3930353557362276,0.39858099993537455,0.005545644199146937,0.5908637888291303,0.597780283759622,0.0069164949304917345,101,1,,exp,Decaying
580,0.47172883749008176,0.3930353557362276,0.39858099993537455,0.005545644199146937,0.5908637888291303,0.597780283759622,0.0069164949304917345,101,1,,exp,Decaying
590,0.4742569804191589,0.3930353557362276,0.39858099993537455,0.005545644199146937,0.5908638449276195,0.597780283759622,0.006916438832002547,101,1,,exp,Decaying
600,0.47449831366539,0.3930353557362276,0.39858099993537455,0.005545644199146937,0.5908638449276195,0.597780283759622,0.006916438832002547,101,1,,exp,Decaying
0,0.3554829001426697,0.2988330055685604,0.29866504669189453,-0.0001679588766658746,0.6996020148782169,0.6992763631484088,-0.0003256517298081407,100,1,,exp,Faster Decaying
10,0.3302805006504059,0.2447514814489028,0.24479969810037053,4.821665146773069e-05,0.5550337398753447,0.5552405189065373,0.00020677903119259433,100,1,,exp,Faster Decaying
20,0.32261682748794557,0.22544057228985956,0.22559020098517923,0.0001496286953196757,0.505489798153148,0.5059294981115005,0.00043969995835246856,100,1,,exp,Faster Decaying
30,0.3218184351921082,0.216920628267176,0.21717171108021455,0.00025108281303853897,0.4839739519007066,0.48465835346895103,0.0006844015682444526,100,1,,exp,Faster Decaying
40,0.3221606552600861,0.21228630402508905,0.21259341520421646,0.00030711117912740615,0.47235993778004365,0.4731752171235926,0.0008152793435489691,100,1,,exp,Faster Decaying
50,0.3223634660243988,0.20983749277451458,0.21020108110764446,0.0003635883331298828,0.466248680563534,0.46720106461468863,0.0009523840511546089,100,1,,exp,Faster Decaying
60,0.32466661334037783,0.20851575627046473,0.20885969610775218,0.00034393983728744915,0.46295850417193246,0.46385922151453357,0.0009007173426011095,100,1,,exp,Faster Decaying
70,0.32281323075294494,0.20763001722448013,0.2079935073852539,0.00036349016077377727,0.4607557689442354,0.4617040297564338,0.0009482608121983982,100,1,,exp,Faster Decaying
80,0.3224048614501953,0.2071194228004007,0.2075052261352539,0.0003858033348532186,0.4594884199254653,0.46049031089333925,0.001001890967873953,100,1,,exp,Faster Decaying
90,0.32206335067749026,0.20682022150825052,0.20721699209774241,0.0003967705894918905,0.45874494664809284,0.4597740173339844,0.001029070685891531,100,1,,exp,Faster Decaying
100,0.3233488917350769,0.2066501449136173,0.20704148797427907,0.0003913430606617696,0.45832302991081686,0.4593387211070341,0.00101569119621725,100,1,,exp,Faster Decaying
110,0.3229546844959259,0.20657537965213552,0.2069719258476706,0.00039654619553508574,0.45813748415778666,0.4591658536125632,0.0010283694547765232,100,1,,exp,Faster Decaying
120,0.3240288019180298,0.20652344647575827,0.20691561698913574,0.00039217051337747666,0.4580087661743164,0.45902619642369885,0.001017430249382445,100,1,,exp,Faster Decaying
130,0.32276904582977295,0.2064820457907284,0.20687800295212688,0.00039595716139848025,0.4579058815451229,0.45893293268540325,0.001027051140280344,100,1,,exp,Faster Decaying
140,0.3231037497520447,0.20645858259762034,0.20685439951279583,0.00039581691517548423,0.45784790375653434,0.4588741695179659,0.0010262657614315551,100,1,,exp,Faster Decaying
150,0.3217170834541321,0.20644329575931325,0.20684010842267206,0.0003968126633588087,0.4578100092270795,0.45883846282958984,0.0010284536025103597,100,1,,exp,Faster Decaying
160,0.32231789231300356,0.20643943898818073,0.20683782240923712,0.00039838342105638636,0.4578004724839154,0.4588327968821806,0.001032324398265172,100,1,,exp,Faster Decaying
170,0.3230454683303833,0.2064354419708252,0.2068326893974753,0.0003972474266500936,0.457790543051327,0.45882003447588754,0.0010294914245605469,100,1,,exp,Faster Decaying
180,0.32293800115585325,0.20643221630769618,0.20683027716243968,0.00039806085474350383,0.4577825770658605,0.4588139477898093,0.0010313707239487657,100,1,,exp,Faster Decaying
190,0.3241188764572144,0.20643088396857767,0.20682893079869888,0.000398046830121207,0.4577792672549977,0.45881066602819104,0.0010313987731933594,100,1,,exp,Faster Decaying
200,0.3228792190551758,0.20643023883595185,0.20682824359220617,0.00039800475625431653,0.4577776964973001,0.45880889892578125,0.0010312024284811483,100,1,,exp,Faster Decaying
210,0.3231520414352417,0.20643028090981877,0.20682831371531768,0.0003980328054989102,0.4577778086942785,0.45880906722124887,0.0010312585269703911,100,1,,exp,Faster Decaying
220,0.32262665033340454,0.20643009858972886,0.20682814541985006,0.000398046830121207,0.4577773038078757,0.45880867453182445,0.0010313707239487657,100,1,,exp,Faster Decaying
230,0.32174633741378783,0.20643004249123967,0.20682811737060547,0.00039807487936580066,0.4577771916108973,0.45880859038409066,0.0010313987731933594,100,1,,exp,Faster Decaying
240,0.3241612911224365,0.20643004249123967,0.20682808932136088,0.000398046830121207,0.4577771635616527,0.45880856233484607,0.0010313987731933594,100,1,,exp,Faster Decaying
250,0.32286752462387086,0.20643004249123967,0.20682808932136088,0.000398046830121207,0.45777713551240806,0.45880850623635683,0.0010313707239487657,100,1,,exp,Faster Decaying
260,0.3217622697353363,0.20643002846661737,0.20682808932136088,0.00039806085474350383,0.45777713551240806,0.4588085342856014,0.0010313987731933594,100,1,,exp,Faster Decaying
270,0.32304754853248596,0.20643002846661737,0.20682808932136088,0.00039806085474350383,0.4577771635616527,0.4588085342856014,0.0010313707239487102,100,1,,exp,Faster Decaying
280,0.32372608184814455,0.20643002846661737,0.20682808932136088,0.00039806085474350383,0.45777713551240806,0.4588085342856014,0.0010313987731933594,100,1,,exp,Faster Decaying
290,0.321532142162323,0.20643001444199505,0.20682808932136088,0.0003980748793658284,0.4577771916108973,0.4588085342856014,0.0010313426747041166,100,1,,exp,Faster Decaying
300,0.324678772687912,0.20643004249123967,0.20682808932136088,0.000398046830121207,0.4577771916108973,0.4588085342856014,0.0010313426747041166,100,1,,exp,Faster Decaying
310,0.3226776659488678,0.20643001444199505,0.20682808932136088,0.0003980748793658284,0.4577771635616527,0.4588085342856014,0.0010313707239487102,100,1,,exp,Faster Decaying
320,0.3228603959083557,0.20643002846661737,0.20682808932136088,0.00039806085474350383,0.45777713551240806,0.4588085342856014,0.0010313987731933594,100,1,,exp,Faster Decaying
330,0.32302066683769226,0.20643004249123967,0.20682808932136088,0.000398046830121207,0.45777713551240806,0.4588085342856014,0.0010313987731933594,100,1,,exp,Faster Decaying
340,0.32260984778404234,0.20643002846661737,0.20682808932136088,0.00039806085474350383,0.4577771635616527,0.4588085342856014,0.0010313707239487102,100,1,,exp,Faster Decaying
350,0.3221682012081146,0.20643002846661737,0.20682808932136088,0.00039806085474350383,0.45777713551240806,0.4588085342856014,0.0010313987731933594,100,1,,exp,Faster Decaying
360,0.32169327735900877,0.20643002846661737,0.20682808932136088,0.00039806085474350383,0.4577771635616527,0.4588085342856014,0.0010313707239487102,100,1,,exp,Faster Decaying
370,0.32446423172950745,0.20643002846661737,0.20682808932136088,0.00039806085474350383,0.4577771635616527,0.4588085342856014,0.0010313707239487102,100,1,,exp,Faster Decaying
380,0.3237451732158661,0.20643002846661737,0.20682808932136088,0.00039806085474350383,0.45777713551240806,0.4588085342856014,0.0010313987731933594,100,1,,exp,Faster Decaying
390,0.3224554777145386,0.20643002846661737,0.20682808932136088,0.00039806085474350383,0.4577771635616527,0.4588085342856014,0.0010313707239487102,100,1,,exp,Faster Decaying
400,0.32288891077041626,0.20643001444199505,0.20682808932136088,0.0003980748793658284,0.4577771635616527,0.4588085342856014,0.0010313707239487102,100,1,,exp,Faster Decaying
410,0.3230219423770905,0.20643002846661737,0.20682808932136088,0.00039806085474350383,0.4577771635616527,0.4588085342856014,0.0010313707239487102,100,1,,exp,Faster Decaying
420,0.32161160707473757,0.20643002846661737,0.20682808932136088,0.00039806085474350383,0.45777713551240806,0.4588085342856014,0.0010313987731933594,100,1,,exp,Faster Decaying
430,0.32388811111450194,0.20643004249123967,0.20682808932136088,0.000398046830121207,0.4577771635616527,0.4588085342856014,0.0010313707239487102,100,1,,exp,Faster Decaying
440,0.323302698135376,0.20643004249123967,0.20682808932136088,0.000398046830121207,0.45777713551240806,0.4588085342856014,0.0010313987731933594,100,1,,exp,Faster Decaying
450,0.3226238310337067,0.20643002846661737,0.20682808932136088,0.00039806085474350383,0.4577771635616527,0.4588085342856014,0.0010313707239487102,100,1,,exp,Faster Decaying
460,0.3222392380237579,0.20643002846661737,0.20682808932136088,0.00039806085474350383,0.4577771635616527,0.4588085342856014,0.0010313707239487102,100,1,,exp,Faster Decaying
470,0.32348451018333435,0.20643002846661737,0.20682808932136088,0.00039806085474350383,0.4577771635616527,0.4588085342856014,0.0010313707239487102,100,1,,exp,Faster Decaying
480,0.320886492729187,0.20643001444199505,0.20682808932136088,0.0003980748793658284,0.4577771635616527,0.4588085342856014,0.0010313707239487102,100,1,,exp,Faster Decaying
490,0.32205883264541624,0.20643002846661737,0.20682808932136088,0.00039806085474350383,0.4577771635616527,0.4588085342856014,0.0010313707239487102,100,1,,exp,Faster Decaying
500,0.32458946108818054,0.20643002846661737,0.20682808932136088,0.00039806085474350383,0.4577771635616527,0.4588085342856014,0.0010313707239487102,100,1,,exp,Faster Decaying
510,0.32350566387176516,0.20643002846661737,0.20682808932136088,0.00039806085474350383,0.4577771635616527,0.4588085342856014,0.0010313707239487102,100,1,,exp,Faster Decaying
520,0.32635759711265566,0.20643002846661737,0.20682808932136088,0.00039806085474350383,0.4577771635616527,0.4588085342856014,0.0010313707239487102,100,1,,exp,Faster Decaying
530,0.322723525762558,0.20643001444199505,0.20682808932136088,0.0003980748793658284,0.4577771635616527,0.4588085342856014,0.0010313707239487102,100,1,,exp,Faster Decaying
540,0.3232202410697937,0.20643004249123967,0.20682808932136088,0.000398046830121207,0.45777713551240806,0.4588085342856014,0.0010313987731933594,100,1,,exp,Faster Decaying
550,0.3241450786590576,0.20643004249123967,0.20682808932136088,0.000398046830121207,0.4577771635616527,0.4588085342856014,0.0010313707239487102,100,1,,exp,Faster Decaying
560,0.3231817603111267,0.20643004249123967,0.20682808932136088,0.000398046830121207,0.4577771635616527,0.4588085342856014,0.0010313707239487102,100,1,,exp,Faster Decaying
570,0.3239343762397766,0.20643004249123967,0.20682808932136088,0.000398046830121207,0.4577771635616527,0.4588085342856014,0.0010313707239487102,100,1,,exp,Faster Decaying
580,0.32219008803367616,0.20643004249123967,0.20682808932136088,0.000398046830121207,0.4577771635616527,0.4588085342856014,0.0010313707239487102,100,1,,exp,Faster Decaying
590,0.3234852969646454,0.20643002846661737,0.20682808932136088,0.00039806085474350383,0.45777713551240806,0.4588085342856014,0.0010313987731933594,100,1,,exp,Faster Decaying
600,0.3234987616539001,0.20643002846661737,0.20682808932136088,0.00039806085474350383,0.45777713551240806,0.4588085342856014,0.0010313987731933594,100,1,,exp,Faster Decaying
0,0.4904630720615387,0.4541800442863913,0.4608433386858772,0.006663294399485875,0.6561833549948299,0.6640346190508675,0.007851264056037532,101,1,,exp,Faster Decaying
10,0.4849419414997101,0.4268028595868279,0.43289652992697325,0.006093670340145352,0.6262465645285213,0.6335893518784467,0.007342787349925328,101,1,,exp,Faster Decaying
20,0.4785206139087677,0.4135953117819393,0.41945911856258616,0.005863806780646852,0.6109348745907054,0.618071107303395,0.007136232712689594,101,1,,exp,Faster Decaying
30,0.4795999050140381,0.40646157545201916,0.4122125962201287,0.005751020768109516,0.602467368630802,0.6095025679644417,0.007035199333639719,101,1,,exp,Faster Decaying
40,0.48274973034858704,0.40236691867603974,0.4080645056331859,0.005697586957146172,0.5975621167351218,0.604551259209128,0.006989142474006171,101,1,,exp,Faster Decaying
50,0.47879592776298524,0.40008797365076404,0.40576738469740925,0.005679411046645211,0.5948202469769646,0.6017983380485984,0.00697809107163383,101,1,,exp,Faster Decaying
60,0.47816650867462157,0.3987184412339154,0.4043567320879768,0.005638290854061367,0.593169885523179,0.6001045002656824,0.006934614742503453,101,1,,exp,Faster Decaying
70,0.47409902811050414,0.3979143815882066,0.40354347229003906,0.005629090701832484,0.5921998304479262,0.5991270962883445,0.006927265840418251,101,1,,exp,Faster Decaying
80,0.47685272693634034,0.39740705490112305,0.40303171382230873,0.005624658921185688,0.5915872910443474,0.598511864157284,0.006924573112936594,101,1,,exp,Faster Decaying
90,0.4806315839290619,0.3971223270191866,0.40274934207691865,0.005627015057732054,0.5912439682904411,0.5981720756081974,0.006928107317756282,101,1,,exp,Faster Decaying
100,0.476307088136673,0.3969375385957606,0.4025583828196806,0.005620844223920007,0.5910206963034237,0.5979423522949219,0.006921655991498188,101,1,,exp,Faster Decaying
110,0.47566516399383546,0.3968222842496984,0.40244032354915843,0.0056180392994600314,0.590881067163804,0.5978003670187557,0.006919299854951766,101,1,,exp,Faster Decaying
120,0.4806330382823944,0.3967589771046358,0.4023786432602826,0.005619666155646796,0.5908046049230239,0.5977260365205652,0.006921431597541328,101,1,,exp,Faster Decaying
130,0.4778282165527344,0.3967333961935604,0.402341786552878,0.005608390359317594,0.5907736946554745,0.5976816626156077,0.0069079679601332655,101,1,,exp,Faster Decaying
140,0.47559486627578734,0.3967120226691751,0.40231940325568705,0.005607380586511945,0.5907479454489315,0.5976545670453239,0.006906621596392437,101,1,,exp,Faster Decaying
150,0.47646896839141845,0.3967027944677016,0.40230711768655214,0.005604323218850515,0.5907367818495807,0.5976398692411535,0.00690308739157286,101,1,,exp,Faster Decaying
160,0.4757139444351196,0.3967003541834214,0.4023042566636029,0.0056039024801815,0.5907338086296531,0.5976365033318015,0.0069026947021484375,101,1,,exp,Faster Decaying
170,0.4769592463970184,0.396696315092199,0.4022998809814453,0.00560356588924632,0.5907289841595817,0.5976312300738167,0.006902245914234939,101,1,,exp,Faster Decaying
180,0.47304519414901736,0.396694071152631,0.4022980858297909,0.005604014677159874,0.5907262914321002,0.597629098331227,0.006902806899126812,101,1,,exp,Faster Decaying
190,0.47885207533836366,0.39669227600097656,0.4022968516630285,0.005604575662051914,0.5907241596895105,0.5976276397705078,0.006903480080997282,101,1,,exp,Faster Decaying
200,0.47778783440589906,0.39668930278104897,0.40229449552648205,0.005605192745433085,0.5907205693862018,0.5976247787475586,0.006904209361356828,101,1,,exp,Faster Decaying
210,0.4800085246562958,0.39668930278104897,0.4022943272310145,0.005605024449965523,0.5907205693862018,0.5976244982551125,0.00690392886891078,101,1,,exp,Faster Decaying
220,0.48045535683631896,0.39668916253482595,0.4022942991817699,0.005605136646943953,0.5907204010907341,0.5976244982551125,0.006904097164378453,101,1,,exp,Faster Decaying
230,0.47879256010055543,0.39668921863331513,0.40229443942799287,0.005605220794677734,0.5907204571892234,0.5976246665505802,0.006904209361356828,101,1,,exp,Faster Decaying
240,0.4804211616516113,0.39668921863331513,0.40229443942799287,0.005605220794677734,0.5907204571892234,0.5976246665505802,0.006904209361356828,101,1,,exp,Faster Decaying
250,0.4764652609825134,0.39668919058407054,0.4022941028370577,0.005604912252987149,0.5907204571892234,0.5976242738611558,0.006903816671932406,101,1,,exp,Faster Decaying
260,0.47657613158226014,0.39668919058407054,0.4022941028370577,0.005604912252987149,0.5907204571892234,0.5976242738611558,0.006903816671932406,101,1,,exp,Faster Decaying
270,0.4785423517227173,0.39668921863331513,0.4022941028370577,0.005604884203742555,0.5907204571892234,0.5976242738611558,0.006903816671932406,101,1,,exp,Faster Decaying
280,0.47599931359291076,0.39668919058407054,0.4022941028370577,0.005604912252987149,0.5907204571892234,0.5976242738611558,0.006903816671932406,101,1,,exp,Faster Decaying
290,0.4791321575641632,0.3966892466825597,0.4022941028370577,0.005604856154497961,0.5907204571892234,0.5976242738611558,0.006903816671932406,101,1,,exp,Faster Decaying
300,0.47453547120094297,0.3966892466825597,0.4022941028370577,0.005604856154497961,0.5907204571892234,0.5976242738611558,0.006903816671932406,101,1,,exp,Faster Decaying
310,0.4713024437427521,0.39668921863331513,0.4022941028370577,0.005604884203742555,0.5907204571892234,0.5976242738611558,0.006903816671932406,101,1,,exp,Faster Decaying
320,0.4817779541015625,0.39668921863331513,0.4022941028370577,0.005604884203742555,0.5907204571892234,0.5976242738611558,0.006903816671932406,101,1,,exp,Faster Decaying
330,0.4739764153957367,0.39668919058407054,0.4022941028370577,0.005604912252987149,0.5907204571892234,0.5976242738611558,0.006903816671932406,101,1,,exp,Faster Decaying
340,0.4799866259098053,0.39668921863331513,0.4022941028370577,0.005604884203742555,0.5907204571892234,0.5976242738611558,0.006903816671932406,101,1,,exp,Faster Decaying
350,0.47653977274894715,0.39668919058407054,0.4022941028370577,0.005604912252987149,0.5907204571892234,0.5976242738611558,0.006903816671932406,101,1,,exp,Faster Decaying
360,0.47849499583244326,0.39668921863331513,0.4022941028370577,0.005604884203742555,0.5907204571892234,0.5976242738611558,0.006903816671932406,101,1,,exp,Faster Decaying
370,0.47757582664489745,0.39668921863331513,0.4022941028370577,0.005604884203742555,0.5907204571892234,0.5976242738611558,0.006903816671932406,101,1,,exp,Faster Decaying
380,0.47729372382164004,0.39668921863331513,0.4022941028370577,0.005604884203742555,0.5907204571892234,0.5976242738611558,0.006903816671932406,101,1,,exp,Faster Decaying
390,0.4783528447151184,0.39668919058407054,0.4022941028370577,0.005604912252987149,0.5907204571892234,0.5976242738611558,0.006903816671932406,101,1,,exp,Faster Decaying
400,0.4809792101383209,0.39668919058407054,0.4022941028370577,0.005604912252987149,0.5907204571892234,0.5976242738611558,0.006903816671932406,101,1,,exp,Faster Decaying
410,0.47804619669914244,0.39668921863331513,0.4022941028370577,0.005604884203742555,0.5907204571892234,0.5976242738611558,0.006903816671932406,101,1,,exp,Faster Decaying
420,0.479045158624649,0.3966892466825597,0.4022941028370577,0.005604856154497961,0.5907204571892234,0.5976242738611558,0.006903816671932406,101,1,,exp,Faster Decaying
430,0.47849687933921814,0.3966892466825597,0.4022941028370577,0.005604856154497961,0.5907204571892234,0.5976242738611558,0.006903816671932406,101,1,,exp,Faster Decaying
440,0.48159565329551696,0.3966892466825597,0.4022941028370577,0.005604856154497961,0.5907204571892234,0.5976242738611558,0.006903816671932406,101,1,,exp,Faster Decaying
450,0.47731882333755493,0.39668921863331513,0.4022941028370577,0.005604884203742555,0.5907204571892234,0.5976242738611558,0.006903816671932406,101,1,,exp,Faster Decaying
460,0.4784166753292084,0.3966892466825597,0.4022941028370577,0.005604856154497961,0.5907204571892234,0.5976242738611558,0.006903816671932406,101,1,,exp,Faster Decaying
470,0.4770634710788727,0.3966892466825597,0.4022941028370577,0.005604856154497961,0.5907204571892234,0.5976242738611558,0.006903816671932406,101,1,,exp,Faster Decaying
480,0.4781402885913849,0.39668921863331513,0.4022941028370577,0.005604884203742555,0.5907204571892234,0.5976242738611558,0.006903816671932406,101,1,,exp,Faster Decaying
490,0.476548308134079,0.39668919058407054,0.4022941028370577,0.005604912252987149,0.5907204571892234,0.5976242738611558,0.006903816671932406,101,1,,exp,Faster Decaying
500,0.4775557339191437,0.39668921863331513,0.4022941028370577,0.005604884203742555,0.5907204571892234,0.5976242738611558,0.006903816671932406,101,1,,exp,Faster Decaying
510,0.4789478898048401,0.39668921863331513,0.4022941028370577,0.005604884203742555,0.5907204571892234,0.5976242738611558,0.006903816671932406,101,1,,exp,Faster Decaying
520,0.4761717140674591,0.39668921863331513,0.4022941028370577,0.005604884203742555,0.5907204571892234,0.5976242738611558,0.006903816671932406,101,1,,exp,Faster Decaying
530,0.4763595283031464,0.39668919058407054,0.4022941028370577,0.005604912252987149,0.5907204571892234,0.5976242738611558,0.006903816671932406,101,1,,exp,Faster Decaying
540,0.4739524364471436,0.39668921863331513,0.4022941028370577,0.005604884203742555,0.5907205132877126,0.5976242738611558,0.006903760573443218,101,1,,exp,Faster Decaying
550,0.4789289176464081,0.39668921863331513,0.4022941028370577,0.005604884203742555,0.5907204571892234,0.5976242738611558,0.006903816671932406,101,1,,exp,Faster Decaying
560,0.47661619186401366,0.39668921863331513,0.4022941028370577,0.005604884203742555,0.5907205132877126,0.5976242738611558,0.006903760573443218,101,1,,exp,Faster Decaying
570,0.4800221502780914,0.3966892466825597,0.4022941028370577,0.005604856154497961,0.5907204571892234,0.5976242738611558,0.006903816671932406,101,1,,exp,Faster Decaying
580,0.4765291690826416,0.39668919058407054,0.4022941028370577,0.005604912252987149,0.5907204571892234,0.5976242738611558,0.006903816671932406,101,1,,exp,Faster Decaying
590,0.4790852129459381,0.39668921863331513,0.4022941028370577,0.005604884203742555,0.5907204571892234,0.5976242738611558,0.006903816671932406,101,1,,exp,Faster Decaying
600,0.4793325960636139,0.39668921863331513,0.4022941028370577,0.005604884203742555,0.5907204571892234,0.5976242738611558,0.006903816671932406,101,1,,exp,Faster Decaying
