eta_name,step,train_error,train_error,val_error,val_error,test_error,test_error,gap,gap,gap_raw,gap_raw,grad_norm,grad_norm
,,mean,std,mean,std,mean,std,mean,std,mean,std,mean,std
eta=0.0003,0,0.3298028300205867,0.17491982636503756,0.301198823820977,0.1701749202517541,0.3019095811843872,0.1714343616049099,0.000710757363410211,0.0022659488059847666,0.0021911579086667057,0.00734919246247285,,
eta=0.0003,5,0.33417706787586215,0.16835067950048863,0.302184834366753,0.16522708521099805,0.3020291665395101,0.16482233201933427,-0.00015566782724288353,0.002384109927194351,0.002494004839942554,0.00616444713303024,6.602391203244527,5.26573823087462
eta=0.0003,10,0.33763276437918344,0.16323109547528825,0.30263085947150276,0.15800529851342524,0.3029715722401937,0.15893775624921735,0.00034071276869091877,0.0019962281505129876,0.0016140750022161272,0.005993257242853283,0.4495937575896581,0.25256435961309365
eta=0.0003,15,0.3398315737644831,0.15418755458977348,0.3015288384187789,0.14992650911080738,0.3020470968882243,0.15136897850125092,0.0005182584694453651,0.0024283104199391086,0.0014929415498461014,0.0076380890039211636,0.7620254655679067,0.38423852336514186
eta=0.0003,20,0.3417345772186915,0.14535721491115375,0.2998101342292059,0.14253090602173177,0.3003801574707032,0.1430410832534102,0.0005700232414972417,0.002444798986109693,0.0020295863038017523,0.006643292452750236,2.2720292111237845,2.8415042722800345
eta=0.0003,25,0.34339853723843894,0.13715346207300372,0.2990021663052695,0.13550234922808085,0.2992843678792318,0.13600334705336525,0.0002822015739622763,0.002416427590165539,0.002563682624271942,0.006277410764581927,0.698525736729304,0.23056890181155565
eta=0.0003,30,0.34440840780735016,0.12939454652762503,0.29709514549800325,0.1288238260966598,0.2975431804656982,0.12892136763730697,0.00044803496769497503,0.0023067464578798414,0.0019947685060046996,0.005560918138209138,1.9508157670497894,1.898354267024381
eta=0.0003,35,0.3484033366044363,0.12617496152577792,0.29737322883946554,0.1260412841730428,0.29790769386291505,0.12655741687750371,0.0005344650234494855,0.002730455566256159,0.0021708964166186986,0.006652734635103336,1.7159680525461833,1.3482455627314276
eta=0.0003,40,0.348006589214007,0.11938702062768282,0.296239679767972,0.12282517896550355,0.2966955738067627,0.12227161689356102,0.00045589403879074214,0.002620270667247382,0.0007804925214676869,0.006243523902235798,0.6842178106307983,0.1712113137684626
eta=0.0003,45,0.350711597998937,0.11414481257839573,0.2954414969398862,0.1180505547400998,0.2960290095011393,0.11885126475757905,0.0005875125612531303,0.002507027793903398,0.0020486179192861034,0.006634795755199196,0.7679040431976318,0.41467099447350614
eta=0.0003,50,0.35282752116521204,0.11305534468728526,0.294498772138641,0.11592630033105306,0.2948751265207927,0.11604339649285969,0.00037635438215165756,0.002566326800095407,0.0014481764520917761,0.005807348907252529,3.8350648085276284,5.343434119472024
eta=0.0003,55,0.35752749244372045,0.11106850814531853,0.294645178885687,0.11590643629421575,0.2956930872599284,0.11574890729219142,0.0010479083742414204,0.002267801982395882,0.002271493548438641,0.006815673256429182,3.4915976747870445,5.638473529131554
eta=0.0003,60,0.3578540166219075,0.10851730111888068,0.29490648493880317,0.11457739922537645,0.2952699565887451,0.11446847576549324,0.00036347164994194697,0.002661758260498318,0.0012814928122928948,0.005963173924366789,0.6656478643417358,0.2345880086305055
eta=0.0003,65,0.35835240085919695,0.10230241324292501,0.2921985543909527,0.11031964059696904,0.29301469421386717,0.11040946020520032,0.0008161398229144893,0.0022027800236685377,0.0014574236415681452,0.006746743798798043,2.0638975898424783,1.3420813920393502
eta=0.0003,70,0.3613930344581604,0.09958091750630309,0.2910829385121663,0.10808401902462007,0.2920903657277425,0.10851675036346813,0.0010074272155761639,0.002619497808648528,0.00098720977419899,0.006805232295776119,0.9351105491320292,0.44340788998778974
eta=0.0003,75,0.3637139777342478,0.0961626211097657,0.29085474071048556,0.10623146647683128,0.29122808074951173,0.10623937177078752,0.0003733400390261617,0.0018988884735997012,0.0019574901489984495,0.007031260350877734,0.41319407025973004,0.39839100867333566
eta=0.0003,80,0.36378579735755917,0.09153705917669276,0.2884401274578912,0.10304092934191825,0.2892158006032308,0.10318666232493313,0.000775673145339606,0.00267250934996934,0.0012346844446091503,0.007324966586394296,0.9022115617990494,0.8874887584174077
eta=0.0003,85,0.3663577040036519,0.09158728212576156,0.2882183683770044,0.10403489696034503,0.2890475730895996,0.10350055613155217,0.0008292047125952606,0.0024749793415057516,0.0014918576989855399,0.00684418033683276,1.1347922484079997,0.9165973761240941
eta=0.0003,90,0.36926600933074955,0.08723421282006455,0.28826598823070526,0.10188757388693107,0.2888962211608887,0.10186358365878932,0.0006302329301834294,0.0028632895692699578,0.002480256693703775,0.006181726674667636,2.0411664644877114,2.4376469954144557
eta=0.0003,95,0.3728835682074229,0.08980409416440391,0.28728180414154414,0.10271826433208332,0.2880409940083822,0.10212314734542381,0.0007591898668380023,0.0021332194670553644,0.001556212527411301,0.007704716704778523,3.9863140086332955,5.251244815259832
eta=0.0003,100,0.3742203891277313,0.08841670617843832,0.2870152131432579,0.10299107944302671,0.28780352147420246,0.10291808269608256,0.0007883083309446018,0.002991086622529602,0.0027009490103948783,0.006810338914386633,3.676370749870936,5.481504169097062
eta=0.001,0,0.3298028300205867,0.17491982636503756,0.301198823820977,0.1701749202517541,0.3019095811843872,0.1714343616049099,0.000710757363410211,0.0022659488059847666,0.0021911579086667057,0.00734919246247285,,
eta=0.001,5,0.333674759666125,0.1477079480317553,0.29727567732334137,0.145152301270353,0.2971342436472575,0.144601416348068,-0.00014143367608387045,0.0024181987070029617,0.002415249699637967,0.00628083712566366,1.4096772074699402,1.644400043902524
eta=0.001,10,0.3432164251804352,0.12629222983641314,0.2960070577405748,0.12617157623864905,0.296286106745402,0.1267643927045031,0.0002790490048272439,0.002191276644299238,0.0015167636644272675,0.006402341481954239,1.2638526956240337,0.9630014588813443
eta=0.001,15,0.3528507749239604,0.11669568502335123,0.2965102983372552,0.11977661125572099,0.29701191520690917,0.12040208346337221,0.0005016168696539794,0.002522988744365214,0.0012870491345723563,0.008223435924837113,4.15801019469897,4.847545820219758
eta=0.001,20,0.3598495880762736,0.10621493370692778,0.2936681551592691,0.11319710544911309,0.2943655039469401,0.11267516492707243,0.0006973487876710353,0.0026428852257781095,0.0020811619758606126,0.0070813789524400055,3.672367572784424,5.480523381924151
eta=0.001,25,0.3667352596918742,0.10242341491611441,0.29249035460608347,0.1120788092615934,0.2928093242645264,0.11153192492701453,0.00031896965844292285,0.002602263696556189,0.0026440834999084117,0.00697913839658545,1.0920659725864728,1.294742184320502
eta=0.001,30,0.36983972191810605,0.08904084902645003,0.2851250945102601,0.10398144178121073,0.2857112007141113,0.10301755425455392,0.0005861062038512351,0.0024043891388986103,0.0020908624444688773,0.006163977937794824,1.2984648942947388,1.1961584082992291
eta=0.001,35,0.37747001846631373,0.08813345086572366,0.28280804909410934,0.10409678751009904,0.28337413406372075,0.10336828573532268,0.0005660849696113857,0.003073858319142097,0.002209139426549267,0.007444335439209097,0.7647380580504736,0.541353934585289
eta=0.001,40,0.3836910009384155,0.08354533438386423,0.2792736220927466,0.10382738381079817,0.27996059799194334,0.1023448618491762,0.0006869758991968067,0.002840867648497028,0.0012481572741553741,0.007103666692570769,0.6671142280101776,0.1737299268707013
eta=0.001,45,0.3900782505671183,0.07862080366974197,0.2763004430702754,0.09967164309215794,0.27712128194173175,0.09943098063535173,0.0008208388714563234,0.002855895076981399,0.002360957236517025,0.007596656402129779,0.5147173702716827,0.19079564035606675
eta=0.001,50,0.3954736590385437,0.07635185350946165,0.27189079849492936,0.09879822374352676,0.27278080622355144,0.09804726164058214,0.0008900077286220683,0.0028256969138148167,0.0017125515143076402,0.0061747144351775194,0.6891191477576891,0.6776081939185729
eta=0.001,55,0.40010552008946737,0.07278063236212477,0.266877979749725,0.09735734851232103,0.2685828456878662,0.09643750899565777,0.0017048659381412312,0.0027432219642834384,0.0029747715336936134,0.008214673036429006,0.35534770290056866,0.2310858360515604
eta=0.001,60,0.4023547887802124,0.06834867058266968,0.2635648200909297,0.09590746354670994,0.2643637663523356,0.09500674536893496,0.0007989462614059473,0.003001966847120716,0.0019140467870803295,0.007166521130456135,0.40306641161441803,0.24809481209973472
eta=0.001,65,0.40914699832598367,0.06644912882037382,0.25930607673667727,0.09447224682509256,0.26052168146769206,0.09407224605458925,0.0012156047310148133,0.002557257513301841,0.002216986417770369,0.008105108098796443,0.6289246678352356,0.01696170134485472
eta=0.001,70,0.4103037814299266,0.06905301887405982,0.25367112102962674,0.09454455839552814,0.25516900126139325,0.09467835917186168,0.0014978802317664834,0.0031897429475712157,0.0020881821768624262,0.007790432782355668,0.8132162392139435,0.7483321542998527
eta=0.001,75,0.4132591009140015,0.06280476841435755,0.25088220550900414,0.09276213216167005,0.2516722901662191,0.09246068485833514,0.0007900846572149456,0.002319727242940947,0.002614640724091307,0.008916119495454395,0.41918906072775525,0.3651255011327225
eta=0.001,80,0.4163321355978648,0.05701091129439652,0.24521084484599887,0.08889545604736084,0.24670588556925455,0.08898500635240597,0.0014950407232557084,0.003192090450816471,0.002461247852870422,0.00950072056118988,3.4480094388127327,5.675439850790166
eta=0.001,85,0.42374091148376464,0.04604080200673034,0.24128146540550957,0.08531120258078685,0.243013308207194,0.08469577495525196,0.001731842801684406,0.0031865803512590237,0.0022863813581921097,0.00929850200157774,0.7829229633013407,0.2554045122883704
eta=0.001,90,0.43549518783887226,0.037797490242291905,0.24039829274018606,0.08285807202449033,0.24164405186971027,0.08256943214980729,0.0012457591295242192,0.003715208797092803,0.0035640549092065634,0.008273808703879865,0.23174271235863367,0.33485062920893444
eta=0.001,95,0.44037847717603046,0.03165731695703039,0.237100179706301,0.08146594649691108,0.2388395964304606,0.08064207694041282,0.0017394167241596055,0.0028563718361815805,0.00342429334776743,0.010075947763700068,0.4525975485642751,0.3070218126965346
eta=0.001,100,0.4446173051993052,0.029213474357492684,0.23364908709412532,0.08024222055700511,0.23536768913269043,0.08035098281442149,0.0017186020385651368,0.003697600258070701,0.004357463655017639,0.008913428071495762,2.234708294272423,3.245776266858206
eta=0.003,0,0.3298028300205867,0.17491982636503756,0.301198823820977,0.1701749202517541,0.3019095811843872,0.1714343616049099,0.000710757363410211,0.0022659488059847666,0.0021911579086667057,0.00734919246247285,,
eta=0.003,5,0.34154596130053205,0.099319365926761,0.28902199083850494,0.10542692195378428,0.28890936406453455,0.10438838715497507,-0.0001126267739704756,0.002513382184486599,0.002197046949749907,0.0065335338156955,2.790206034978231,2.6017883005561067
eta=0.003,10,0.3547267536322276,0.04009651437648839,0.2734231246369226,0.06462242360251474,0.2737986373901367,0.06412542482716406,0.00037551275321415223,0.0026091474370613004,0.0015416762715294203,0.007191991628211926,5.102768292029698,4.776736069685454
eta=0.003,15,0.37232579986254377,0.012853276001307343,0.26039532891341616,0.0523534390383888,0.26121744283040366,0.05160860139163433,0.0008221139169874806,0.002919418879899733,0.00149750296274818,0.009327837145924974,3.6716560075680413,5.495972567422397
eta=0.003,20,0.40426777402559916,0.029449376371358377,0.25478920269580113,0.047338215145796475,0.2563379993438721,0.04494905992839786,0.0015487966480709214,0.0037105342329043344,0.0032522138527461553,0.00827683373642068,1.2134563041230042,1.44486865575398
eta=0.003,25,0.4251270532608032,0.0533106558368228,0.24353733091127303,0.04420524217047588,0.24459284909566245,0.042151759553289814,0.001055518184389398,0.0036370466182499383,0.003891704502559823,0.009089764506627183,1.5949396019180615,2.0554290290556665
eta=0.003,30,0.4260864516099294,0.06670027917561688,0.22777400981812249,0.04740746571629817,0.22908943875630697,0.045443632667882795,0.0013154289381844726,0.003123583154522148,0.0034072368826184585,0.008336981470127227,0.44433757414420444,0.32871525564839865
eta=0.003,35,0.4437656124432882,0.08844551529792678,0.218097984790802,0.04691721271754595,0.21930046145121254,0.044667632878885616,0.0012024766604105581,0.0044063415537355585,0.0038316118603660687,0.009854148781049274,0.3119593548278014,0.3254216728735334
eta=0.003,40,0.4965123951435089,0.13376314416883942,0.21515540778636932,0.039386502066894744,0.21700443458557128,0.03662051670112564,0.0018490267992019767,0.004312815506384795,0.0035311314264933613,0.009672401065843715,2.3377944429715476,1.9710653760888541
eta=0.003,45,0.5298593481381734,0.20375389135550911,0.20857211237861997,0.04376393099874965,0.20991479682922365,0.04086630858369155,0.0013426844506036668,0.0043154200674568625,0.004008660634358711,0.010369424829833333,4.053684949874878,5.171396860335578
eta=0.003,50,0.5125633418560028,0.1850080517894635,0.19261039793491364,0.0456974484381554,0.1946039218902588,0.04342076631259817,0.001993523955345161,0.003851514216270705,0.0030945888814471836,0.007427982721303608,1.1342777162790298,1.2833941553618904
eta=0.003,55,0.5051734308401744,0.16394382779340477,0.18020275093260266,0.04637541655527569,0.18328258832295738,0.04397164537124024,0.003079837390354704,0.004137735935577523,0.005651698657444544,0.011322481182147764,0.7124309639135996,0.48693163436040815
eta=0.003,60,0.5132445295651754,0.17956008679880164,0.17351048404262182,0.04518830830769255,0.17526279226938882,0.04325468831200243,0.0017523082267670391,0.004239089606815452,0.004088643096742191,0.009817005419531621,0.42821871240933734,0.42388122715314147
eta=0.003,65,0.535329794883728,0.19652107332643212,0.16919399265732085,0.044521137366334604,0.17112869103749592,0.043251986225538074,0.0019346983801750799,0.0036796039461108846,0.0044693491118295015,0.010675913687636996,1.0786753346522648,1.3378677326542263
eta=0.003,70,0.547452720006307,0.23341425888096995,0.16045362041110087,0.037548629533961535,0.16233933321634927,0.036370449824535904,0.001885712805248435,0.0051797457523037865,0.004771172602971385,0.009671947541284202,0.13820157945156097,0.08103399600368263
eta=0.003,75,0.5679125547409057,0.2548975539550977,0.15679061093500682,0.03698078452171553,0.15810166994730632,0.0357277299515577,0.001311059012299498,0.0037224131344228816,0.004137989464260268,0.012905353608906506,0.40415650854508084,0.30795230375206223
eta=0.003,80,0.5821055154005687,0.27758172367877193,0.15018878203062783,0.0367949901534682,0.1524110409418742,0.0356569649201182,0.002222258911246347,0.004435069226643454,0.004783481314068749,0.013032209260063182,0.2327983702222506,0.2923080112582118
eta=0.003,85,0.5907930970191956,0.30724588008394627,0.14266089349985123,0.034807869257402764,0.1451503121058146,0.03265427301980679,0.0024894186059633886,0.004718586042969383,0.003352848961239783,0.012845502414006352,0.39248224596182507,0.3304018029461458
eta=0.003,90,0.6032991588115693,0.32556596858689063,0.1393058637068385,0.03504737402923618,0.14067959817250572,0.03341372209409842,0.0013737344656671914,0.005127552184315929,0.0047772176776613535,0.011542716031532637,0.13902098561326662,0.15610265039383056
eta=0.003,95,0.6106531361738841,0.3311935635182093,0.13382941768282935,0.03590663553168185,0.13643071301778156,0.03407156221649767,0.002601295334952222,0.0035885421718083706,0.005898021839913864,0.013042506013518128,0.3906005496780078,0.4288076576927576
eta=0.003,100,0.6176018238067628,0.339605123631304,0.13063291779586247,0.03577896419266701,0.13249357000986736,0.03497176331951651,0.0018606522140048782,0.00456810558160165,0.00612647693497793,0.011293532749440675,0.29387211551268894,0.22240186365934833
