step,train_error,val_error,test_error,gap,val_error_raw,test_error_raw,gap_raw,grad_norm,cg_res,corr_norm,hyper_norm,seed,m1,eta,eta_mode,solver
0,0.3554829001426697,0.3118643505232675,0.31483328247070314,0.002968931947435638,0.735652506351471,0.7462265701293945,0.010574063777923581,,,,,100,500,0.003,fixed,MS-BMO
5,0.32070887088775635,0.24372746050357819,0.24771182441711426,0.003984363913536071,0.5615217089653015,0.569773006439209,0.008251297473907515,1.0503846406936646,10.363330841064453,3.537951946258545,0.8101370334625244,100,500,0.003,fixed,MS-BMO
10,0.3182150661945343,0.2138947035585131,0.2175302085876465,0.0036355050291334012,0.48295025314603535,0.4924188690185547,0.009468615872519348,0.3611237108707428,0.5626923441886902,0.12492610514163971,0.3689168691635132,100,500,0.003,fixed,MS-BMO
15,0.3663147628307343,0.21413180232048035,0.21871811485290527,0.004586312532424919,0.4565837638718741,0.4674199142456055,0.010836150373731368,2.659381866455078,0.3597787022590637,0.32693079113960266,0.2686253488063812,100,500,0.003,fixed,MS-BMO
20,0.3693529188632965,0.20068784270967757,0.20484259605407715,0.0041547533443995754,0.4379338026046753,0.4496648826599121,0.01173108005523682,1.8738325834274292,0.8182750940322876,0.8268879055976868,0.35160353779792786,100,500,0.003,fixed,MS-BMO
25,0.3957389295101166,0.19406081948961532,0.19847519683837891,0.0044143773487635984,0.4192615875176021,0.4303439025878906,0.011082315070288506,0.5245435237884521,3.9638853073120117,2.5336387157440186,0.29585525393486023,100,500,0.003,fixed,MS-BMO
30,0.43637837171554567,0.18949983375413076,0.19424124908447266,0.0047414153303418916,0.39681684970855713,0.410462703704834,0.01364585399627688,1.077560544013977,0.5386385321617126,0.11220759153366089,1.005000352859497,100,500,0.003,fixed,MS-BMO
35,0.4637252688407898,0.18216471799782344,0.18660997009277344,0.004445252094950003,0.38210939935275484,0.3944205322265625,0.01231113287380764,0.5205109119415283,0.9206256866455078,0.5278539657592773,0.18829570710659027,100,500,0.003,fixed,MS-BMO
40,0.45834973454475403,0.16979727574757167,0.17589717864990234,0.006099902902330673,0.37046082956450327,0.3841717758178711,0.013710946253367828,10.000000953674316,33.457984924316406,25.449153900146484,0.8486957550048828,100,500,0.003,fixed,MS-BMO
45,0.5165775656700134,0.1685435857091631,0.1757737979888916,0.007230212279728476,0.3493406432015555,0.36801077270507815,0.018670129503522648,3.7875633239746094,2.0809996128082275,0.7796697020530701,0.3705168068408966,100,500,0.003,fixed,MS-BMO
50,0.5399191856384278,0.16030844194548471,0.16816539573669434,0.007856953791209625,0.3348114362784794,0.3522460327148437,0.017434596436364302,1.2741740942001343,0.45022985339164734,0.09234566986560822,0.048090625554323196,100,500,0.003,fixed,MS-BMO
55,0.5568190097808838,0.15350931669984544,0.15954521751403808,0.006035900814192641,0.3202027806213924,0.335856330871582,0.015653550250189607,0.5026752352714539,1.8149875402450562,0.6132290363311768,0.08277627825737,100,500,0.003,fixed,MS-BMO
60,0.5758409142494202,0.14546914398670197,0.15298951148986817,0.007520367503166203,0.2993059626647404,0.32176335906982423,0.022457396405083818,0.6077751517295837,1.8826944828033447,0.03326932340860367,0.951574444770813,100,500,0.003,fixed,MS-BMO
65,0.594897186756134,0.13696734607219696,0.1462523880004883,0.009285041928291327,0.28763459835733685,0.30786623191833495,0.020231633560998108,0.15553465485572815,1.0986170768737793,0.5280140042304993,0.07428519427776337,100,500,0.003,fixed,MS-BMO
70,0.6125328183174134,0.13154684965099608,0.13978167152404786,0.008234821873051773,0.27668617027146475,0.2938068199157715,0.017120649644306762,0.060591306537389755,0.25066059827804565,0.20476968586444855,0.8619207143783569,100,500,0.003,fixed,MS-BMO
75,0.6312140941619873,0.1276357067482812,0.13552374076843263,0.007888034020151424,0.2683534643479756,0.2848714370727539,0.01651797272477834,0.03658248111605644,0.17042279243469238,0.0854954645037651,0.18569207191467285,100,500,0.003,fixed,MS-BMO
80,0.6463881731033325,0.12487458969865527,0.13044756507873534,0.005572975380080072,0.2561213437999998,0.27412106895446775,0.01799972515446796,0.07022034376859665,0.8204410672187805,0.2545246481895447,0.12368758767843246,100,500,0.003,fixed,MS-BMO
85,0.6281930208206177,0.11397834122180939,0.12093938064575195,0.006961039423942564,0.2379294761589595,0.2588733367919922,0.02094386063303269,8.135114669799805,329.4351806640625,15.962196350097656,0.28104060888290405,100,500,0.003,fixed,MS-BMO
90,0.6285197615623475,0.10859665700367518,0.11747343158721923,0.00887677458354405,0.23592266014644078,0.2543034133911133,0.018380753244672504,0.9953734874725342,0.4647888243198395,0.07484723627567291,0.046566545963287354,100,500,0.003,fixed,MS-BMO
95,0.6451292634010315,0.1082975257720266,0.11466587829589844,0.0063683525238718425,0.2350324605192457,0.24783676528930665,0.012804304770060948,0.035640738904476166,0.11879375576972961,0.08913794904947281,0.2551285922527313,100,500,0.003,fixed,MS-BMO
100,0.6517924904823303,0.10322856051581246,0.11067360782623291,0.0074450473104204495,0.22327481848852976,0.23933689308166503,0.016062074593135273,0.0719912201166153,0.11354263871908188,0.035997334867715836,0.152011901140213,100,500,0.003,fixed,MS-BMO
0,0.4904630720615387,0.4657901270048959,0.46651635360717775,0.000726226602281832,0.6712947828429086,0.6704372024536133,-0.0008575803892952871,,,,,101,500,0.003,fixed,MS-BMO
5,0.44864410161972046,0.40561922107424053,0.40737036514282227,0.0017511440685817337,0.6359760165214539,0.6369174423217774,0.0009414258003235254,5.537451267242432,0.8849964737892151,0.40449899435043335,0.7316146492958069,101,500,0.003,fixed,MS-BMO
10,0.4279495179653168,0.3699768739087241,0.37045578384399414,0.00047890993527005543,0.6069867440632412,0.6072444877624512,0.0002577436992100557,1.0344476699829102,0.5621866583824158,0.05460076406598091,0.7110476493835449,101,500,0.003,fixed,MS-BMO
15,0.42049300074577334,0.34779220819473267,0.3486009864807129,0.0008087782859802495,0.5847824556486947,0.5851336135864258,0.0003511579377311058,0.7222769856452942,0.5003184080123901,0.09874074906110764,1.0831269025802612,101,500,0.003,fixed,MS-BMO
20,0.37866602540016175,0.3040027618408203,0.30349971771240236,-0.000503044128417951,0.5662340266363961,0.5669210205078125,0.0006869938714163526,1.8411359786987305,0.9536339640617371,0.013850163668394089,0.42907994985580444,101,500,0.003,fixed,MS-BMO
25,0.3688199818134308,0.2875595135348184,0.2883241424560547,0.0007646289212362989,0.5517871805599758,0.5525886764526368,0.0008014958926609861,0.6727295517921448,0.8772976994514465,0.06575267761945724,0.1127738505601883,101,500,0.003,fixed,MS-BMO
30,0.3681631565093994,0.27636956742831637,0.2774030990600586,0.001033531631742246,0.5424692715917315,0.541654296875,-0.0008149747167315313,0.7730954885482788,0.7502129673957825,0.4125162661075592,1.2674297094345093,101,500,0.003,fixed,MS-BMO
35,0.3614473044872284,0.2659521613802229,0.2668593769073486,0.0009072155271257487,0.5308580568858555,0.5311152648925781,0.0002572080067225757,0.7835838198661804,0.5901219844818115,0.41234469413757324,0.6699901223182678,101,500,0.003,fixed,MS-BMO
40,0.35624646544456484,0.2555778665202005,0.25637239265441897,0.0007945261342184873,0.5159506286893573,0.5199447822570801,0.0039941535677228135,0.6928560137748718,0.29366636276245117,0.19665762782096863,0.4495915472507477,101,500,0.003,fixed,MS-BMO
45,0.3559486985206604,0.24781363138130733,0.24802478790283203,0.00021115652152470243,0.507537475654057,0.5103243408203125,0.002786865166255481,0.5576785802841187,0.3229233920574188,0.14547701179981232,0.5441920161247253,101,500,0.003,fixed,MS-BMO
50,0.3530909776687622,0.24002745108945028,0.24078641319274902,0.0007589621032987326,0.5011206226689475,0.5029601097106934,0.0018394870417458575,0.41519832611083984,0.6271814107894897,0.2445744127035141,0.532988965511322,101,500,0.003,fixed,MS-BMO
55,0.3537865042686462,0.23508192811693465,0.23617283058166505,0.0010909024647303978,0.494707248040608,0.49578036880493165,0.001073120764323643,1.3819642066955566,8.352866172790527,3.781630039215088,0.5457526445388794,101,500,0.003,fixed,MS-BMO
60,0.35928470492362974,0.23188296173300063,0.23244798469543457,0.0005650229624339365,0.48654063258852276,0.49006769943237305,0.0035270668438502906,0.4282898008823395,0.7478493452072144,0.01570139266550541,0.5542249083518982,101,500,0.003,fixed,MS-BMO
65,0.3547465980052948,0.22394422122410365,0.2248506202697754,0.0009063990456717463,0.48243793845176697,0.4844052505493164,0.001967312097549412,0.7273882031440735,0.6370229125022888,0.4169459342956543,1.741298794746399,101,500,0.003,fixed,MS-BMO
70,0.2806624352931976,0.18869356172425406,0.18950156021118164,0.0008079984869275858,0.47672324095453533,0.47807965087890625,0.001356409924370916,3.0143165588378906,0.8448917269706726,0.5351506471633911,0.40810874104499817,101,500,0.003,fixed,MS-BMO
75,0.2739404499530792,0.18237158017499105,0.18320459175109863,0.0008330115761075729,0.46772654567446026,0.4692277526855469,0.001501207011086636,0.22102496027946472,0.6490074992179871,0.32238468527793884,0.4837660491466522,101,500,0.003,fixed,MS-BMO
80,0.251117143034935,0.17039258990968978,0.17124668884277344,0.0008540989330836635,0.4574473031929561,0.45941796875,0.0019706655570438936,0.6314283013343811,0.18422311544418335,0.15502336621284485,0.49336203932762146,101,500,0.003,fixed,MS-BMO
85,0.24719337224960328,0.16488908657005855,0.16630315971374512,0.0014140731436865783,0.4475171523434775,0.44984772872924805,0.0023305763857705553,0.36119651794433594,0.5152755379676819,0.06535685807466507,0.34855392575263977,101,500,0.003,fixed,MS-BMO
90,0.2426173448562622,0.1607330803360258,0.16185630416870117,0.0011232238326753796,0.4388850246156965,0.4409807815551758,0.0020957569394792763,0.2207736074924469,0.45498132705688477,0.3033895790576935,0.2830773890018463,101,500,0.003,fixed,MS-BMO
95,0.23885450661182403,0.15647659131458827,0.15759412002563478,0.001117528711046506,0.43152310592787607,0.43298022842407224,0.0014571224961961726,0.783366322517395,0.8265844583511353,0.9007660150527954,0.6171591281890869,101,500,0.003,fixed,MS-BMO
100,0.23348576128482817,0.15200610245977128,0.1534089984893799,0.001402896029608608,0.4208030274936131,0.4262010498046875,0.005398022311074391,0.4616554379463196,0.2265314757823944,0.14243590831756592,0.47618770599365234,101,500,0.003,fixed,MS-BMO
0,0.14346251785755157,0.1259419939347676,0.12437910747528076,-0.001562886459486837,0.2526722550392151,0.2495292453765869,-0.0031430096626281767,,,,,102,500,0.003,fixed,MS-BMO
5,0.25172439217567444,0.21329374611377716,0.2103859806060791,-0.002907765507698057,0.4287614609513964,0.4247081146240234,-0.004053346327372975,0.3639015853404999,0.2656106948852539,0.24876421689987183,0.3229188919067383,102,500,0.003,fixed,MS-BMO
10,0.2865979015827179,0.22475910186767578,0.2225600528717041,-0.0021990489959716752,0.496407755783626,0.49392138671875,-0.0024863690648759817,2.284538984298706,0.48271703720092773,0.3601093292236328,0.3466920852661133,102,500,0.003,fixed,MS-BMO
15,0.31539841294288634,0.22149171786648886,0.22003297042846678,-0.0014587474380220733,0.49645266362598967,0.4939670867919922,-0.0024855768339974715,0.5095709562301636,0.8241982460021973,0.5711254477500916,13.45081615447998,102,500,0.003,fixed,MS-BMO
20,0.3295815885066986,0.20919554361275264,0.2076928997039795,-0.001502643908773138,0.47542824489729746,0.4724438819885254,-0.0029843629087720758,1.077192783355713,0.5930969715118408,0.17162325978279114,0.5550276041030884,102,500,0.003,fixed,MS-BMO
25,0.3428454637527466,0.19874450990131923,0.1966849594116211,-0.0020595504896981365,0.4548975782735007,0.4511115493774414,-0.003786028896059279,0.5166211128234863,0.7235637307167053,0.5910515189170837,0.14498133957386017,102,500,0.003,fixed,MS-BMO
30,0.36361963748931886,0.19000226897852762,0.18912849044799804,-0.0008737785305295842,0.43644716909953524,0.4339897155761719,-0.002457453523363351,0.346871554851532,0.2653646171092987,0.09054432064294815,0.08051750808954239,102,500,0.003,fixed,MS-BMO
35,0.3766293227672577,0.18114316037722997,0.17969313049316407,-0.0014500298840658954,0.4162805676460266,0.4136616630554199,-0.0026189045906067077,0.8993132710456848,1.2923892736434937,1.5226073265075684,0.2599286139011383,102,500,0.003,fixed,MS-BMO
40,0.4447407126426697,0.18647413168634688,0.1839008731842041,-0.0025732585021427945,0.4025615411145346,0.39717536544799803,-0.005386175666536597,2.3456099033355713,0.44366905093193054,0.21901163458824158,14.133371353149414,102,500,0.003,fixed,MS-BMO
45,0.5341225266456604,0.19240614771842957,0.1901639995574951,-0.0022421481609344596,0.3885514608451298,0.38444023895263674,-0.004111221892493078,1.0706058740615845,0.7222576141357422,0.30403950810432434,0.9973465204238892,102,500,0.003,fixed,MS-BMO
50,0.5255260825157165,0.1772175431251526,0.1751691722869873,-0.002048370838165281,0.37161686590739657,0.36713897323608397,-0.0044778926713126,0.46576324105262756,2.034048318862915,1.2723121643066406,0.7559137344360352,102,500,0.003,fixed,MS-BMO
55,0.5518372535705567,0.16851469448634557,0.16741423034667968,-0.0011004641396658854,0.35628040773527964,0.35189202880859377,-0.004388378926685865,0.06371080130338669,0.6737514734268188,0.05269990861415863,23.82857322692871,102,500,0.003,fixed,MS-BMO
60,0.5730234026908875,0.16125862087522233,0.15947545623779297,-0.001783164637429363,0.34300076961517334,0.33518042755126953,-0.007820342063903807,0.07162268459796906,0.1788070946931839,0.14010114967823029,0.5595881938934326,102,500,0.003,fixed,MS-BMO
65,0.6001068234443665,0.15657335094043187,0.15335229301452638,-0.0032210579259054906,0.32898692573819843,0.3226002540588379,-0.006386671679360523,0.20914874970912933,0.9358216524124146,0.2615277171134949,0.4456482231616974,102,500,0.003,fixed,MS-BMO
70,0.6260520100593567,0.1494054411138807,0.14788534736633302,-0.0015200937475476906,0.3142048418521881,0.3115892677307129,-0.002615574121475228,0.07358201593160629,0.4064323604106903,0.13343124091625214,0.4210420846939087,102,500,0.003,fixed,MS-BMO
75,0.6311787605285645,0.14131172852856771,0.1399741334915161,-0.0013375950370516088,0.2987857035228184,0.29732920074462893,-0.0014565027781894835,0.6900485754013062,9.89023208618164,0.5474357008934021,0.3920257091522217,102,500,0.003,fixed,MS-BMO
80,0.6510578751564026,0.13683412756238664,0.13396774864196778,-0.002866378920418855,0.28713977336883545,0.28437299728393556,-0.0027667760848998912,0.044453710317611694,0.999220073223114,0.026841988787055016,0.052249472588300705,102,500,0.003,fixed,MS-BMO
85,0.6690503478050231,0.1311853900551796,0.12860990524291993,-0.002575484812259665,0.2801241193498884,0.2730899524688721,-0.007034166881016324,0.19494986534118652,0.8900659680366516,0.2161443680524826,0.054207149893045425,102,500,0.003,fixed,MS-BMO
90,0.6863755106925964,0.12638619329248155,0.12305962657928467,-0.0033265667131968796,0.26693796685763765,0.2616726531982422,-0.005265313659395476,0.07811787724494934,0.4659792184829712,0.08536838740110397,0.46311819553375244,102,500,0.003,fixed,MS-BMO
95,0.7014749765396118,0.12089346987860543,0.11798730564117432,-0.0029061642374311053,0.2546425461769104,0.2506130409240723,-0.004029505252838128,0.05241576209664345,0.5947480201721191,0.026593990623950958,0.28101515769958496,102,500,0.003,fixed,MS-BMO
100,0.7353250741958618,0.11734880719866071,0.11490919494628907,-0.002439612252371645,0.2485762515238353,0.24173573303222656,-0.006840518491608744,0.4093133509159088,0.1704125553369522,0.06394580006599426,0.1317950040102005,102,500,0.003,fixed,MS-BMO
