step,train_error,val_error,test_error,gap,val_error_raw,test_error_raw,gap_raw,grad_norm,cg_res,corr_norm,seed,m1,eta,eta_mode,solver,eta_name
0,0.3554829001426697,0.3118643505232675,0.31483328247070314,0.002968931947435638,0.735652506351471,0.7462265701293945,0.010574063777923581,,,,100,500,0.0003,fixed,MS-BMO,eta=0.0003
5,0.35327481031417846,0.3040061891078949,0.3065553283691406,0.0025491392612457253,0.7101298655782428,0.7195952987670898,0.009465433188847072,9.270530700683594,27.774229049682617,20.60484504699707,100,500,0.0003,fixed,MS-BMO,eta=0.0003
10,0.3479625403881073,0.29408410617283415,0.2964167633056641,0.0023326571328299295,0.6813484600612095,0.6894098815917968,0.00806142153058731,0.7022245526313782,0.8294745683670044,0.7430123686790466,100,500,0.0003,fixed,MS-BMO,eta=0.0003
15,0.34178484678268434,0.2837542082582201,0.28635741424560546,0.0026032059873853375,0.6533952185085842,0.6631576919555664,0.009762473446982223,1.021816372871399,0.7020325660705566,0.7975031137466431,100,500,0.0003,fixed,MS-BMO,eta=0.0003
20,0.3371302306652069,0.2742119772093637,0.2774260177612305,0.0032140405518668036,0.6311980571065631,0.6401160049438477,0.008917947837284612,0.923549234867096,0.4497638940811157,0.5784964561462402,100,500,0.0003,fixed,MS-BMO,eta=0.0003
25,0.33355714082717897,0.2673578645501818,0.2702059307098389,0.0028480661596571033,0.6113472751208714,0.6205879898071289,0.009240714686257534,0.865294873714447,0.7032685875892639,0.7269127368927002,100,500,0.0003,fixed,MS-BMO,eta=0.0003
30,0.33143356442451477,0.26008799246379305,0.26309235000610354,0.0030043575423104874,0.5949728829520089,0.6031419296264648,0.008169046674455949,1.2800281047821045,0.9647856950759888,0.8394168019294739,100,500,0.0003,fixed,MS-BMO,eta=0.0003
35,0.3271545946598053,0.25304807083947317,0.25636585998535155,0.0033177891458783804,0.5779880966459002,0.5875200157165528,0.00953191907065254,3.0383782386779785,2.7854256629943848,2.9470443725585938,100,500,0.0003,fixed,MS-BMO,eta=0.0003
40,0.32449607253074647,0.24674517980643682,0.2501999092102051,0.0034547294037682585,0.5659270201410566,0.5734413986206055,0.007514378479548944,0.8485954403877258,0.44499072432518005,0.026943834498524666,100,500,0.0003,fixed,MS-BMO,eta=0.0003
45,0.3233301997184753,0.24283466168812343,0.24561517333984376,0.00278051165172033,0.5530733721596854,0.5621680068969727,0.009094634737287222,0.6727819442749023,0.825836181640625,1.142103910446167,100,500,0.0003,fixed,MS-BMO,eta=0.0003
50,0.31962775588035586,0.237269503729684,0.24027930450439453,0.003009800774710525,0.5432047503335136,0.5510144729614258,0.007809722627912241,10.000000953674316,47.974159240722656,61.288108825683594,100,500,0.0003,fixed,MS-BMO,eta=0.0003
55,0.31931784749031067,0.23349287467343466,0.23695752716064453,0.0034646524872098683,0.532386064529419,0.5419146537780761,0.009528589248657182,0.08601195365190506,0.7501037120819092,0.014871429651975632,100,500,0.0003,fixed,MS-BMO,eta=0.0003
60,0.3170613765716553,0.2298267377274377,0.23294189262390136,0.003115154896463662,0.5267638564109802,0.533521686553955,0.006757830142974819,0.9354327917098999,2.1109118461608887,0.46701958775520325,100,500,0.0003,fixed,MS-BMO,eta=0.0003
65,0.3156447529792786,0.22680312607969558,0.22976080322265624,0.002957677142960663,0.517242431640625,0.5260287551879883,0.008786323547363306,2.429997682571411,3.2652747631073,4.230688095092773,100,500,0.0003,fixed,MS-BMO,eta=0.0003
70,0.3182886838912964,0.223646947315761,0.2269186897277832,0.0032717424120221883,0.5109870561531612,0.519259521484375,0.00827246533121384,0.5027823448181152,1.8314564228057861,0.3627205491065979,100,500,0.0003,fixed,MS-BMO,eta=0.0003
75,0.31746059060096743,0.2225986740418843,0.22479966163635254,0.00220098759446824,0.5042015995298114,0.5138448333740234,0.009643233844212062,0.3054707646369934,1.1195135116577148,1.0788289308547974,100,500,0.0003,fixed,MS-BMO,eta=0.0003
80,0.3185864984989166,0.2192940733262471,0.22250429916381836,0.0032102258375712733,0.49885797074862887,0.5081465377807617,0.009288567032132822,0.2228017896413803,0.349045991897583,0.06838761270046234,100,500,0.0003,fixed,MS-BMO,eta=0.0003
85,0.31731152534484863,0.21683152871472494,0.22028503608703615,0.003453507372311204,0.49372237495013643,0.5027790069580078,0.009056632007871379,0.07834064960479736,0.7241244316101074,0.04254445433616638,100,500,0.0003,fixed,MS-BMO,eta=0.0003
90,0.3195390820503235,0.2154533565044403,0.21872579956054689,0.0032724430561065776,0.488858733858381,0.4981859321594238,0.009327198301042783,0.7014228701591492,0.9641249775886536,1.0615335702896118,100,500,0.0003,fixed,MS-BMO,eta=0.0003
95,0.3183729648590088,0.21398024473871505,0.2170328426361084,0.0030525978973933443,0.48391033496175495,0.49400051498413083,0.010090180022375883,0.3069640100002289,0.4291142523288727,0.3943600058555603,100,500,0.0003,fixed,MS-BMO,eta=0.0003
100,0.32065974473953246,0.21191424131393433,0.2154633903503418,0.003549149036407462,0.47972271697861807,0.4899965019226074,0.01027378494398934,0.27860531210899353,0.25133073329925537,0.20865148305892944,100,500,0.0003,fixed,MS-BMO,eta=0.0003
0,0.4904630720615387,0.4657901270048959,0.46651635360717775,0.000726226602281832,0.6712947828429086,0.6704372024536133,-0.0008575803892952871,,,,101,500,0.0003,fixed,MS-BMO,eta=0.0003
5,0.49216448664665224,0.46649371300424847,0.46454180145263674,-0.0019519115516117291,0.6663845947810582,0.6666377944946289,0.0002531997135707398,9.999999046325684,132.9340362548828,55.841156005859375,101,500,0.0003,fixed,MS-BMO,eta=0.0003
10,0.4954536497592926,0.46473607420921326,0.4650853271484375,0.0003492529392242205,0.6615161384854998,0.6620843658447265,0.0005682273592266807,0.19709588587284088,12.014174461364746,3.908827066421509,101,500,0.0003,fixed,MS-BMO,eta=0.0003
15,0.4930332124233246,0.4595503381320408,0.4606498336791992,0.00109949554715838,0.6575099570410592,0.6575236053466796,1.3648305620450607e-05,0.9436115622520447,2.1679255962371826,0.49572673439979553,101,500,0.0003,fixed,MS-BMO,eta=0.0003
20,0.48933926224708557,0.4534055548054831,0.45351026153564455,0.00010470673016144127,0.6519357647214618,0.6534445571899414,0.0015087924684796805,5.536703109741211,1.2534080743789673,0.4556148946285248,101,500,0.0003,fixed,MS-BMO,eta=0.0003
25,0.4852076292037964,0.4475264847278595,0.44747516250610353,-5.1322221755967234e-05,0.6477112259183612,0.649379508972168,0.0016682830538068405,0.7948716878890991,4.386878967285156,1.1770230531692505,101,500,0.0003,fixed,MS-BMO,eta=0.0003
30,0.47980156540870667,0.4403722413948604,0.4401901817321777,-0.00018205966268269869,0.6448139037404742,0.6452487945556641,0.00043489081518988115,4.0934953689575195,3.075772762298584,0.19008561968803406,101,500,0.0003,fixed,MS-BMO,eta=0.0003
35,0.48385354280471804,0.4395894025053297,0.44001486587524413,0.0004254633699144472,0.6410169175692967,0.6414100341796874,0.0003931166103907646,1.766232967376709,3.5177905559539795,1.3458744287490845,101,500,0.0003,fixed,MS-BMO,eta=0.0003
40,0.47739986181259153,0.4360901245049068,0.4353945350646973,-0.000695589440209532,0.6379980870655605,0.6376415863037109,-0.00035650076184956525,0.6971516013145447,0.6820709109306335,0.01857069693505764,101,500,0.0003,fixed,MS-BMO,eta=0.0003
45,0.47605682015419004,0.43065002986363005,0.4317775802612305,0.0011275503976004297,0.632754521710532,0.6338850784301758,0.0011305567196437938,1.2218711376190186,6.560633182525635,4.002552032470703,101,500,0.0003,fixed,MS-BMO,eta=0.0003
50,0.478765606880188,0.42791090267045157,0.42814728927612306,0.00023638660567149028,0.6302830747195652,0.6303871459960938,0.00010407127652856119,0.9704497456550598,0.6205770373344421,0.16064953804016113,101,500,0.0003,fixed,MS-BMO,eta=0.0003
55,0.48265698552131653,0.42832127639225553,0.4290339889526367,0.0007127125603811901,0.6257079328809466,0.6269879837036133,0.0012800508226666896,9.999999046325684,52.702293395996094,20.23472785949707,101,500,0.0003,fixed,MS-BMO,eta=0.0003
60,0.48085625767707824,0.42720331464494976,0.42737675094604494,0.0001734363010951756,0.6216837848935809,0.6238419036865235,0.002158118792942587,0.5096935033798218,0.7052887678146362,0.2683957815170288,101,500,0.0003,fixed,MS-BMO,eta=0.0003
65,0.47508875131607053,0.4195693986756461,0.42050329971313477,0.0009339010374886936,0.6205116765839713,0.6205924377441406,8.076116016930701e-05,3.184941291809082,2.010531425476074,0.4153413772583008,101,500,0.0003,fixed,MS-BMO,eta=0.0003
70,0.4752646028995514,0.4157484216349466,0.41736047744750976,0.0016120558125631845,0.6176062907491412,0.6175013580322266,-0.00010493271691458528,0.9137250781059265,0.9041007161140442,0.25461673736572266,101,500,0.0003,fixed,MS-BMO,eta=0.0003
75,0.4742633104324341,0.41324916907719206,0.4137577590942383,0.0005085900170462287,0.6143686090196881,0.6147494201660156,0.0003808111463274866,0.8543697595596313,0.941604733467102,0.107052281498909,101,500,0.0003,fixed,MS-BMO,eta=0.0003
80,0.46913084387779236,0.4068674956049238,0.40806815338134766,0.0012006577764238635,0.6123977984700885,0.6118430328369141,-0.0005547656331743589,1.9063245058059692,0.8151572346687317,0.2069692760705948,101,500,0.0003,fixed,MS-BMO,eta=0.0003
85,0.47202316522598264,0.4075849567140852,0.40808195877075193,0.000497002056666751,0.6093731948307582,0.6090634346008301,-0.00030976022992812435,1.7185451984405518,0.8317276835441589,0.45767760276794434,101,500,0.0003,fixed,MS-BMO,eta=0.0003
90,0.46999272108078005,0.40470241223062786,0.405732723236084,0.0010303110054561415,0.6055639130728585,0.6063680648803711,0.0008041518075125875,0.5672243237495422,0.6875838041305542,0.2972179651260376,101,500,0.0003,fixed,MS-BMO,eta=0.0003
95,0.4765340328216553,0.40468654888016836,0.40507738876342775,0.00039083988325938623,0.6041440878595624,0.6036107482910156,-0.0005333395685468423,9.999999046325684,127.2394027709961,68.33352661132812,101,500,0.0003,fixed,MS-BMO,eta=0.0003
100,0.47627326250076296,0.4044221043586731,0.40562718963623046,0.0012050852775573606,0.6002601725714547,0.6010104141235352,0.0007502415520804773,10.0,72.28263854980469,41.7701301574707,101,500,0.0003,fixed,MS-BMO,eta=0.0003
0,0.14346251785755157,0.1259419939347676,0.12437910747528076,-0.001562886459486837,0.2526722550392151,0.2495292453765869,-0.0031430096626281767,,,,102,500,0.0003,fixed,MS-BMO,eta=0.0003
5,0.15709190666675568,0.1360546009881156,0.13499036979675294,-0.0010642311913626468,0.27323968921388897,0.2710030708312988,-0.0022366183825901498,0.5366438627243042,0.9591934084892273,0.5013213157653809,102,500,0.0003,fixed,MS-BMO,eta=0.0003
10,0.16948210299015046,0.1490723980324609,0.1474126262664795,-0.0016597717659813938,0.29997911623546053,0.2961916923522949,-0.003787423883165608,0.44946083426475525,0.5425182580947876,0.40066051483154297,102,500,0.0003,fixed,MS-BMO,eta=0.0003
15,0.1846766620874405,0.1612819688660758,0.15913404273986817,-0.002147926126207622,0.32527683888162884,0.31997954177856447,-0.005297297103064369,0.3206484615802765,0.4457881450653076,0.2618337571620941,102,500,0.0003,fixed,MS-BMO,eta=0.0003
20,0.19873423874378204,0.1718128706727709,0.17020419311523438,-0.0016086775575365198,0.3468493606363024,0.34251137924194336,-0.004337981394359036,0.35583528876304626,0.3186928331851959,0.3330276906490326,102,500,0.0003,fixed,MS-BMO,eta=0.0003
25,0.21143084168434143,0.18212214963776724,0.18017201042175293,-0.0019501392160143072,0.3661266565322876,0.36290870666503905,-0.0032179498672485485,0.43541064858436584,0.3485831916332245,0.341604083776474,102,500,0.0003,fixed,MS-BMO,eta=0.0003
30,0.22199009358882904,0.19082520263535635,0.1893470096588135,-0.0014781929765428636,0.384377692426954,0.3817580604553223,-0.0026196319716317307,0.47892382740974426,0.29744458198547363,0.342692494392395,102,500,0.0003,fixed,MS-BMO,eta=0.0003
35,0.2342018723487854,0.1994822131735938,0.19734235572814943,-0.002139857445444371,0.401674679347447,0.3982623329162598,-0.0034123464311872076,0.3432929515838623,0.41500502824783325,0.20822478830814362,102,500,0.0003,fixed,MS-BMO,eta=0.0003
40,0.24212383329868317,0.20588373499257223,0.20449227714538573,-0.0013914578471865002,0.41795002136911663,0.4131336212158203,-0.0048164001532963185,0.5069063901901245,0.616083025932312,0.16937962174415588,102,500,0.0003,fixed,MS-BMO,eta=0.0003
45,0.2527477741241455,0.2128397992679051,0.21069427490234374,-0.0021455243655613687,0.43020783577646526,0.42612849807739256,-0.004079337699072705,0.4090590476989746,2.954091787338257,0.07309117168188095,102,500,0.0003,fixed,MS-BMO,eta=0.0003
50,0.2600892007350922,0.2183159100157874,0.21619878578186036,-0.0021171242339270424,0.44129787172589985,0.4377286071777344,-0.003569264548165474,0.5347437262535095,0.5906306505203247,0.34683749079704285,102,500,0.0003,fixed,MS-BMO,eta=0.0003
55,0.2706076443195343,0.2221213855913707,0.2210877456665039,-0.0010336399248667971,0.45205691882542204,0.4480627593994141,-0.003994159426007948,0.3887820243835449,2.35707950592041,0.12372208386659622,102,500,0.0003,fixed,MS-BMO,eta=0.0003
60,0.27564441561698916,0.22768940244402205,0.22549122619628906,-0.002198176247732997,0.4625977575778961,0.4575262870788574,-0.005071470499038722,0.5518172979354858,0.41596636176109314,0.29480570554733276,102,500,0.0003,fixed,MS-BMO,eta=0.0003
65,0.2843236982822418,0.23022313841751643,0.22877997970581054,-0.0014431587117058886,0.469284074647086,0.4647892608642578,-0.0044948137828281776,0.5767537951469421,0.5760307312011719,0.2945651113986969,102,500,0.0003,fixed,MS-BMO,eta=0.0003
70,0.2906258165836334,0.23385344658579146,0.23199193000793458,-0.001861516577856881,0.4767320454120636,0.4715261421203613,-0.005205903291702285,1.388824224472046,9.651429176330566,3.902510166168213,102,500,0.0003,fixed,MS-BMO,eta=0.0003
75,0.29941803216934204,0.23671637901238032,0.23512682151794434,-0.0015895574944359836,0.4815819944654192,0.477430419921875,-0.004151574543544201,0.07974168658256531,0.42472025752067566,0.3436465263366699,102,500,0.0003,fixed,MS-BMO,eta=0.0003
80,0.30364004969596864,0.2391588134425027,0.23707494926452638,-0.002083864177976319,0.48719506178583416,0.48216531372070315,-0.005029748065131012,0.5775083899497986,0.5274232029914856,0.1706967055797577,102,500,0.0003,fixed,MS-BMO,eta=0.0003
85,0.30973842144012453,0.24023861970220292,0.23877572441101075,-0.0014628952911921733,0.4906164067132132,0.4863451080322266,-0.004271298680986635,1.60749089717865,12.676385879516602,2.5969886779785156,102,500,0.0003,fixed,MS-BMO,eta=0.0003
90,0.31826622486114503,0.2446421959570476,0.24223014068603516,-0.002412055271012431,0.4924399086407253,0.48974932861328124,-0.002690580027444045,4.854852199554443,0.45362183451652527,0.06652785837650299,102,500,0.0003,fixed,MS-BMO,eta=0.0003
95,0.3237437069416046,0.24317861880574906,0.24201275062561034,-0.0011658681801387238,0.4973238451140268,0.49243564224243164,-0.0048882028715951376,1.6519789695739746,0.4935261309146881,0.283303439617157,102,500,0.0003,fixed,MS-BMO,eta=0.0003
100,0.32572816014289857,0.24470929375716619,0.24231998443603517,-0.002389309321131017,0.4967976595674242,0.49387648010253904,-0.002921179464885182,0.7505069375038147,0.45007336139678955,0.24399065971374512,102,500,0.0003,fixed,MS-BMO,eta=0.0003
0,0.3554829001426697,0.3118643505232675,0.31483328247070314,0.002968931947435638,0.735652506351471,0.7462265701293945,0.010574063777923581,,,,100,500,0.001,fixed,MS-BMO,eta=0.001
5,0.3391646683216095,0.2834730701787131,0.2860902404785156,0.002617170299802518,0.6575146743229457,0.6670128097534179,0.009498135430472177,0.5535736083984375,0.532255232334137,0.3900335133075714,100,500,0.001,fixed,MS-BMO,eta=0.001
10,0.3266338646411896,0.25717865994998385,0.259633939743042,0.0024552797930581516,0.5898740206445966,0.5982384376525879,0.008364417007991287,1.1227893829345703,0.8181184530258179,1.1062976121902466,100,500,0.001,fixed,MS-BMO,eta=0.001
15,0.3165062010288239,0.2378898880311421,0.24066043090820313,0.002770542877061022,0.5448295218603951,0.5549265403747559,0.010097018514360734,2.3671011924743652,0.2573535144329071,0.023695148527622223,100,500,0.001,fixed,MS-BMO,eta=0.001
20,0.31533665060997007,0.22548927579607284,0.2290652084350586,0.003575932638985757,0.5185268010411944,0.5280115661621094,0.009484765120915006,0.5918426513671875,0.38746508955955505,0.03801219165325165,100,500,0.001,fixed,MS-BMO,eta=0.001
25,0.315014111995697,0.2183204868010112,0.22142185401916503,0.003101367218153822,0.4981322927134378,0.5082241439819336,0.010091851268495822,0.5959939360618591,1.5272375345230103,1.7839528322219849,100,500,0.001,fixed,MS-BMO,eta=0.001
30,0.3177662193775177,0.2116891954626356,0.2149753360748291,0.003286140612193511,0.48334366934640066,0.49227535247802734,0.008931683131626678,0.5198470950126648,0.29062673449516296,0.20524802803993225,100,500,0.001,fixed,MS-BMO,eta=0.001
35,0.3218943774700165,0.20645161185945785,0.21023701286315918,0.0037854010037013386,0.4698105497019632,0.48021730422973635,0.010406754527773177,0.22749511897563934,0.43109428882598877,0.1639571338891983,100,500,0.001,fixed,MS-BMO,eta=0.001
40,0.3265489459037781,0.2018693344933646,0.20580405616760253,0.003934721674237918,0.46046624864850727,0.4695054397583008,0.00903919110979351,0.49577078223228455,0.9706653952598572,0.48319461941719055,100,500,0.001,fixed,MS-BMO,eta=0.001
45,0.33992055654525755,0.202627067055021,0.2061770133972168,0.0035499463421957977,0.4502285804067339,0.4607244987487793,0.010495918342045385,0.31557396054267883,0.43943285942077637,0.12367624789476395,100,500,0.001,fixed,MS-BMO,eta=0.001
50,0.3462813913822174,0.19905643803732737,0.20293930244445801,0.0038828644071306484,0.44449154819761005,0.45297100830078124,0.008479460103171188,0.10598906129598618,2.876915454864502,0.9730451107025146,100,500,0.001,fixed,MS-BMO,eta=0.001
55,0.3509121656417847,0.1959945069892066,0.20069912719726563,0.004704620208059035,0.4373222589492798,0.44921379852294924,0.011891539573669452,0.08971366286277771,0.9820970892906189,0.3789680302143097,100,500,0.001,fixed,MS-BMO,eta=0.001
60,0.3552958905696869,0.19381515043122427,0.19785627365112304,0.004041123219898773,0.4341338149138859,0.44290235137939454,0.008768536465508625,0.19182787835597992,0.8487341403961182,0.025136489421129227,100,500,0.001,fixed,MS-BMO,eta=0.001
65,0.36260990500450135,0.19136276628289903,0.1951670379638672,0.0038042716809681687,0.42583473665373667,0.4369270553588867,0.01109231870515004,0.6354223489761353,1.1659890413284302,0.7397502660751343,100,500,0.001,fixed,MS-BMO,eta=0.001
70,0.3678550958633423,0.18863744607993535,0.19303765678405763,0.004400210704122276,0.42212829845292227,0.4328654327392578,0.010737134286335548,0.1332530677318573,0.6297267079353333,0.3509959280490875,100,500,0.001,fixed,MS-BMO,eta=0.001
75,0.373630553483963,0.18802252837589808,0.19118298721313476,0.0031604588372366738,0.41654591049466816,0.4289039840698242,0.012358073575156059,0.29429951310157776,0.7080625295639038,0.23777569830417633,100,500,0.001,fixed,MS-BMO,eta=0.001
80,0.37847620248794556,0.18414693857942308,0.1885824146270752,0.004435476047652126,0.4092382660933903,0.42216968154907225,0.012931415455681938,0.2910636365413666,0.29921531677246094,0.4175665080547333,100,500,0.001,fixed,MS-BMO,eta=0.001
85,0.399864536523819,0.18473269471100398,0.18985544204711913,0.0051227473361151465,0.4037446507385799,0.41629767227172854,0.012553021533148634,0.9313154816627502,0.7180341482162476,0.6561894416809082,100,500,0.001,fixed,MS-BMO,eta=0.001
90,0.4202649474143982,0.18545113716806685,0.1904375534057617,0.004986416237694857,0.3969990015029907,0.4097708969116211,0.012771895408630385,0.03142854943871498,2.0415163040161133,2.2411110401153564,100,500,0.001,fixed,MS-BMO,eta=0.001
95,0.42861133217811587,0.18503303825855255,0.18994485092163085,0.004911812663078302,0.3934891777379172,0.408238712310791,0.014749534572873813,0.2630281448364258,0.9080807566642761,0.7717133164405823,100,500,0.001,fixed,MS-BMO,eta=0.001
100,0.43782942891120913,0.18220897018909454,0.18746353149414063,0.00525456130504609,0.38878725256238666,0.40299144744873044,0.01420419488634378,0.16360165178775787,0.33340510725975037,0.2090039700269699,100,500,0.001,fixed,MS-BMO,eta=0.001
0,0.4904630720615387,0.4657901270048959,0.46651635360717775,0.000726226602281832,0.6712947828429086,0.6704372024536133,-0.0008575803892952871,,,,101,500,0.001,fixed,MS-BMO,eta=0.001
5,0.4785612165927887,0.4488362584795271,0.44694100570678713,-0.0018952527727399415,0.6580355337687901,0.6582596969604492,0.00022416319165907694,3.3055050373077393,8.953027725219727,4.059451103210449,101,500,0.001,fixed,MS-BMO,eta=0.001
10,0.4769807755947113,0.43702937023980276,0.43733820724487305,0.0003088370050702838,0.64439799955913,0.6449038619995118,0.0005058624403817547,2.2896056175231934,17.92782974243164,5.1302313804626465,101,500,0.001,fixed,MS-BMO,eta=0.001
15,0.4833938181400299,0.43430631927081514,0.43525601959228516,0.000949700321470015,0.6326220035552979,0.6325721664428711,-4.983711242678712e-05,9.646196365356445,43.43255615234375,15.117077827453613,101,500,0.001,fixed,MS-BMO,eta=0.001
20,0.48107858300209044,0.4243356202329908,0.42447126388549805,0.00013564365250723354,0.6210103034973145,0.6223956451416016,0.0013853416442871636,10.0,102.64128875732422,51.28696823120117,101,500,0.001,fixed,MS-BMO,eta=0.001
25,0.4847058117389679,0.42142180459839956,0.42133216094970705,-8.964364869251673e-05,0.6114890830857413,0.6130750732421875,0.0015859901564461154,0.11871273070573807,1.142799973487854,0.08642864227294922,101,500,0.001,fixed,MS-BMO,eta=0.001
30,0.47265235185623167,0.40410796233585905,0.40390391540527343,-0.00020404693058562184,0.6027738707406181,0.6031463813781738,0.000372510637555723,2.6757569313049316,0.5241882801055908,0.18198394775390625,101,500,0.001,fixed,MS-BMO,eta=0.001
35,0.4790888369083405,0.4013816160815103,0.40163249588012695,0.00025087979861665444,0.594226462500436,0.5945767631530762,0.0003503006526401897,1.310111403465271,0.9144313335418701,0.2435358613729477,101,500,0.001,fixed,MS-BMO,eta=0.001
40,0.47957407832145693,0.39726358226367403,0.39672623443603516,-0.0005373478276388677,0.588201071534838,0.5877756309509278,-0.00042544058391025263,0.66243577003479,0.8845636248588562,0.16204483807086945,101,500,0.001,fixed,MS-BMO,eta=0.001
45,0.48068865537643435,0.3897113544600351,0.3907707977294922,0.0010594432694571165,0.5803619282586234,0.5814972343444824,0.0011353060858589892,0.6958942413330078,0.9798020124435425,0.4519997537136078,101,500,0.001,fixed,MS-BMO,eta=0.001
50,0.4834314227104187,0.38435044033186777,0.3848694839477539,0.0005190436158861167,0.5754373329026359,0.5757116317749024,0.0002742988722664874,0.5288851857185364,0.9487808346748352,0.0786004289984703,101,500,0.001,fixed,MS-BMO,eta=0.001
55,0.4837109327316284,0.3778849414416722,0.37897105026245115,0.0010861088207789749,0.5681590012141636,0.5694770469665528,0.001318045752389141,0.5100640654563904,0.9948235154151917,0.14742226898670197,101,500,0.001,fixed,MS-BMO,eta=0.001
60,0.48075349926948546,0.37293448192732676,0.37317442321777344,0.000239941290446688,0.5619501045772007,0.5644520034790039,0.00250189890180319,0.6762707233428955,0.666797399520874,0.12152209877967834,101,500,0.001,fixed,MS-BMO,eta=0.001
65,0.4852474570274353,0.367188389812197,0.36833997344970704,0.0011515836375100563,0.5601475409099034,0.5604986572265624,0.0003511163166590725,0.6416769027709961,0.5996959805488586,0.1452770084142685,101,500,0.001,fixed,MS-BMO,eta=0.001
70,0.4899823904037476,0.36212635040283203,0.3641369438171387,0.0020105934143066495,0.5569120304925101,0.5568175964355468,-9.443405696329954e-05,0.6914201974868774,0.5318337082862854,0.2635807991027832,101,500,0.001,fixed,MS-BMO,eta=0.001
75,0.48567206859588624,0.35742069142205374,0.3581059265136719,0.0006852350916181638,0.5514843123299735,0.5521075706481934,0.0006232583182198548,0.8303723931312561,0.49028393626213074,0.12695595622062683,101,500,0.001,fixed,MS-BMO,eta=0.001
80,0.48190171718597413,0.3471976901803698,0.3491473045349121,0.0019496143545423283,0.5481830409594944,0.5482456436157227,6.260265622826111e-05,10.000000953674316,660.1785888671875,223.54592895507812,101,500,0.001,fixed,MS-BMO,eta=0.001
85,0.476815390586853,0.3394105476992471,0.34068412017822264,0.0012735724789755265,0.5446238262312753,0.5444988746643067,-0.00012495156696856746,0.9294441938400269,0.5026343464851379,0.21464672684669495,101,500,0.001,fixed,MS-BMO,eta=0.001
90,0.4785317718982697,0.33570304087230135,0.3368973693847656,0.00119432851246426,0.5403493642807007,0.5415157775878906,0.0011664133071899174,0.6183096766471863,0.36175981163978577,0.07278463989496231,101,500,0.001,fixed,MS-BMO,eta=0.001
95,0.47623431086540224,0.3309825531073979,0.3319173011779785,0.0009347480705806377,0.5373579433986119,0.5374280586242676,7.011522565569805e-05,0.8068239092826843,0.9078012704849243,0.2133117914199829,101,500,0.001,fixed,MS-BMO,eta=0.001
100,0.47662715911865233,0.326109311410359,0.3281323699951172,0.0020230585847582083,0.5323783244405474,0.5344067649841309,0.0020284405435834207,0.5650903582572937,0.7228978276252747,0.14668509364128113,101,500,0.001,fixed,MS-BMO,eta=0.001
0,0.14346251785755157,0.1259419939347676,0.12437910747528076,-0.001562886459486837,0.2526722550392151,0.2495292453765869,-0.0031430096626281767,,,,102,500,0.001,fixed,MS-BMO,eta=0.001
5,0.18329839408397675,0.15951770331178391,0.15837148475646973,-0.001146218555314188,0.32084859694753376,0.3183720474243164,-0.002476549523217353,0.3699529767036438,0.42431074380874634,0.2671944499015808,102,500,0.001,fixed,MS-BMO,eta=0.001
10,0.22603463530540466,0.19381314303193772,0.19188617324829102,-0.0019269697836467037,0.3911546213286264,0.38683463287353514,-0.004319988455091239,0.37916308641433716,0.30917516350746155,0.21309097111225128,102,500,0.001,fixed,MS-BMO,eta=0.001
15,0.2586523056030273,0.21733468770980835,0.21511929512023925,-0.0022153925895690985,0.4414487140519278,0.43526268005371094,-0.006186033998216878,0.460733026266098,0.40989309549331665,0.19243378937244415,102,500,0.001,fixed,MS-BMO,eta=0.001
20,0.2831335306167603,0.23117956944874354,0.22956003952026366,-0.0016195299284798848,0.4707634959902082,0.4661368751525879,-0.004626620837620332,0.425260066986084,0.5925028324127197,0.13605260848999023,102,500,0.001,fixed,MS-BMO,eta=0.001
25,0.3004858553409576,0.23772877241883958,0.23567395782470704,-0.002054814594132537,0.48750779032707214,0.48376219940185544,-0.003745590925216702,2.5614912509918213,0.901127278804779,0.7255239486694336,102,500,0.001,fixed,MS-BMO,eta=0.001
30,0.3191005945205688,0.23957812573228562,0.23825435066223144,-0.001323775070054184,0.4955626428127289,0.4925310363769531,-0.003031606435775769,0.6997906565666199,0.36087945103645325,0.26413029432296753,102,500,0.001,fixed,MS-BMO,eta=0.001
35,0.3314268410205841,0.24059091934135982,0.23825289344787598,-0.002338025893483836,0.4997844525745937,0.49565481567382813,-0.004129636900765565,0.7566076517105103,1.1020805835723877,0.244598850607872,102,500,0.001,fixed,MS-BMO,eta=0.001
40,0.3449499785900116,0.238687949521201,0.23735150337219238,-0.00133644614900863,0.5003092544419425,0.4954399757385254,-0.004869278703417135,0.8431361317634583,1.6531989574432373,1.0661035776138306,102,500,0.001,fixed,MS-BMO,eta=0.001
45,0.3496255397796631,0.23656290769577026,0.23441603469848632,-0.002146872997283944,0.49570316076278687,0.49115480804443357,-0.004548352718353299,0.5326839089393616,0.36615902185440063,0.11586396396160126,102,500,0.001,fixed,MS-BMO,eta=0.001
50,0.356708163022995,0.23226551711559296,0.2305336322784424,-0.0017318848371505602,0.49029948455946787,0.4866833801269531,-0.003616104432514755,1.432483196258545,1.720245599746704,1.7287250757217407,102,500,0.001,fixed,MS-BMO,eta=0.001
55,0.365693461894989,0.22675449081829616,0.22607835960388184,-0.0006761312144143161,0.484583671603884,0.48029840087890624,-0.004285270724977752,0.46626538038253784,1.3423540592193604,0.12454266101121902,102,500,0.001,fixed,MS-BMO,eta=0.001
60,0.37101497650146487,0.22394482791423798,0.22206060218811036,-0.0018842257261276196,0.4800750059740884,0.4745467109680176,-0.005528295006070827,0.34110063314437866,0.4971294105052948,0.10945900529623032,102,500,0.001,fixed,MS-BMO,eta=0.001
65,0.3795836329460144,0.21936707411493575,0.21805803298950197,-0.0013090411254337853,0.47106742007391794,0.46627494430541994,-0.004792475768498006,0.6096747517585754,0.7420409917831421,0.8910553455352783,102,500,0.001,fixed,MS-BMO,eta=0.001
70,0.37307385802268983,0.21024956660611288,0.2083324031829834,-0.0019171634231294754,0.46242089356694904,0.4580427398681641,-0.00437815369878497,1.6149754524230957,0.5949805378913879,0.6751819252967834,102,500,0.001,fixed,MS-BMO,eta=0.001
75,0.3804746806621552,0.20720339672906057,0.20572795677185057,-0.0014754399572100008,0.45835458806582857,0.4532171783447266,-0.005137409721101993,0.13289527595043182,0.8752962350845337,0.15374508500099182,102,500,0.001,fixed,MS-BMO,eta=0.001
80,0.38861848711967467,0.2042879057782037,0.20238793754577636,-0.0018999682324273293,0.4509606659412384,0.44535039138793947,-0.005610274553298933,0.052963726222515106,0.45886343717575073,0.38264143466949463,102,500,0.001,fixed,MS-BMO,eta=0.001
85,0.39454280734062197,0.19970115380627768,0.19850036239624022,-0.001200791410037455,0.4422250347478049,0.43665610885620115,-0.005568925891603738,0.4880092144012451,0.7188408374786377,0.2645986080169678,102,500,0.001,fixed,MS-BMO,eta=0.001
90,0.40768884420394896,0.20004070018018996,0.1975972328186035,-0.00244346736158646,0.43361268298966543,0.4303665390014648,-0.0032461439882006116,0.04548991098999977,0.7835751175880432,0.5565645694732666,102,500,0.001,fixed,MS-BMO,eta=0.001
95,0.4162897884845734,0.19528494775295258,0.19465663719177245,-0.0006283105611801232,0.428915662424905,0.42436889266967776,-0.00454676975522722,0.2879405915737152,0.5440289378166199,0.06703544408082962,102,500,0.001,fixed,MS-BMO,eta=0.001
100,0.4193953275680542,0.19262897968292236,0.19050716590881348,-0.0021218137741088883,0.4205248951911926,0.41736465072631834,-0.0031602444648742845,5.975432872772217,13.541714668273926,11.41431713104248,102,500,0.001,fixed,MS-BMO,eta=0.001
0,0.3554829001426697,0.3118643505232675,0.31483328247070314,0.002968931947435638,0.735652506351471,0.7462265701293945,0.010574063777923581,,,,100,500,0.003,fixed,MS-BMO,eta=0.003
5,0.32281323075294494,0.24619123765400477,0.24897214317321778,0.002780905519213006,0.5602694749832153,0.5697726745605469,0.00950319957733159,2.469106912612915,17.971071243286133,6.63037633895874,100,500,0.003,fixed,MS-BMO,eta=0.003
10,0.3445478916168213,0.22705587318965367,0.23013234329223634,0.0030764701025826624,0.48624263065201895,0.49550026321411134,0.009257632562092388,10.0,685.5513305664062,276.81884765625,100,500,0.003,fixed,MS-BMO,eta=0.003
15,0.38052011132240293,0.22027139365673065,0.2241424026489258,0.0038710089921951407,0.4571859964302608,0.468695613861084,0.011509617430823182,0.09546314179897308,0.378364235162735,0.2705642879009247,100,500,0.003,fixed,MS-BMO,eta=0.003
20,0.40198636054992676,0.20941641288144247,0.21511732292175292,0.005700910040310453,0.4382519679410117,0.4505033073425293,0.012251339401517625,0.05811229720711708,0.49351561069488525,0.45510920882225037,100,500,0.003,fixed,MS-BMO,eta=0.003
25,0.4313353955745697,0.20196991094521113,0.20701549911499023,0.005045588169779097,0.4178552840437208,0.4316277618408203,0.013772477797099503,0.10898492485284805,1.605069875717163,0.19465816020965576,100,500,0.003,fixed,MS-BMO,eta=0.003
30,0.4177573502063751,0.18386027642658778,0.18869144439697266,0.004831167970384881,0.3999027269227164,0.4125523223876953,0.012649595464978902,0.07417633384466171,0.6441603302955627,0.705321729183197,100,500,0.003,fixed,MS-BMO,eta=0.003
35,0.42843061685562134,0.1738424918481282,0.17977130889892579,0.005928817050797591,0.3829387426376343,0.39769252014160156,0.01475377750396728,0.2004312127828598,0.5748466849327087,0.4215315580368042,100,500,0.003,fixed,MS-BMO,eta=0.003
40,0.5151745319366455,0.1787040169749941,0.18544272804260253,0.006738711067608427,0.36987953952380587,0.3842752494812012,0.014395709957395308,1.7932223081588745,0.3016820251941681,0.3285631835460663,100,500,0.003,fixed,MS-BMO,eta=0.003
45,0.48117190003395083,0.16127421174730575,0.16713031959533692,0.005856107848031172,0.3483760229178837,0.3636497688293457,0.015273745911461967,10.0,56.12649154663086,29.597003936767578,100,500,0.003,fixed,MS-BMO,eta=0.003
50,0.47046045660972596,0.1490305151258196,0.15526623725891114,0.006235722133091537,0.33446626152311054,0.34572693252563474,0.011260671002524203,0.16877733170986176,0.937167227268219,0.1577107459306717,100,500,0.003,fixed,MS-BMO,eta=0.003
55,0.4903813600540161,0.14217661108289445,0.14999211883544922,0.007815507752554768,0.3147868812084198,0.33310004806518556,0.01831316685676576,0.26820072531700134,0.5795326828956604,0.1653980165719986,100,500,0.003,fixed,MS-BMO,eta=0.003
60,0.49959497451782225,0.1362990758248738,0.1427581720352173,0.00645909621034349,0.3028598725795746,0.31685776138305666,0.013997888803482073,0.9058927893638611,4.42074728012085,1.0090256929397583,100,500,0.003,fixed,MS-BMO,eta=0.003
65,0.5294115781784058,0.13430359214544296,0.14022257328033447,0.0059189811348915045,0.2917336182934897,0.3080418014526367,0.016308183159147005,2.6145412921905518,31.78485870361328,5.2536301612854,100,500,0.003,fixed,MS-BMO,eta=0.003
70,0.5529557347297669,0.12983117997646332,0.1370025749206543,0.007171394944190973,0.28321127806391033,0.29903202056884765,0.015820742504937313,0.06709633767604828,0.6847943663597107,0.08616174757480621,100,500,0.003,fixed,MS-BMO,eta=0.003
75,0.5649494171142578,0.12704210515533174,0.13234548664093018,0.005303381485598446,0.27112581048692974,0.28918536376953125,0.018059553282601504,0.06223110109567642,0.5084468722343445,0.21441802382469177,100,500,0.003,fixed,MS-BMO,eta=0.003
80,0.5761384487152099,0.1206519848534039,0.1274845952987671,0.006832610445363194,0.25953259212630136,0.27849354171752927,0.018960949591227905,0.0806351900100708,0.6085360646247864,0.03151203691959381,100,500,0.003,fixed,MS-BMO,eta=0.003
85,0.5827516913414001,0.11273770034313202,0.12042500305175781,0.00768730270862579,0.24595702971730912,0.2631455612182617,0.017188531500952592,0.3853433132171631,12.900147438049316,0.5002613663673401,100,500,0.003,fixed,MS-BMO,eta=0.003
90,0.5889560222625733,0.1091900531734739,0.11590845203399658,0.006718398860522681,0.23629426956176758,0.25350570487976076,0.017211435317993184,0.046953048557043076,0.41842201352119446,0.0758591815829277,100,500,0.003,fixed,MS-BMO,eta=0.003
95,0.5983046650886535,0.10599553052868162,0.11269039821624756,0.006694867687565942,0.22610203070299967,0.24658373260498048,0.020481701901980814,0.0409427210688591,0.5101702213287354,0.06412599980831146,100,500,0.003,fixed,MS-BMO,eta=0.003
100,0.6030079483985901,0.10237361064979009,0.1088316707611084,0.006458060111318317,0.22012839572770254,0.23824237442016602,0.018113978692463478,0.0626409575343132,0.11339567601680756,0.03732985258102417,100,500,0.003,fixed,MS-BMO,eta=0.003
0,0.4904630720615387,0.4657901270048959,0.46651635360717775,0.000726226602281832,0.6712947828429086,0.6704372024536133,-0.0008575803892952871,,,,101,500,0.003,fixed,MS-BMO,eta=0.003
5,0.448897784948349,0.40912364210401264,0.4073701019287109,-0.0017535401753017155,0.6367449249540057,0.6369174423217774,0.00017251736777168514,5.537640571594238,0.8852118849754333,0.4048681855201721,101,500,0.003,fixed,MS-BMO,eta=0.003
10,0.3989316999912262,0.3472389153071812,0.347419921875,0.00018100656781877555,0.607660208429609,0.6080033721923828,0.00034316376277376825,4.851889610290527,0.42404836416244507,0.053000226616859436,101,500,0.003,fixed,MS-BMO,eta=0.003
15,0.37894529700279234,0.3196163943835667,0.3201595268249512,0.0005431324413844862,0.5863195317132133,0.5862499771118164,-6.955460139690395e-05,0.9195048809051514,0.513972282409668,0.18945620954036713,101,500,0.003,fixed,MS-BMO,eta=0.003
20,0.37602545619010924,0.30387425422668457,0.3042624340057373,0.00038817977905275525,0.5678826229912894,0.569422348022461,0.0015397250311715016,0.7487605214118958,0.9718984961509705,0.30092307925224304,101,500,0.003,fixed,MS-BMO,eta=0.003
25,0.36898404359817505,0.2899767543588366,0.29017196846008303,0.00019521410124645477,0.552258448941367,0.5542759628295898,0.0020175138882227994,0.7351872324943542,0.5105887651443481,0.2716553807258606,101,500,0.003,fixed,MS-BMO,eta=0.003
30,0.363941901922226,0.2780355725969587,0.2782905960083008,0.0002550234113420924,0.5404899205480304,0.5416082229614257,0.001118302413395389,0.7021451592445374,0.5158790349960327,0.2510521113872528,101,500,0.003,fixed,MS-BMO,eta=0.003
35,0.3639903426170349,0.26728702017239164,0.2677579288482666,0.0004709086758749592,0.5300206967762539,0.5311541900634765,0.0011334932872226755,0.6784811615943909,0.3959982097148895,0.183620423078537,101,500,0.003,fixed,MS-BMO,eta=0.003
40,0.35439814925193786,0.25693463001932415,0.2571565055847168,0.00022187556539265962,0.5203070555414472,0.5206477813720704,0.0003407258306231675,0.6962676644325256,0.6141357421875,0.36678874492645264,101,500,0.003,fixed,MS-BMO,eta=0.003
45,0.35485965609550474,0.2476309005703245,0.2485457000732422,0.0009147995029177014,0.509894141129085,0.5117842826843262,0.0018901415552411427,0.6068730354309082,0.5015538930892944,0.10353416949510574,101,500,0.003,fixed,MS-BMO,eta=0.003
50,0.3522353768348694,0.2401656678744725,0.2411943702697754,0.001028702395302894,0.503623732498714,0.5049071197509766,0.0012833872522626244,0.6433969140052795,0.5340238809585571,0.3107571005821228,101,500,0.003,fixed,MS-BMO,eta=0.003
55,0.34912689328193663,0.2318683671099799,0.23312893867492676,0.0012605715649468552,0.4947394643511091,0.49688248443603517,0.0021430200849260617,0.6360548138618469,0.28652429580688477,0.29370057582855225,101,500,0.003,fixed,MS-BMO,eta=0.003
60,0.34089874029159545,0.22379372801099504,0.22435646820068358,0.0005627401896885487,0.48557691488947186,0.48947840118408203,0.003901486294610179,0.2818257212638855,0.7516008615493774,0.33728721737861633,101,500,0.003,fixed,MS-BMO,eta=0.003
65,0.34183467626571656,0.21933669490473612,0.22055737686157226,0.0012206819568361393,0.48162912470953806,0.4831550674438477,0.0015259427343096155,0.4547107219696045,0.8201295137405396,0.4595659375190735,101,500,0.003,fixed,MS-BMO,eta=0.003
70,0.3113356113433838,0.20234677408422744,0.20401367950439453,0.0016669054201670919,0.4762738559927259,0.47692623901367187,0.0006523830209459458,0.22642812132835388,0.8739289045333862,0.5653865933418274,101,500,0.003,fixed,MS-BMO,eta=0.003
75,0.3145094871520996,0.19819500190871103,0.19888916778564453,0.0006941658769334946,0.46724548084395273,0.46902602386474607,0.0017805430207933348,0.49056223034858704,0.8361173272132874,0.868241012096405,101,500,0.003,fixed,MS-BMO,eta=0.003
80,0.30755543112754824,0.19140627341611044,0.19325424575805664,0.0018479723419461969,0.45968511274882723,0.4617488441467285,0.0020637313979012806,0.56979900598526,0.3759063184261322,0.08391327410936356,101,500,0.003,fixed,MS-BMO,eta=0.003
85,0.28764685392379763,0.18086124317986624,0.18216648292541504,0.001305239745548803,0.45315382736069815,0.4542188835144043,0.0010650561537061676,0.7263956665992737,0.27352553606033325,0.35649552941322327,101,500,0.003,fixed,MS-BMO,eta=0.003
90,0.28514180779457093,0.17777523824146815,0.1786829299926758,0.0009076917512076399,0.445241242647171,0.4479579086303711,0.002716665983200084,0.31925874948501587,0.21565182507038116,0.08496956527233124,101,500,0.003,fixed,MS-BMO,eta=0.003
95,0.2858065068721771,0.17435918748378754,0.1754701442718506,0.0011109567880630555,0.43992624964032856,0.4417873001098633,0.0018610504695347196,0.26181694865226746,0.2602291405200958,0.07962212711572647,101,500,0.003,fixed,MS-BMO,eta=0.003
100,0.28552889823913574,0.17086224470819747,0.17266371726989746,0.0018014725616999905,0.4314612192767007,0.4360401496887207,0.004578930412019955,0.3127318024635315,0.1792593151330948,0.09426712989807129,101,500,0.003,fixed,MS-BMO,eta=0.003
0,0.14346251785755157,0.1259419939347676,0.12437910747528076,-0.001562886459486837,0.2526722550392151,0.2495292453765869,-0.0031430096626281767,,,,102,500,0.003,fixed,MS-BMO,eta=0.003
5,0.25292686820030214,0.2117510927574975,0.2103858470916748,-0.0013652456658227174,0.42779255339077543,0.4247079772949219,-0.003084576095853553,0.36387062072753906,0.26556164026260376,0.24868419766426086,102,500,0.003,fixed,MS-BMO,eta=0.003
10,0.3207006692886353,0.2459745854139328,0.24384364700317382,-0.0021309384107589813,0.501980436699731,0.49700466918945313,-0.004975767510277895,0.4564152657985687,0.6678202748298645,0.22581808269023895,102,500,0.003,fixed,MS-BMO,eta=0.003
15,0.35751199126243594,0.24129819869995117,0.239350399017334,-0.001947799682617185,0.4995846961225782,0.4926371421813965,-0.006947553941181739,10.0,125.63092041015625,132.73171997070312,102,500,0.003,fixed,MS-BMO,eta=0.003
20,0.4347915053367615,0.2510769409792764,0.24963424110412596,-0.0014426998751504438,0.48030078411102295,0.4762663612365723,-0.0040344228744506605,2.83349609375,3.9677350521087646,4.02353572845459,102,500,0.003,fixed,MS-BMO,eta=0.003
25,0.4750617206096649,0.23866532742977142,0.23659107971191407,-0.002074247717857358,0.45827585458755493,0.4541609764099121,-0.004114878177642833,3.9406466484069824,7.7609405517578125,9.680011749267578,102,500,0.003,fixed,MS-BMO,eta=0.003
30,0.4965601027011871,0.22142618043082102,0.22028627586364746,-0.0011399045671735553,0.4328096721853529,0.42926348495483396,-0.0035461872305189157,0.5566912293434143,0.789013147354126,0.4831297695636749,102,500,0.003,fixed,MS-BMO,eta=0.003
35,0.5388758778572083,0.2131644423518862,0.21037214660644532,-0.002792295745440876,0.41565464224134174,0.41126220703125,-0.00439243521009175,0.05696569010615349,0.43940412998199463,0.3893958628177643,102,500,0.003,fixed,MS-BMO,eta=0.003
40,0.6199645042419434,0.2098275763647897,0.20841407012939453,-0.0014135062353951566,0.3943713435104915,0.39022830200195313,-0.004143041508538392,4.523893356323242,4.444284915924072,0.7047982811927795,102,500,0.003,fixed,MS-BMO,eta=0.003
45,0.7535464882850647,0.21681122481822968,0.2140683708190918,-0.002742853999137873,0.3796286625521524,0.3744907569885254,-0.005137905563626977,1.5541818141937256,3.2239699363708496,0.8971322774887085,102,500,0.003,fixed,MS-BMO,eta=0.003
50,0.7149941921234131,0.1886350108044488,0.18735115814208986,-0.0012838526623589475,0.35717868379184176,0.3539183921813965,-0.003260291610445276,2.5906589031219482,1.1859551668167114,0.2272133082151413,102,500,0.003,fixed,MS-BMO,eta=0.003
55,0.6760120391845703,0.16656327460493361,0.1667267074584961,0.0001634328535624896,0.33958262630871366,0.3360815353393555,-0.0035010909693581893,1.2330373525619507,0.18846993148326874,0.1512879878282547,102,500,0.003,fixed,MS-BMO,eta=0.003
60,0.6992398738861084,0.16043864829199656,0.15867373657226563,-0.0017649117197309216,0.3273740921701704,0.3217406463623047,-0.005633445807865678,0.0969376266002655,0.2701359689235687,0.23739688098430634,102,500,0.003,fixed,MS-BMO,eta=0.003
65,0.7347431302070617,0.15394169092178345,0.15260612297058104,-0.0013355679512024043,0.3143864572048187,0.3099603786468506,-0.004426078557968116,0.1667739897966385,0.821530818939209,0.18153563141822815,102,500,0.003,fixed,MS-BMO,eta=0.003
70,0.7780668139457703,0.1491829071726118,0.14600174522399903,-0.0031811619486127596,0.2966724250997816,0.2945128173828125,-0.002159607716969103,0.12108027935028076,0.41431939601898193,0.2665182054042816,102,500,0.003,fixed,MS-BMO,eta=0.003
75,0.8242787599563599,0.1451347257409777,0.14307035541534424,-0.0020643703256334467,0.2947618365287781,0.28733570861816404,-0.007426127910614033,0.659676194190979,0.37189969420433044,0.05439372360706329,102,500,0.003,fixed,MS-BMO,eta=0.003
80,0.8626226663589478,0.13850808782236917,0.13649428176879883,-0.0020138060535703495,0.27905681303569246,0.2723825759887695,-0.006674237046922937,0.04796091467142105,0.24086396396160126,0.052459098398685455,102,500,0.003,fixed,MS-BMO,eta=0.003
85,0.901980745792389,0.13438373697655542,0.132859450340271,-0.0015242866362844276,0.2736999903406416,0.26550494956970216,-0.00819504077093941,0.06570775806903839,0.3320429027080536,0.11875469237565994,102,500,0.003,fixed,MS-BMO,eta=0.003
90,0.9357996463775635,0.13095229970557348,0.12744741249084474,-0.003504887214728747,0.26050238737038206,0.25490593910217285,-0.005596448268209209,0.050851158797740936,0.691466748714447,0.16473352909088135,102,500,0.003,fixed,MS-BMO,eta=0.003
95,0.9478482365608215,0.12113353503601891,0.12113159656524658,-1.9384707723307804e-06,0.24880373903683253,0.2441550521850586,-0.004648686851773942,0.8690419793128967,0.8016384840011597,0.04961515963077545,102,500,0.003,fixed,MS-BMO,eta=0.003
100,0.9642686247825623,0.11866289802959987,0.1159853219985962,-0.002677576031003673,0.23997517568724497,0.23566169738769532,-0.004313478299549645,0.5062435865402222,1.0853893756866455,0.17196837067604065,102,500,0.003,fixed,MS-BMO,eta=0.003
