step,train_error,val_error,test_error,gap,val_error_raw,test_error_raw,gap_raw,hyper_norm,seed,m1,solver
0,0.3554829001426697,0.3118643505232675,0.31483328247070314,0.002968931947435638,0.735652506351471,0.7462265701293945,0.010574063777923581,,100,500,SSGDA
5,0.314346045255661,0.23103993492467062,0.23437427520751952,0.003334340282848902,0.5217560870306832,0.5313976287841797,0.009641541753496519,0.3098919987678528,100,500,SSGDA
10,0.3189298689365387,0.206024597798075,0.20902732276916505,0.003002724971090054,0.45958578160830904,0.468969654083252,0.009383872474942934,0.31550201773643494,100,500,SSGDA
15,0.32791611552238464,0.1912036176238741,0.1947650260925293,0.003561408468655186,0.4232967793941498,0.43498399734497073,0.01168721795082095,0.353147029876709,100,500,SSGDA
20,0.34320313930511476,0.1809110747916358,0.18484820747375488,0.003937132682119093,0.39820482049669537,0.4119205856323242,0.013715765135628832,0.36858364939689636,100,500,SSGDA
25,0.36105191707611084,0.1744143388101033,0.17883174705505372,0.004417408244950433,0.38629440324647085,0.39858337783813474,0.012288974591663893,0.5713212490081787,100,500,SSGDA
30,0.3784494698047638,0.16706460288592748,0.17196861457824708,0.004904011692319604,0.3710241104875292,0.3830425262451172,0.012018415757587997,0.452000230550766,100,500,SSGDA
35,0.3942258536815643,0.1597262727362769,0.16420096778869628,0.004474695052419375,0.35236712864467074,0.3652821731567383,0.012915044512067542,0.17612725496292114,100,500,SSGDA
40,0.4040080368518829,0.14744295179843903,0.15337416648864746,0.005931214690208436,0.32597723603248596,0.340042163848877,0.014064927816391015,0.09120848774909973,100,500,SSGDA
45,0.4105214774608612,0.13481613780770982,0.1406740036010742,0.005857865793364392,0.29827513439314707,0.3103103485107422,0.012035214117595117,0.1905476301908493,100,500,SSGDA
50,0.42840813398361205,0.12992411851882935,0.1358406524658203,0.0059165339469909595,0.2862892150878906,0.29966292762756347,0.013373712539672844,0.24357075989246368,100,500,SSGDA
55,0.44374136328697206,0.12727552013737814,0.13276449584960937,0.0054889757122312255,0.282541104725429,0.2932419662475586,0.010700861522129623,0.1877449005842209,100,500,SSGDA
60,0.46056360602378843,0.1257207989692688,0.1310836639404297,0.005362864971160897,0.27492096168654306,0.2901888790130615,0.015267917326518443,0.05100921913981438,100,500,SSGDA
65,0.4689635396003723,0.11600569848503385,0.12205041217803955,0.006044713693005702,0.25171203911304474,0.2693982162475586,0.01768617713451387,0.31706324219703674,100,500,SSGDA
70,0.4771611213684082,0.1047879553266934,0.1112205924987793,0.006432637172085906,0.23041039918150222,0.2443488597869873,0.013938460605485092,0.18367601931095123,100,500,SSGDA
75,0.48058993816375734,0.09777684829064778,0.10309497356414794,0.00531812527350016,0.21255108501229966,0.2258416042327881,0.013290519220488434,0.13704480230808258,100,500,SSGDA
80,0.49093824028968813,0.09331949800252914,0.09893045043945313,0.0056109524369239855,0.20345911170755113,0.21670258712768556,0.013243475420134432,0.008160053752362728,100,500,SSGDA
85,0.5038888096809387,0.09123578454766955,0.09805551433563232,0.006819729787962775,0.2015959003141948,0.2152944393157959,0.01369853900160109,0.058073896914720535,100,500,SSGDA
90,0.5127010703086853,0.08906849473714828,0.09562786483764649,0.006559370100498202,0.1959196286542075,0.21019756317138671,0.014277934517179208,1.257360577583313,100,500,SSGDA
95,0.5174006819725037,0.08450137185198921,0.09050638866424561,0.006005016812256403,0.18573683074542455,0.1987278175354004,0.012990986789975845,0.13710053265094757,100,500,SSGDA
100,0.517702853679657,0.07749415614775249,0.08195171642303467,0.004457560275282185,0.16499916357653482,0.17919843864440918,0.014199275067874356,0.07240384817123413,100,500,SSGDA
0,0.4904630720615387,0.4657901270048959,0.46651635360717775,0.000726226602281832,0.6712947828429086,0.6704372024536133,-0.0008575803892952871,,101,500,SSGDA
5,0.4769807577133179,0.42228188685008455,0.42277953720092776,0.000497650350843204,0.6246143494333539,0.625256950378418,0.0006426009450640757,0.10795712471008301,101,500,SSGDA
10,0.46353442668914796,0.39140837107385906,0.3919992790222168,0.0005909079483577551,0.592544606753758,0.5933215293884277,0.0007769226346697744,0.5411628484725952,101,500,SSGDA
15,0.4602013647556305,0.3667777436120169,0.3683014831542969,0.001523739542279967,0.5682833961078099,0.5684557571411133,0.00017236103330342534,0.2826366424560547,101,500,SSGDA
20,0.46057533621788027,0.3481708552156176,0.3492865905761719,0.0011157353605543152,0.5465134722845895,0.5482836151123047,0.0017701428277152598,0.31984397768974304,101,500,SSGDA
25,0.4645644545555115,0.3364608883857727,0.3367537689208984,0.0002928805351257169,0.5341425112315586,0.5358522109985352,0.0017096997669765468,0.5878870487213135,101,500,SSGDA
30,0.4660525918006897,0.3228725790977478,0.32489881896972655,0.002026239871978752,0.5215069651603699,0.5237340087890625,0.0022270436286926376,0.1332685947418213,101,500,SSGDA
35,0.46593056321144105,0.31160365683691843,0.31244333267211916,0.0008396758352007261,0.5075305700302124,0.5103237495422364,0.0027931795120239578,0.4625481069087982,101,500,SSGDA
40,0.47531905174255373,0.30018006903784616,0.3024183406829834,0.0022382716451372353,0.497856331723077,0.4997647552490234,0.0019084235259464455,0.9651910662651062,101,500,SSGDA
45,0.4798117756843567,0.29028987884521484,0.2920331764221191,0.0017432975769042791,0.48576108046940397,0.48821904373168945,0.0024579632622854786,1.4978107213974,101,500,SSGDA
50,0.48678275346755984,0.2812038319451468,0.28382889366149905,0.0026250617163522394,0.4736154462609972,0.4793995399475098,0.005784093686512559,0.5215657949447632,101,500,SSGDA
55,0.49203383922576904,0.2734809177262442,0.2756596031188965,0.0021786853926522576,0.465662168604987,0.4702531967163086,0.004591028111321616,0.44367626309394836,101,500,SSGDA
60,0.5038837671279908,0.26689126661845614,0.27047157287597656,0.003580306257520427,0.45963839973722187,0.4652822036743164,0.005643803937094516,0.6174303889274597,101,500,SSGDA
65,0.5102962732315064,0.25907658679144724,0.26146601867675784,0.0023894318853106,0.45097699761390686,0.4543895645141602,0.003412566900253322,0.5709282755851746,101,500,SSGDA
70,0.5208371043205261,0.2514857330492565,0.25430344009399414,0.0028177070447376606,0.4395460443837302,0.44597979354858397,0.006433749164853786,0.45949041843414307,101,500,SSGDA
75,0.5248224973678589,0.23969621530600957,0.24393132019042968,0.00423510488442011,0.4249221512249538,0.4321928100585937,0.00727065883363992,0.10697980970144272,101,500,SSGDA
80,0.5350230216979981,0.23334206214972905,0.23705383491516113,0.003711772765432081,0.4185660736901419,0.42343305206298826,0.004866978372846331,0.4328908324241638,101,500,SSGDA
85,0.5477899432182312,0.22597629683358328,0.23144431114196778,0.005468014308384506,0.41118633321353365,0.41639591598510745,0.005209582771573795,1.8549431562423706,101,500,SSGDA
90,0.5664260149002075,0.2211962640285492,0.22597596740722656,0.0047797033786773635,0.40506514055388315,0.40937429428100586,0.004309153727122705,0.5093775391578674,101,500,SSGDA
95,0.5660611987113953,0.21394781555448258,0.21739250564575197,0.003444690091269381,0.39009923168591093,0.3970677032470703,0.006968471561159373,0.4742211699485779,101,500,SSGDA
100,0.5823895573616028,0.20435593383652823,0.2087731876373291,0.00441725380080088,0.3782828705651419,0.38436719131469727,0.006084320749555339,0.6804820895195007,101,500,SSGDA
0,0.14346251785755157,0.1259419939347676,0.12437910747528076,-0.001562886459486837,0.2526722550392151,0.2495292453765869,-0.0031430096626281767,,102,500,SSGDA
5,0.27348599433898924,0.22755701627050126,0.22582584762573243,-0.0017311686447688268,0.45887254391397747,0.4557569580078125,-0.0031155859061649527,1.307366132736206,102,500,SSGDA
10,0.3303069293498993,0.2469909659453801,0.24492457580566407,-0.002066390139716018,0.5022107320172446,0.4974766387939453,-0.004734093223299318,0.5688673853874207,102,500,SSGDA
15,0.3634941101074219,0.23550206422805786,0.23399027252197266,-0.0015117917060852026,0.48230128628867014,0.4778412246704102,-0.004460061618259958,0.36329835653305054,102,500,SSGDA
20,0.3879000782966614,0.2236315097127642,0.2213081645965576,-0.0023233451162065766,0.45797195179121836,0.4539929351806641,-0.003979016610554276,0.5474197864532471,102,500,SSGDA
25,0.41381323933601377,0.21120203179972513,0.20961014366149902,-0.0015918881382261107,0.4342178191457476,0.43175741577148435,-0.0024604033742632314,0.4585552513599396,102,500,SSGDA
30,0.4424847364425659,0.19813383477074759,0.19633841133117677,-0.0017954234395708146,0.4102222834314619,0.4056930313110352,-0.004529252120426708,5.310025691986084,102,500,SSGDA
35,0.4629018664360046,0.18587667601449148,0.18343026161193848,-0.002446414402552999,0.38281155058315824,0.38001713943481447,-0.0027944111483437784,2.213703155517578,102,500,SSGDA
40,0.4884097456932068,0.1738956038440977,0.17085261154174805,-0.0030429923023496397,0.35836935894829886,0.35475414276123046,-0.003615216187068393,0.5874577164649963,102,500,SSGDA
45,0.5031976044178009,0.1582630787576948,0.15728074455261232,-0.0009823342050824801,0.32951501437595915,0.327081184387207,-0.002433829988752134,0.5983883142471313,102,500,SSGDA
50,0.5315665125846862,0.1504328272172383,0.1480874824523926,-0.0023453447648457137,0.3127883034093039,0.30851168823242187,-0.004276615176882048,0.519180953502655,102,500,SSGDA
55,0.5650229811668396,0.14725571870803833,0.1438837356567383,-0.0033719830513000426,0.30036115646362305,0.3003734664916992,1.2310028076167878e-05,1.6996901035308838,102,500,SSGDA
60,0.5974497318267822,0.1421386535678591,0.13881560516357422,-0.0033230484042848785,0.29142958351543974,0.2903469772338867,-0.0010826062815530446,0.44593578577041626,102,500,SSGDA
65,0.6180819153785706,0.13088375223534449,0.12998015213012695,-0.0009036001052175335,0.27725363203457426,0.2722197570800781,-0.0050338749544961425,0.17276562750339508,102,500,SSGDA
70,0.6332720994949341,0.11884785762854985,0.11784784984588623,-0.0010000077826636256,0.2524880532707487,0.2469172306060791,-0.0055708226646696,0.14849579334259033,102,500,SSGDA
75,0.6481315135955811,0.10895838801349912,0.10572203254699707,-0.0032363554665020555,0.2254160621336528,0.22150541305541993,-0.003910649078232881,0.21646146476268768,102,500,SSGDA
80,0.6643038034439087,0.10341706233365196,0.1008120574951172,-0.0026050048385347635,0.21536543113844736,0.21141938209533692,-0.003946049043110439,0.08598519116640091,102,500,SSGDA
85,0.701159930229187,0.10056272149085999,0.09863513088226318,-0.0019275906085968048,0.20853797452790396,0.20712627792358398,-0.001411696604319973,0.11515869200229645,102,500,SSGDA
90,0.7264447212219238,0.09767282541309084,0.09651769161224365,-0.0011551338008471967,0.20895830861159734,0.20293043899536134,-0.006027869616235998,0.1896933913230896,102,500,SSGDA
95,0.7515100002288818,0.09175766685179301,0.09046907043457031,-0.0012885964172227038,0.1909277034657342,0.19033637809753418,-0.0005913253682000297,1.5971410274505615,102,500,SSGDA
100,0.7533102631568909,0.08321572840213776,0.08069669532775879,-0.002519033074378965,0.17246278056076594,0.16971008682250976,-0.002752693738256179,0.06416961550712585,102,500,SSGDA
