m1,step,train_error,train_error,val_error,val_error,test_error,test_error,gap,gap,gap_raw,gap_raw,grad_norm,grad_norm
,,mean,std,mean,std,mean,std,mean,std,mean,std,mean,std
100,0,0.3298028300205867,0.17491982636503756,0.2998722816507022,0.1721596940699613,0.30046239217122395,0.1746479963821834,0.0005901105205217925,0.0025603188019160733,0.003067132035891216,0.005459830393076007,,
100,5,0.35793336828549704,0.11423637002917568,0.2968882421652476,0.1136734996334235,0.29808860143025717,0.12120312796854223,0.0012003592650095634,0.007530447396576465,-0.005250991980234783,0.009486975017265378,0.6833997368812561,0.3859983415876677
100,10,0.36283227006594343,0.06894101922713662,0.2758845736583074,0.09066207250848557,0.2781678374608358,0.09261831411142729,0.0022832638025283756,0.0033771385394155413,0.0015889569123586078,0.004652588620893829,3.715164621671041,2.5622317868853113
100,15,0.37606619199117025,0.058755620231303395,0.2655756374200185,0.08715994638062581,0.2645778020222982,0.0872770856616807,-0.0009978353977203407,0.006094975171980806,-0.0009983019034067546,0.006112955157831983,1.4680835604667664,1.7088235428256584
100,20,0.38477797110875445,0.06987604805119593,0.25299012660980225,0.09241819988608546,0.25161437034606937,0.09274895203152532,-0.0013757562637329024,0.0038263280771120294,0.0002759102980296098,0.009944587643780768,0.6003642082214355,0.1884270943291439
100,25,0.40195917288462324,0.09847994416766917,0.24566632509231567,0.10836482385909903,0.24580352624257404,0.10826710599812849,0.00013720115025838328,0.0019542430252379142,0.0006293972333272224,0.003243072672150519,6.756801903247833,5.231424567585366
100,30,0.40561064879099523,0.11297275291564485,0.2326329896847407,0.11181309259832561,0.2361561648050944,0.11410057318733359,0.0035231751203537074,0.0031142462370347466,0.005405086676279702,0.016246556065639333,0.9315146654844284,0.7024637731228227
100,35,0.43191681901613865,0.10449366429475164,0.23024300734202066,0.10733061093268531,0.22984678745269774,0.10965844182921093,-0.0003962198893229148,0.00621726754932766,-0.001672728856404626,0.011260347942394078,3.895846794048945,5.297689027994062
100,40,0.48200901746749886,0.0789793412157281,0.23355484008789062,0.10510971121001729,0.2316982873280843,0.10581564339043349,-0.0018565527598063125,0.0007170282036581225,-0.0038960735003153633,0.00398866846858111,4.7011102338631945,4.894151051090644
100,45,0.5198546687761942,0.11697802524258862,0.22582646707693735,0.1020654252618983,0.22677103837331136,0.10192269993058659,0.0009445712963740138,0.0026611458654029955,0.008268154462178526,0.008887122616766392,1.3820246855417888,0.7432982727402754
100,50,0.536784565448761,0.12684441926378617,0.21607022980848947,0.10509004906578467,0.2178457530339559,0.0986069273576038,0.001775523225466415,0.006544333198451864,-0.007823476791381808,0.005733528431514384,0.2681529149413109,0.21981337320054806
100,55,0.5540571451187134,0.13500632407039403,0.20587419470151266,0.10398743819288683,0.20820861816406253,0.09704104907779229,0.0023344234625498526,0.007163016805514285,0.002798381249109897,0.010331383195642646,0.25680743840833503,0.24287129318286718
100,60,0.5717952450116476,0.15483123915057911,0.20337980488936105,0.09776456243749462,0.201313689549764,0.09508140640220529,-0.002066115339597071,0.003008815853896749,0.001847052176793429,0.012186618874376824,0.6089035471280416,0.5818251321942639
100,65,0.6213882048924764,0.12550896520984703,0.19301772117614746,0.09925391101853043,0.1977822224299113,0.09140490798594753,0.004764501253763838,0.008240510446523972,0.0019614871342976867,0.008437080577592099,2.9893273102740445,4.697737698008099
100,70,0.6531904220581054,0.13208773960267234,0.18555367489655814,0.09242290370275727,0.1911381498972575,0.0888120987195226,0.005584475000699353,0.0036197426909373126,0.00894570589065552,0.00436087390591522,0.2895132725437482,0.2510296015730373
100,75,0.6707301417986553,0.13933856699998207,0.18080011755228043,0.09905367322467278,0.18352782726287842,0.08689669826811014,0.002727709710597992,0.013039340515880739,0.009656902949015297,0.016619723206300868,0.24019787708918253,0.25148030370520835
100,80,0.6891314427057903,0.1531489342138985,0.1766710802912712,0.09471236862086115,0.1764214833577474,0.08536207712009092,-0.00024959693352380924,0.011003841444000153,0.0015299558639526405,0.01868693807502858,0.15104677403966585,0.14110255933646368
100,85,0.706816554069519,0.16748129856376276,0.17323405543963113,0.08601307565859191,0.17002875963846842,0.08262450114972184,-0.0032052958011627116,0.0040609339702326825,-0.009131068785985297,0.009336615707105827,0.24194777011871338,0.3391080109821655
100,90,0.7237370371818542,0.17860397640432368,0.16398667295773825,0.08550066604913432,0.16383560339609782,0.08046167002585931,-0.00015106956164042304,0.005039402452558093,0.018763101498285917,0.01448164293937303,0.19868149360020956,0.23332002052218198
100,95,0.7677452246348063,0.18459604723946257,0.16342713683843613,0.09959468587446448,0.16397447586059571,0.08878948686957583,0.0005473390221595829,0.011337476627655774,0.01030686338742573,0.005112157071490913,0.4078351842860381,0.5096685717036529
100,100,0.8100858608881633,0.20161897154950129,0.16231817503770193,0.09717310512069413,0.1651085662841797,0.09706382515690391,0.002790391246477767,0.0029192199218997517,0.008089149792989081,0.01922536454884991,0.28029583767056465,0.24107294352598715
500,0,0.3298028300205867,0.17491982636503756,0.301198823820977,0.1701749202517541,0.3019095811843872,0.1714343616049099,0.000710757363410211,0.0022659488059847666,0.0021911579086667057,0.00734919246247285,,
500,5,0.34185714324315386,0.09923239306270105,0.2892069348267146,0.10531480774452262,0.2890981973012288,0.10428062249793628,-0.00010873752548582842,0.00252021259929901,0.002196760518210291,0.006532761577040506,3.00303382674853,2.588096374669412
500,10,0.3489793837070465,0.04810886101572824,0.2714582255908421,0.0707592258451989,0.2717514139811198,0.07020332668358173,0.00029318839027769883,0.0024826697363117436,0.0015388964698428247,0.007197856885978183,1.61981862783432,2.0896735082953883
500,15,0.36110878984133404,0.02679021896213619,0.2575028176818575,0.06210624676331166,0.25813186581929526,0.06115233686303709,0.000629048137437721,0.0026589830620698538,0.0014457383269355084,0.00922645900812273,0.7986791034539541,0.5285376186293659
500,20,0.3692127287387848,0.0624056330186006,0.24390671650568643,0.06509413161599961,0.24493456459045407,0.06318383845171244,0.0010278480847676537,0.0028150829936175003,0.0031525442713783067,0.008124416477687283,2.445954382419586,1.530003152088874
500,25,0.39003469149271647,0.08824890878877163,0.2354855097475506,0.061867743446987616,0.2360244274139404,0.060025069623169176,0.0005389176663898229,0.0028288153894189,0.0037275773343585783,0.008774007936787735,1.3648418635129929,1.5757403027985228
500,30,0.4019908269246419,0.10618498366592129,0.2234582319146111,0.05919457829954564,0.22438466517130531,0.057424447194302924,0.0009264332566942443,0.00248755830936764,0.0032158404758998635,0.007987297896873108,0.4969806472460429,0.2580880672788494
500,35,0.4199280460675558,0.16813798983100084,0.2146666142202559,0.06320815905608189,0.2151485891342163,0.06093770901028453,0.00048197491396041275,0.0035754925135765754,0.003607289598101656,0.009423796455901936,2.7325876156489053,2.1047406504183397
500,40,0.43077149391174324,0.21407505281348987,0.2041897454432079,0.06375050870520124,0.2050371850331624,0.06165496907965203,0.0008474395899545536,0.0026854148526467146,0.0032291274979000897,0.009132257553777877,3.634479910135269,5.519106741873488
500,45,0.44537593126297,0.25923127531714896,0.19526601618244532,0.06371145764537343,0.19581163215637207,0.06203690091038938,0.0005456159739267256,0.003013589616748893,0.003740766207377122,0.009925952449411942,3.3765347997347512,4.656689707180647
500,50,0.45274712443351744,0.2588618368166894,0.18410127148741764,0.05420635777402583,0.18532616647084554,0.052533202527651195,0.001224894983427871,0.002678168410207274,0.0029362302280607953,0.007154888754570785,6.147236585617065,3.69483788273288
500,55,0.47473633686701455,0.26787780653155735,0.1784191145783379,0.049772033210102484,0.1807080005009969,0.047687180365766926,0.0022888859226590044,0.0028346463249786023,0.00533097664515179,0.010782174199512629,0.7462847878535589,0.6060967254840682
500,60,0.4991623739401499,0.28475373555579014,0.1750238321366764,0.04827347897522677,0.17614840698242187,0.04638997922947105,0.0011245748457454536,0.0034612441850066468,0.003824573936916542,0.009476541462780066,3.736897130807241,5.429194957649302
500,65,0.5253123720486959,0.3067108345864427,0.1703239863827115,0.0439463428763845,0.17176146189371744,0.04261286262202175,0.001437475511005944,0.003171353458336104,0.004282911925088784,0.010417280537514517,0.3100675841172536,0.25356085157081404
500,70,0.5391621887683868,0.33138915852823114,0.16451056620904378,0.043944211345688974,0.16574381001790364,0.04281573427974195,0.0012332438088598723,0.00468083381723094,0.00458828610465641,0.009322195909073749,0.16762966165939966,0.1324893785647393
500,75,0.5677738050619761,0.35179287403696863,0.16371461287850425,0.050226340881056326,0.16460706806182862,0.049325865865155305,0.0008924551833243652,0.0033131492671810855,0.003905925784792208,0.01257717106364128,3.358383286744356,5.751815272802615
500,80,0.5849954764048259,0.35478525362625174,0.16122780917655855,0.0569141660112116,0.16318504683176674,0.056665114321147986,0.0019572376552082077,0.003925261283483411,0.004618401050567655,0.01275763917371509,0.07239577422539394,0.03985812728170204
500,85,0.6056340018908183,0.3832993579836053,0.15663505842288336,0.05827045651206468,0.15879260540008544,0.057392430975827996,0.002157546977202098,0.003972708205136337,0.0033022827477682073,0.012762044358242759,0.2738884861270587,0.37128213624966305
500,90,0.6166056493918101,0.40539776881925205,0.1526341906615666,0.05781082711369239,0.153680212020874,0.05719757783908583,0.0010460213593074207,0.004803312259551742,0.004726261252448664,0.011479747483946734,0.3351179187496503,0.4785966384790318
500,95,0.623140796025594,0.4268779826708782,0.14583470069226764,0.05542625875354532,0.14823840904235838,0.05436276833385073,0.0024037083500907525,0.0029908657604839836,0.00590105700492861,0.012965833625846317,1.1613684445619583,0.8291919847208797
500,100,0.609773176908493,0.4674165911767946,0.134672683264528,0.04164586363081551,0.1361976817448934,0.041215807019437216,0.0015249984803653905,0.004388173437165387,0.006177290405545914,0.01131689264441866,1.3920289824406307,2.3087964544290003
1000,0,0.3298028300205867,0.17491982636503756,0.30145645986000696,0.17079290505568767,0.30208602809906004,0.17227265522198193,0.0006295682390530799,0.0017345557200177668,0.00046698954370288925,0.0016760221406326495,,
1000,5,0.36232876777648926,0.13648286279527197,0.30694839358329773,0.13812788729457803,0.30800602722167963,0.139632306313001,0.0010576336383819513,0.0015765765287993907,0.0010672577487097674,0.0018156470752232299,1.0850201149781544,0.857881327095328
1000,10,0.38613719542821245,0.11711638607424195,0.3018757379717297,0.12470745396177962,0.3033293816248576,0.1261735585610754,0.0014536436531278896,0.0016371051429008613,0.0020954083866543036,0.0018508457502528573,0.9967855215072632,0.8468517720123476
1000,15,0.40139280756314594,0.1055282606892979,0.28796601725949184,0.11711662474728553,0.29000853665669757,0.11809760433737125,0.0020425193972057796,0.0011887096259652339,0.002376223007837963,0.002224724032217352,0.5307650590936343,0.42976409748202465
1000,20,0.41139674782752983,0.0936850394721468,0.2713429182767868,0.10811965558720225,0.27360974820454914,0.10940224136988318,0.0022668299277623463,0.0017065932761918718,0.0038076007366180296,0.002058475603945311,4.217450285951297,5.14664859247175
1000,25,0.4130898316701253,0.0937010475834746,0.2540831347306569,0.10683092659875727,0.25605796607335407,0.10767318437437359,0.0019748313426971587,0.0009599633144978427,0.0033673766189151557,0.00223203632893158,0.2694331556558609,0.17795266649753747
1000,30,0.44017755786577856,0.07720676837131601,0.24851426151063705,0.1012349317518208,0.2505972843170166,0.10165087606439467,0.0020830228063795455,0.0013237551043013152,0.004149855269326134,0.0037882263961767494,6.320183912913005,5.039714038175912
1000,35,0.46980397899945575,0.06315058261895908,0.24292258852057982,0.0959941174489291,0.24558809137344362,0.09633111196192948,0.0026655028528637472,0.0015518332793669435,0.004473191658655821,0.0028816703613550082,0.6797314236561457,0.4962101180652955
1000,40,0.48105151255925493,0.07870322113116685,0.23371244867642718,0.0967097961285456,0.23629194800058997,0.09718424600276447,0.002579499324162802,0.0015881502208220494,0.004578933080037428,0.003631494484072482,3.794056256612142,5.376008781848333
1000,45,0.5132469117641448,0.12219384708318375,0.22688151001930237,0.09132063566083429,0.2297159881591797,0.09118703434350448,0.0028344781398773333,0.0021282139355681537,0.004881172418594352,0.0034332932455556804,0.4961823970079422,0.3525853190362817
1000,50,0.5301905632019043,0.1613355849971404,0.21844315164619021,0.09206246743039044,0.22134987847010298,0.09214763090882035,0.002906726823912733,0.0018285676029165992,0.006271981186336983,0.003707288384035857,4.162226438522339,5.056090921475531
1000,55,0.5518671969572703,0.23342642870531907,0.20850628167390825,0.09061424431882724,0.21185443989435834,0.09043084066644282,0.0033481582204500926,0.0029804386861433043,0.005838423543506184,0.004103167890133075,2.765910804271698,1.9803917104873832
1000,60,0.5722448249657949,0.27404243478892326,0.19912773089276423,0.08409581668459756,0.20223151508967083,0.08438853797481274,0.003103784196906619,0.0028130384693791552,0.005454020023345958,0.00438240523346191,0.4459373528758685,0.42619239765875344
1000,65,0.5920322020848592,0.3000654723039763,0.19231337408224744,0.08258909292300676,0.19542373736699425,0.08243272601675268,0.0031103632847468143,0.0025757517371650523,0.005916286097632506,0.004362524457366029,0.29040324067076045,0.3655897685579305
1000,70,0.6103001534938812,0.32044541310348595,0.18497826953728994,0.08037268440958083,0.18808841943740848,0.07969502592064331,0.0031101499001185092,0.0028922203699403817,0.006733832491768714,0.0036300930944320234,0.2512575251360734,0.33297215901801136
1000,75,0.6222673197587332,0.3426898227553622,0.17786432769563465,0.0766057120131472,0.18074678723017376,0.0767703499292984,0.002882459534539116,0.0021052898791953387,0.0057601073847876605,0.004662558590660537,0.8197090861697992,0.7369731793291622
1000,80,0.6433350801467895,0.3678088751060643,0.17206333693530826,0.07642445890421705,0.17549127769470216,0.07594147052291697,0.003427940759393918,0.0026859835708695893,0.005438880297872743,0.004087717025264423,0.671876902381579,1.0220676011898349
1000,85,0.6639838735262553,0.39565892973284666,0.1670793715450499,0.07556230481313166,0.17021104574203494,0.07503351415355569,0.0031316741969850403,0.0026088948419510584,0.006841109010908342,0.00458880478169899,0.3697381640474002,0.5120705212338799
1000,90,0.6847390929857889,0.4232432221040643,0.16229565772745344,0.0749161894790825,0.16595074272155763,0.07437547821472164,0.003655084994104172,0.002970061934276363,0.00676606006092495,0.0036868208523077005,0.15421971306204796,0.1793529180294181
1000,95,0.7288261195023855,0.44807038355538337,0.16211719512939451,0.08188923267047415,0.16611732625961304,0.08121888902013633,0.004000131130218502,0.003283049945813912,0.007708494941393547,0.00584824900252607,0.301690307756265,0.41774322925096935
1000,100,0.7261809845765432,0.4725738745063982,0.15414345943265492,0.07479764986840262,0.15720769913991292,0.07467593540538285,0.003064239707258017,0.0022042623747925427,0.006348816659715438,0.004330207204344615,0.29949647809068364,0.44401067358756097
