step,train_error,val_error,test_error,gap,val_error_raw,test_error_raw,gap_raw,grad_norm,cg_res,corr_norm,seed,m1,eta,eta_mode,solver,T
0,0.3554829001426697,0.3118643505232675,0.31483328247070314,0.002968931947435638,0.735652506351471,0.7462265701293945,0.010574063777923581,,,,100,500,0.003,fixed,MS-BMO,25
5,0.32058592438697814,0.24486467029367173,0.24761633682250977,0.0027516665288380426,0.560269934790475,0.5697728919982911,0.00950295720781602,0.9539244174957275,9.860119819641113,3.3344814777374268,100,500,0.003,fixed,MS-BMO,25
10,0.2945990741252899,0.20358667629105703,0.20608435440063477,0.002497678109577739,0.4857275315693447,0.49496318817138674,0.009235656602042064,10.0,33.310665130615234,20.78667640686035,100,500,0.003,fixed,MS-BMO,25
15,0.2876774430274963,0.18409078887530736,0.18684763908386232,0.002756850208554956,0.4498491414955684,0.46109207534790037,0.011242933852331938,0.5866022706031799,0.6003878116607666,0.20914196968078613,100,500,0.003,fixed,MS-BMO,25
20,0.27937362194061277,0.16902080816881998,0.17277799224853516,0.0037571840797151757,0.42873088802610126,0.44044147491455077,0.011710586888449503,9.999999046325684,83.87559509277344,58.23807144165039,100,500,0.003,fixed,MS-BMO,25
25,0.25550228357315063,0.15311271803719656,0.1559450855255127,0.00283236748831614,0.4085327855178288,0.42139076614379883,0.012857980625970045,1.4478466510772705,0.518103301525116,0.5919240713119507,100,500,0.003,fixed,MS-BMO,25
0,0.4904630720615387,0.4657901270048959,0.46651635360717775,0.000726226602281832,0.6712947828429086,0.6704372024536133,-0.0008575803892952871,,,,101,500,0.003,fixed,MS-BMO,25
5,0.44889858961105344,0.40912435735974995,0.4073708305358887,-0.0017535268238612622,0.6367449334689549,0.63691748046875,0.0001725469997950757,5.5374674797058105,0.8849923610687256,0.40453407168388367,101,500,0.003,fixed,MS-BMO,25
10,0.39394803047180177,0.3446357250213623,0.3448140907287598,0.00017836570739748758,0.607668570109776,0.6080114250183105,0.0003428549085344734,5.4242844581604,0.9690795540809631,0.2281522899866104,101,500,0.003,fixed,MS-BMO,25
15,0.37566951513290403,0.31331115109579905,0.3138332939147949,0.0005221428189958743,0.5852316532816205,0.58515283203125,-7.88212503705088e-05,1.4069640636444092,0.3773764967918396,0.18882769346237183,101,500,0.003,fixed,MS-BMO,25
20,0.36345058083534243,0.29601857491901945,0.2963595104217529,0.00034093550273345263,0.5655691197940281,0.5670602569580078,0.001491137163979639,0.801165759563446,0.7699875831604004,0.26753512024879456,101,500,0.003,fixed,MS-BMO,25
25,0.3582066535949707,0.2822943798133305,0.28244665718078615,0.00015227736745565545,0.5498401863234383,0.551772747039795,0.0019325607163566128,0.6462609767913818,0.5618926882743835,0.06012161821126938,101,500,0.003,fixed,MS-BMO,25
0,0.14346251785755157,0.1259419939347676,0.12437910747528076,-0.001562886459486837,0.2526722550392151,0.2495292453765869,-0.0031430096626281767,,,,102,500,0.003,fixed,MS-BMO,25
5,0.25292944312095644,0.21175267653805868,0.2103873062133789,-0.0013653703246797877,0.42779417974608286,0.42470990753173826,-0.0030842722143445966,0.3644539713859558,0.27001678943634033,0.25075235962867737,102,500,0.003,fixed,MS-BMO,25
10,0.31799676418304446,0.24560197123459407,0.24348608589172363,-0.0021158853428704383,0.5042058144296918,0.499218318939209,-0.0049874954904828295,0.963095486164093,0.45215046405792236,0.25094711780548096,102,500,0.003,fixed,MS-BMO,25
15,0.35632598400115967,0.24221969928060258,0.2403015842437744,-0.0019181150368281774,0.5050297464643206,0.49806243896484376,-0.0069673074994768824,0.507981538772583,0.4459410309791565,0.32080861926078796,102,500,0.003,fixed,MS-BMO,25
20,0.40839347839355467,0.24165462170328414,0.24029022216796875,-0.0013643995353153915,0.48270184227398466,0.4786452522277832,-0.004056590046201458,4.297147274017334,5.634535789489746,5.9444580078125,102,500,0.003,fixed,MS-BMO,25
25,0.4686094462871552,0.23707248057637895,0.2350408401489258,-0.0020316404274531574,0.45864284464291166,0.4545566558837891,-0.004086188759122589,2.506714344024658,1.745634913444519,1.7591196298599243,102,500,0.003,fixed,MS-BMO,25
0,0.3554829001426697,0.3118643505232675,0.31483328247070314,0.002968931947435638,0.735652506351471,0.7462265701293945,0.010574063777923581,,,,100,500,0.003,fixed,MS-BMO,50
5,0.320639842748642,0.2448959286723818,0.24764802360534668,0.0027520949329648825,0.5602649194853646,0.56976708984375,0.009502170358385409,0.9912052154541016,10.063610076904297,3.415607213973999,100,500,0.003,fixed,MS-BMO,50
10,0.332117372751236,0.22143290085451944,0.22436194610595703,0.002929045251437584,0.4858288381780897,0.4950651512145996,0.009236313036509902,10.0,98.69456481933594,36.324798583984375,100,500,0.003,fixed,MS-BMO,50
15,0.3635620653629303,0.21365751964705332,0.21733709526062012,0.003679575613566799,0.4531329699925014,0.4645709991455078,0.011438029153006402,0.041526418179273605,0.6921346187591553,0.1915806084871292,100,500,0.003,fixed,MS-BMO,50
20,0.37754815220832827,0.2031715852873666,0.20847813987731934,0.005306554589952744,0.43964202063424246,0.45183750915527343,0.012195488521030973,0.4632578194141388,0.4343920350074768,0.2793992757797241,100,500,0.003,fixed,MS-BMO,50
25,0.3575795114040375,0.18294013823781693,0.1870655460357666,0.004125407797949676,0.4180526988846915,0.43165647888183595,0.01360377999714446,10.0,35.11664581298828,10.969234466552734,100,500,0.003,fixed,MS-BMO,50
30,0.3661868810653687,0.17373524180480412,0.1779757671356201,0.004240525330815981,0.40028596350124906,0.41268529891967776,0.012399335418428692,8.407384872436523,48.88975524902344,18.040788650512695,100,500,0.003,fixed,MS-BMO,50
35,0.40990487337112425,0.1724397518805095,0.17811468696594238,0.005674935085432875,0.38263483132634846,0.3971096420288086,0.01447481070246015,0.7931485176086426,0.9764952063560486,0.1767064481973648,100,500,0.003,fixed,MS-BMO,50
40,0.38673744201660154,0.157194978424481,0.1625535945892334,0.005358616164752417,0.36403792245047434,0.3779820098876953,0.013944087437220976,5.546133995056152,2.165313959121704,0.914322018623352,100,500,0.003,fixed,MS-BMO,50
45,0.34325299859046937,0.14248291722365788,0.14703870391845703,0.004555786694799141,0.3494509926864079,0.3643770866394043,0.014926093952996433,1.0640032291412354,1.2771285772323608,0.8849362730979919,100,500,0.003,fixed,MS-BMO,50
50,0.34082054495811465,0.13430615195206233,0.13924466609954833,0.004938514147486001,0.3367865937096732,0.3478115119934082,0.01102491828373503,0.9691221714019775,0.5231801271438599,0.44950851798057556,100,500,0.003,fixed,MS-BMO,50
0,0.4904630720615387,0.4657901270048959,0.46651635360717775,0.000726226602281832,0.6712947828429086,0.6704372024536133,-0.0008575803892952871,,,,101,500,0.003,fixed,MS-BMO,50
5,0.44889819622039795,0.40912399547440664,0.40737045669555666,-0.0017535387788499834,0.6367449334689549,0.6369174499511718,0.0001725164822169445,5.537507057189941,0.8850473761558533,0.404641330242157,101,500,0.003,fixed,MS-BMO,50
10,0.3939274787902832,0.34461794580732075,0.34479629135131834,0.0001783455439975934,0.6076679996081761,0.6080108604431153,0.00034286083493917374,5.420882225036621,0.958308756351471,0.22181569039821625,101,500,0.003,fixed,MS-BMO,50
15,0.37800646424293516,0.3164981816496168,0.3170326385498047,0.0005344569001878852,0.5859337193625314,0.5858613586425782,-7.23607199532017e-05,0.7894424200057983,0.45233839750289917,0.05770820379257202,101,500,0.003,fixed,MS-BMO,50
20,0.3605222821235657,0.29443639516830444,0.2947935028076172,0.00035710763931273704,0.5680746180670602,0.5696075630187988,0.001532944951738613,5.535677909851074,35.578277587890625,9.028851509094238,101,500,0.003,fixed,MS-BMO,50
25,0.34382436275482176,0.2732547010694231,0.2734227657318115,0.00016806466238838969,0.5515219569206238,0.5535099105834961,0.0019879536628722994,0.895717442035675,0.47886666655540466,0.08642159402370453,101,500,0.003,fixed,MS-BMO,50
30,0.33645925521850584,0.26117995381355286,0.2614001636505127,0.00022020983695986152,0.5386242100170681,0.5397052726745606,0.0010810626574925264,0.5988855361938477,0.6769164800643921,0.11616099625825882,101,500,0.003,fixed,MS-BMO,50
35,0.35678759813308714,0.26452164139066425,0.2649828472137451,0.0004612058230808458,0.5265893084662301,0.5277081413269042,0.001118832860674157,0.7927770018577576,0.324024498462677,0.22316381335258484,101,500,0.003,fixed,MS-BMO,50
40,0.35736059546470644,0.2580953964165279,0.2583374099731445,0.00024201355661662705,0.5196050660950797,0.5199849967956542,0.0003799307005745156,0.6161217093467712,0.43449893593788147,0.23981870710849762,101,500,0.003,fixed,MS-BMO,50
45,0.3523978888988495,0.24865335864680155,0.24958072090148925,0.0009273622546877025,0.5105984040669033,0.5125228080749512,0.0019244040080479419,0.7346886992454529,0.4418889284133911,0.3233047127723694,101,500,0.003,fixed,MS-BMO,50
50,0.35322922468185425,0.24130904248782567,0.24232712936401368,0.0010180868761880124,0.5041422162737165,0.5054115791320801,0.001269362858363654,0.5181294083595276,0.5398555994033813,0.09699858725070953,101,500,0.003,fixed,MS-BMO,50
0,0.14346251785755157,0.1259419939347676,0.12437910747528076,-0.001562886459486837,0.2526722550392151,0.2495292453765869,-0.0031430096626281767,,,,102,500,0.003,fixed,MS-BMO,50
5,0.25292864441871643,0.21175242960453033,0.21038716697692872,-0.0013652626276016155,0.4277931196349008,0.4247085418701172,-0.0030845777647836026,0.36342206597328186,0.2650451958179474,0.2477337270975113,102,500,0.003,fixed,MS-BMO,50
10,0.320669025182724,0.24595235288143158,0.2438205795288086,-0.00213177335262299,0.5019667744636536,0.4969889144897461,-0.004977859973907484,0.4609805643558502,0.6184723973274231,0.2217293679714203,102,500,0.003,fixed,MS-BMO,50
15,0.3766437888145447,0.2522283409323011,0.2501616268157959,-0.0020667141165052194,0.49998995661735535,0.49306341552734373,-0.0069265410900116176,3.3317956924438477,0.8730932474136353,0.0431179441511631,102,500,0.003,fixed,MS-BMO,50
20,0.41488919854164125,0.24236066426549638,0.24098418045043946,-0.0013764838150569225,0.47897199222019743,0.4749358711242676,-0.004036121095929823,1.1416934728622437,2.1356287002563477,1.4554510116577148,102,500,0.003,fixed,MS-BMO,50
25,0.4485232591629028,0.22967449043478286,0.2277243251800537,-0.0019501652547291581,0.45694381424358915,0.45286930847167967,-0.004074505771909487,0.21554195880889893,0.5337731838226318,0.23892639577388763,102,500,0.003,fixed,MS-BMO,50
30,0.4648366332054138,0.21233498411519186,0.2112652053833008,-0.001069778731891069,0.4349318061556135,0.43139545440673827,-0.0035363517488752327,3.7305991649627686,2.0375800132751465,2.8547239303588867,102,500,0.003,fixed,MS-BMO,50
35,0.48646014332771303,0.20117178559303284,0.19862892150878905,-0.0025428640842437844,0.4138568810054234,0.4095082511901855,-0.00434862981523787,0.10922139883041382,0.8587701916694641,0.03558691218495369,102,500,0.003,fixed,MS-BMO,50
40,0.5385004162788392,0.19484661945274898,0.1935767936706543,-0.001269825782094669,0.39772695302963257,0.3935460815429688,-0.004180871486663795,2.691115617752075,6.413427352905273,5.556861877441406,102,500,0.003,fixed,MS-BMO,50
45,0.5513908624649048,0.18306326014654978,0.18101179504394532,-0.002051465102604455,0.378986839737211,0.37392094802856446,-0.005065891708646519,0.44911009073257446,0.6386822462081909,0.387082040309906,102,500,0.003,fixed,MS-BMO,50
50,0.5774306058883667,0.17335482154573714,0.17234309196472167,-0.0010117295810154747,0.3614222833088466,0.35817747116088866,-0.003244812147957965,1.7883881330490112,7.42229700088501,2.867710828781128,102,500,0.003,fixed,MS-BMO,50
0,0.3554829001426697,0.3118643505232675,0.31483328247070314,0.002968931947435638,0.735652506351471,0.7462265701293945,0.010574063777923581,,,,100,500,0.003,fixed,MS-BMO,100
5,0.3207481861114502,0.24496047837393625,0.24771402740478515,0.002753549030848901,0.5602648002760751,0.5697670783996582,0.009502278123583174,1.057620644569397,10.476162910461426,3.5549798011779785,100,500,0.003,fixed,MS-BMO,100
10,0.3055561602115631,0.20874770198549544,0.2113742790222168,0.002626577036721367,0.48567597355161396,0.4949160957336426,0.009240122182028632,1.271499752998352,15.18912410736084,4.3995795249938965,100,500,0.003,fixed,MS-BMO,100
15,0.31336638927459715,0.1940933061497552,0.19716887474060057,0.0030755685908453734,0.4512425405638559,0.46256567001342774,0.011323129449571867,0.4115280508995056,0.6965013742446899,0.05895528942346573,100,500,0.003,fixed,MS-BMO,100
20,0.33792380690574647,0.18822725542954036,0.1928778877258301,0.004650632296289731,0.43077420762607027,0.44261913299560546,0.011844925369535186,0.4432810842990875,0.6597682237625122,0.5339530110359192,100,500,0.003,fixed,MS-BMO,100
25,0.3520239591598511,0.18261792617184774,0.18667267417907715,0.004054748007229408,0.4146287313529423,0.4278704605102539,0.013241729157311588,0.3492296040058136,0.5040592551231384,0.06869388371706009,100,500,0.003,fixed,MS-BMO,100
30,0.3679149687290192,0.17565172059195383,0.17991328620910643,0.004261565617152602,0.4002225399017334,0.41241455078125,0.012192010879516602,0.07761380821466446,1.720873475074768,0.34591391682624817,100,500,0.003,fixed,MS-BMO,100
35,0.3550648331642151,0.16298632323741913,0.16801448631286622,0.005028163075447095,0.3844905410494123,0.3988150978088379,0.014324556759425566,4.310669422149658,2.716887950897217,1.1145771741867065,100,500,0.003,fixed,MS-BMO,100
40,0.4115247130393982,0.16604845651558467,0.17169991683959962,0.005651460324014951,0.36924714701516287,0.3830458869934082,0.013798739978245322,2.1348094940185547,0.634864866733551,0.400913268327713,100,500,0.003,fixed,MS-BMO,100
45,0.5026974678039551,0.17279517011983053,0.17886170387268066,0.006066533752850128,0.35387163502829416,0.36877511978149413,0.01490348475319997,5.70181131362915,1.7282761335372925,1.589155912399292,100,500,0.003,fixed,MS-BMO,100
50,0.5845067977905274,0.1739695199898311,0.18128966331481933,0.007320143324988232,0.34458177430289133,0.3557753982543945,0.011193623951503195,2.8131613731384277,11.594794273376465,3.6277005672454834,100,500,0.003,fixed,MS-BMO,100
55,0.6271685719490051,0.16608675675732748,0.17536936569213868,0.009282608934811198,0.32362426604543415,0.3418585968017578,0.018234330756323636,0.04352201893925667,0.6684006452560425,0.061679430305957794,100,500,0.003,fixed,MS-BMO,100
60,0.6177740216255188,0.154622597353799,0.1620804672241211,0.007457869870322098,0.31026971340179443,0.3243626327514648,0.014092919349670385,0.9954727292060852,0.23565223813056946,0.1185942068696022,100,500,0.003,fixed,MS-BMO,100
65,0.6470041036605835,0.1487426140478679,0.1554759407043457,0.0067333266564778005,0.2927947299821036,0.3090718841552734,0.016277154173169828,1.1619292497634888,1.27311372756958,0.0502329096198082,100,500,0.003,fixed,MS-BMO,100
70,0.6756766080856323,0.14200501995427267,0.15010667896270752,0.008101659008434847,0.28211165751729694,0.2978561553955078,0.01574449787821086,0.042086999863386154,1.802379846572876,0.2938048839569092,100,500,0.003,fixed,MS-BMO,100
75,0.7020276188850403,0.13980763299124582,0.14581797599792481,0.006010343006678992,0.2712536539350237,0.28932976150512696,0.01807610757010325,0.04836990311741829,0.48684579133987427,0.1675521731376648,100,500,0.003,fixed,MS-BMO,100
80,0.7236783266067505,0.13171018021447317,0.13943331146240234,0.007723131247929171,0.25760501836027416,0.27655288887023927,0.018947870509965103,0.051031626760959625,0.7694560289382935,0.12422281503677368,100,500,0.003,fixed,MS-BMO,100
85,0.742569875717163,0.12355216592550278,0.13236838245391847,0.008816216528415688,0.24501794150897435,0.26226891899108884,0.017250977482114488,0.05187432840466499,0.7377257943153381,0.15278467535972595,100,500,0.003,fixed,MS-BMO,100
90,0.7572829365730286,0.11975048588854927,0.1273718566894531,0.0076213708009038456,0.2351744153669902,0.2524965057373047,0.017322090370314486,0.05356379598379135,0.435940682888031,0.03857580944895744,100,500,0.003,fixed,MS-BMO,100
95,0.819522213935852,0.117331896509443,0.12505490493774413,0.00772300842830112,0.2224122562578746,0.2428740482330322,0.0204617919751576,1.3563220500946045,0.21152251958847046,0.08926549553871155,100,500,0.003,fixed,MS-BMO,100
100,0.8402349710464477,0.11243753560951777,0.11984463787078857,0.007407102261270795,0.2143017841236932,0.23224514770507812,0.01794336358138493,0.04362918436527252,0.15271706879138947,0.051295895129442215,100,500,0.003,fixed,MS-BMO,100
0,0.4904630720615387,0.4657901270048959,0.46651635360717775,0.000726226602281832,0.6712947828429086,0.6704372024536133,-0.0008575803892952871,,,,101,500,0.003,fixed,MS-BMO,100
5,0.4488977611064911,0.4091235910143171,0.4073700485229492,-0.0017535424913678876,0.6367449334689549,0.6369174499511718,0.0001725164822169445,5.537717342376709,0.8852337002754211,0.4050297737121582,101,500,0.003,fixed,MS-BMO,100
10,0.3996202826499939,0.3477939920766013,0.3479746170043945,0.00018062492779324923,0.6076647809573582,0.6080064277648926,0.00034164680753434595,4.746555805206299,0.4235333800315857,0.05302520841360092,101,500,0.003,fixed,MS-BMO,100
15,0.38418434262275697,0.3211773080485208,0.3217357711791992,0.0005584631306784216,0.5865857771464756,0.5865328330993652,-5.2944047110425885e-05,0.7271767258644104,0.510697066783905,0.04899774491786957,101,500,0.003,fixed,MS-BMO,100
20,0.3793330788612366,0.30624724285943167,0.30664412689208986,0.0003968840326581957,0.5683355501719883,0.5698878707885742,0.0015523206165858339,0.6547455191612244,0.4240754246711731,0.1329929530620575,101,500,0.003,fixed,MS-BMO,100
25,0.3744815647602081,0.2925886724676405,0.2927898178100586,0.00020114534241810755,0.5526030574526105,0.5546344985961914,0.002031441143580892,0.6134059429168701,0.9578967690467834,0.09128858894109726,101,500,0.003,fixed,MS-BMO,100
30,0.3678206741809845,0.27995704327310833,0.28023500633239745,0.00027796305928912135,0.5401003701346261,0.5412510032653809,0.0011506331307548079,0.7272937893867493,0.42872169613838196,0.25033560395240784,101,500,0.003,fixed,MS-BMO,100
35,0.3664311408996582,0.26938041193144663,0.2698815231323242,0.0005011112008775909,0.5298325419425964,0.5310158195495606,0.0011832776069641282,0.6980676054954529,0.37051939964294434,0.21313612163066864,101,500,0.003,fixed,MS-BMO,100
40,0.3604403376579285,0.25897770694323946,0.2592357940673828,0.0002580871241433247,0.5197155390466962,0.5201208457946778,0.00040530674798155975,0.7073554396629333,0.9120022654533386,0.21970921754837036,101,500,0.003,fixed,MS-BMO,100
45,0.35957532525062563,0.24904510591711318,0.2499930362701416,0.0009479303530284255,0.5087794235774449,0.5107090682983398,0.001929644720894963,0.6262491345405579,0.6667405962944031,0.1304929256439209,101,500,0.003,fixed,MS-BMO,100
50,0.35440083146095275,0.24125240530286515,0.24231288719177246,0.0010604818889073109,0.5026802378041404,0.5039982109069824,0.001317973102841985,0.5085437297821045,0.8518553376197815,0.31418246030807495,101,500,0.003,fixed,MS-BMO,100
55,0.35132617354393003,0.23363237295831954,0.23493370628356933,0.0013013333252497872,0.49445399216243197,0.49661462020874025,0.0021606280463082883,0.8387359976768494,1.4571788311004639,0.7157829999923706,101,500,0.003,fixed,MS-BMO,100
60,0.3790255904197693,0.2419100914682661,0.2425875988006592,0.0006775073323931069,0.4859772537435804,0.4899386253356934,0.003961371592112961,4.812656402587891,0.5590502023696899,0.06758450716733932,101,500,0.003,fixed,MS-BMO,100
65,0.39574957489967344,0.24204978346824646,0.24355324935913086,0.0015034658908844034,0.4846357873507908,0.48622319793701174,0.0015874105862209165,0.4865579307079315,0.3364189565181732,0.31118884682655334,101,500,0.003,fixed,MS-BMO,100
70,0.3969139873981476,0.23537988322121756,0.2376465892791748,0.0022667060579572573,0.48065622789519175,0.4813441505432129,0.0006879226480211442,0.47716426849365234,0.5539659857749939,0.1161859855055809,101,500,0.003,fixed,MS-BMO,100
75,0.39884830117225645,0.23200092571122305,0.23296591758728027,0.0009649918760572251,0.4754188188484737,0.4772877006530762,0.0018688818046024847,0.3201768696308136,0.4703652262687683,0.22549383342266083,101,500,0.003,fixed,MS-BMO,100
80,0.3953278660774231,0.22375227510929108,0.22633432388305663,0.002582048773765555,0.47046723536082674,0.47275906753540037,0.002291832174573627,1.1477181911468506,0.8749412894248962,0.9067156910896301,101,500,0.003,fixed,MS-BMO,100
85,0.43910057544708253,0.2344141581228801,0.23675550842285156,0.0023413502999714564,0.4673260578087398,0.4685561256408691,0.0012300678321293113,4.098211288452148,1.970947504043579,1.3554497957229614,101,500,0.003,fixed,MS-BMO,100
90,0.45475858449935913,0.2338886090687343,0.23552336692810058,0.001634757859366287,0.4627925455570221,0.46580350112915037,0.003010955572128271,0.5354324579238892,0.8044745326042175,0.16964496672153473,101,500,0.003,fixed,MS-BMO,100
95,0.4570868909358978,0.22767301329544612,0.22965700721740723,0.001983993921961108,0.4568215821470533,0.4589623031616211,0.0021407210145678035,0.25743213295936584,0.6116758584976196,0.07083112746477127,101,500,0.003,fixed,MS-BMO,100
100,0.48317909240722656,0.2287603403840746,0.2321375617980957,0.003377221414021081,0.4490452323641096,0.4542040557861328,0.005158823422023229,1.60904061794281,0.861112117767334,0.6951332092285156,101,500,0.003,fixed,MS-BMO,100
0,0.14346251785755157,0.1259419939347676,0.12437910747528076,-0.001562886459486837,0.2526722550392151,0.2495292453765869,-0.0031430096626281767,,,,102,500,0.003,fixed,MS-BMO,100
5,0.2529294192790985,0.21175278084618704,0.210387393951416,-0.0013653868947710313,0.4277943968772888,0.4247101249694824,-0.003084271907806413,0.3644099533557892,0.26965460181236267,0.25023168325424194,102,500,0.003,fixed,MS-BMO,100
10,0.32047283053398135,0.24582257653985704,0.24368998336791992,-0.0021325931719371194,0.5019568971225193,0.4969720573425293,-0.004984839779990036,0.5045285224914551,0.6553651690483093,0.22949868440628052,102,500,0.003,fixed,MS-BMO,100
15,0.38469448685646057,0.25556849581854685,0.2534681053161621,-0.0021003905023847524,0.500357870544706,0.49344309997558594,-0.006914770569120099,3.74782133102417,2.1511788368225098,2.2605178356170654,102,500,0.003,fixed,MS-BMO,100
20,0.4155656278133392,0.24284739366599492,0.24147267532348632,-0.0013747183425086018,0.4796943834849766,0.4756706504821777,-0.0040237330027989016,0.8501653075218201,0.38315820693969727,0.38331350684165955,102,500,0.003,fixed,MS-BMO,100
25,0.4744423985481262,0.23846508349691117,0.23640695762634278,-0.002058125870568389,0.4570451165948595,0.45295292282104493,-0.00409219377381459,0.6843249797821045,0.8884389400482178,0.6779564023017883,102,500,0.003,fixed,MS-BMO,100
30,0.4865438640117645,0.21885948947497777,0.21775432205200196,-0.0011051674229758113,0.4363584646156856,0.4328246269226074,-0.00353383769307819,1.7677568197250366,0.9268985986709595,0.860389232635498,102,500,0.003,fixed,MS-BMO,100
35,0.5261816501617431,0.20982948584215982,0.20714755058288575,-0.002681935259274071,0.4166657158306667,0.41232128524780276,-0.004344430582863934,0.5306090712547302,0.8691936135292053,1.2085373401641846,102,500,0.003,fixed,MS-BMO,100
40,0.5288166522979736,0.19179017416068486,0.19056265258789062,-0.001227521572794238,0.39600339106151033,0.39186975479125974,-0.004133636270250596,10.0,10385.3857421875,422.75537109375,102,500,0.003,fixed,MS-BMO,100
45,0.5349100947380065,0.17974935259137834,0.1777807674407959,-0.0019685851505824303,0.38126436727387564,0.37626541137695313,-0.004998955896922508,1.8727978467941284,0.9693742990493774,1.3668915033340454,102,500,0.003,fixed,MS-BMO,100
50,0.5553988456726074,0.1688364659036909,0.16789986610412597,-0.0009365997995649245,0.36105747308049885,0.357837158203125,-0.003220314877373842,0.1867566853761673,0.34147921204566956,0.37296026945114136,102,500,0.003,fixed,MS-BMO,100
55,0.5847739577293396,0.16087929478713445,0.16107255554199218,0.00019326075485773253,0.3466687330177852,0.34313339614868166,-0.003535336869103567,0.04486830160021782,0.18929578363895416,0.14749382436275482,102,500,0.003,fixed,MS-BMO,100
60,0.6072095036506653,0.154718850340162,0.15313541316986085,-0.0015834371703011552,0.3327205777168274,0.3271713523864746,-0.005549225330352792,0.1759459376335144,1.254036784172058,0.012710781767964363,102,500,0.003,fixed,MS-BMO,100
65,0.6244597792625427,0.146207828606878,0.14509397125244142,-0.001113857354436587,0.31509320225034443,0.31078453826904295,-0.004308663981301475,0.27622273564338684,0.7546753287315369,0.3030698597431183,102,500,0.003,fixed,MS-BMO,100
70,0.6516871809959411,0.14335476074899947,0.14066619396209717,-0.0026885667869022967,0.3035002819129399,0.30133576011657714,-0.0021645217963627283,0.35460418462753296,2.0656065940856934,0.9287083745002747,102,500,0.003,fixed,MS-BMO,100
75,0.7199418902397156,0.14100093500954763,0.1391891918182373,-0.0018117431913103332,0.29673254915646147,0.28955729484558107,-0.007175254310880397,0.20822542905807495,2.3539416790008545,0.0088887270539999,102,500,0.003,fixed,MS-BMO,100
80,0.7466574788093567,0.13580465955393656,0.13398583793640137,-0.001818821617535188,0.28525383131844656,0.2787063045501709,-0.0065475267682756355,0.05953172221779823,0.23670825362205505,0.06177433952689171,102,500,0.003,fixed,MS-BMO,100
85,0.7746635556221009,0.13065502686159952,0.12936413860321044,-0.001290888258389078,0.2772349842957088,0.26929157638549805,-0.007943407910210754,0.06104961782693863,0.23511716723442078,0.1434759795665741,102,500,0.003,fixed,MS-BMO,100
90,0.7921234130859375,0.1274286870445524,0.1243192024230957,-0.0031094846214567012,0.26445020522390095,0.25903604125976565,-0.005414163964135299,0.09667361527681351,0.9424256086349487,0.11664678156375885,102,500,0.003,fixed,MS-BMO,100
95,0.8208360195159912,0.11991836449929646,0.1200348196029663,0.00011645510366983802,0.25487968751362394,0.2503614101409912,-0.0045182773726327174,0.05739523097872734,0.32032281160354614,0.16001208126544952,102,500,0.003,fixed,MS-BMO,100
100,0.8534439086914063,0.11846786311694554,0.11606707859039307,-0.0024007845265524713,0.24464466742106847,0.24037430381774902,-0.004270363603319449,0.7501662969589233,0.4527497887611389,0.10885975509881973,102,500,0.003,fixed,MS-BMO,100
0,0.3554829001426697,0.3118643505232675,0.31483328247070314,0.002968931947435638,0.735652506351471,0.7462265701293945,0.010574063777923581,,,,100,500,0.003,fixed,MS-BMO,200
5,0.3205645680427551,0.2448516743523734,0.24760317611694335,0.0027515017645699524,0.5602694579533168,0.5697727851867675,0.009503327233450709,0.9259964227676392,9.693839073181152,3.268582820892334,100,500,0.003,fixed,MS-BMO,200
10,0.3039608299732208,0.2079952699797494,0.21060172462463378,0.002606454644884376,0.4857135925974165,0.4949485626220703,0.009234970024653844,3.581146478652954,9.229625701904297,1.6177397966384888,100,500,0.003,fixed,MS-BMO,200
15,0.3079581081867218,0.19193110295704432,0.19494148635864259,0.00301038340159826,0.4509853209768023,0.46230177307128906,0.011316452094486784,0.3440819978713989,0.591745913028717,0.20654894411563873,100,500,0.003,fixed,MS-BMO,200
20,0.3030638873577118,0.17723114149911062,0.1813906764984131,0.004159534999302467,0.4290795624256134,0.4408778877258301,0.011798325300216683,0.9197620153427124,0.8064026236534119,0.27480706572532654,100,500,0.003,fixed,MS-BMO,200
25,0.3135644197463989,0.17058842097009932,0.17415199661254882,0.0035635756424494958,0.41221929447991507,0.42530972290039065,0.013090428420475586,10.0,204.15631103515625,94.86591339111328,100,500,0.003,fixed,MS-BMO,200
30,0.3360076487064362,0.1683046498468944,0.17219183158874513,0.003887181741850737,0.4008503385952541,0.4128646469116211,0.012014308316367017,0.21984674036502838,0.3756163418292999,0.50652676820755,100,500,0.003,fixed,MS-BMO,200
35,0.3727312445640564,0.16809660622051784,0.17330223655700683,0.005205630336488992,0.3864349808011736,0.40054967880249026,0.01411469800131665,1.2843782901763916,2.897705554962158,0.516858696937561,100,500,0.003,fixed,MS-BMO,200
40,0.4374919295310974,0.1715369075536728,0.1774399127960205,0.005903005242347714,0.3734216945511954,0.3871827774047852,0.01376108285358979,0.3349215090274811,0.6920919418334961,0.8948899507522583,100,500,0.003,fixed,MS-BMO,200
45,0.4801782488822937,0.1695197629077094,0.17535737991333009,0.005837617005620688,0.3583776184490749,0.3733286895751953,0.01495107112612043,5.046965599060059,1.6171332597732544,0.26079097390174866,100,500,0.003,fixed,MS-BMO,200
50,0.596044945716858,0.1740215825183051,0.18140418434143066,0.007382601823125556,0.3431310611111777,0.35423026657104495,0.011099205459867256,9.999999046325684,50.96906661987305,31.569368362426758,100,500,0.003,fixed,MS-BMO,200
55,0.6671573042869567,0.17072805762290955,0.18037380599975586,0.009645748376846314,0.32660037704876493,0.34485914611816404,0.018258769069399106,0.08792310953140259,0.6316912174224854,0.2856869399547577,100,500,0.003,fixed,MS-BMO,200
60,0.6958598852157593,0.1625119916030339,0.17055622482299804,0.008044233219964142,0.31187987327575684,0.32592798614501955,0.014048112869262719,0.13644017279148102,0.8143408298492432,0.027401749044656754,100,500,0.003,fixed,MS-BMO,200
65,0.6873077511787414,0.15246298057692392,0.15943264007568358,0.006969659498759662,0.29685688444546293,0.31326564025878906,0.016408755813326126,0.6989835500717163,4.043931484222412,0.4971199035644531,100,500,0.003,fixed,MS-BMO,200
70,0.7233926773071289,0.1462785793202264,0.15469955444335937,0.008420975123132973,0.288166092974799,0.3041930503845215,0.016026957409722487,0.21846771240234375,0.8644258975982666,0.5831312537193298,100,500,0.003,fixed,MS-BMO,200
75,0.7462921619415284,0.14043791804994857,0.14655378532409669,0.006115867274148118,0.2696702906063625,0.287646728515625,0.01797643790926251,0.026007669046521187,2.4506778717041016,0.006189493462443352,100,500,0.003,fixed,MS-BMO,200
80,0.7757750630378724,0.13273996327604567,0.14060631942749025,0.00786635615144457,0.2571553247315543,0.2760237979888916,0.018868473257337315,0.04455206170678139,0.19907547533512115,0.1153583973646164,100,500,0.003,fixed,MS-BMO,200
85,0.7966004967689514,0.12448643147945404,0.13349667930603026,0.009010247826576223,0.24473692051001958,0.2619386959075928,0.0172017753975732,0.04795966297388077,0.2459908276796341,0.0395374521613121,100,500,0.003,fixed,MS-BMO,200
90,0.8211796998977661,0.1201082712837628,0.1278182611465454,0.00770998986278261,0.23368286234991892,0.25088784408569337,0.01720498173577445,0.05133580416440964,0.35370752215385437,0.04595404490828514,100,500,0.003,fixed,MS-BMO,200
95,0.8427616119384765,0.11619592670883451,0.12384647274017334,0.0076505460313388285,0.22275776948247636,0.24319709777832033,0.020439328295843967,0.04602851718664169,0.1375775784254074,0.07373761385679245,100,500,0.003,fixed,MS-BMO,200
100,0.862643015384674,0.11115649661847524,0.11845939540863037,0.007302898790155138,0.21477686294487544,0.2326714496612549,0.017894586716379446,0.048021573573350906,0.1264609396457672,0.07535503059625626,100,500,0.003,fixed,MS-BMO,200
105,0.8879582047462463,0.11085159544433866,0.11710751342773437,0.006255917983395712,0.2095021137169429,0.23034240531921388,0.020840291602270966,0.048005424439907074,0.5169562101364136,0.02610957995057106,100,500,0.003,fixed,MS-BMO,200
110,0.9128553390502929,0.10628115705081395,0.1156768684387207,0.00939571138790675,0.21288568207195827,0.22791241264343262,0.015026730571474356,0.08486424386501312,0.24103330075740814,0.02774158865213394,100,500,0.003,fixed,MS-BMO,200
115,0.9163025856018067,0.09986828693321773,0.1098589916229248,0.009990704689707072,0.2000791813646044,0.21642732238769533,0.01634814102309093,0.050739485770463943,0.6349835395812988,0.08936803042888641,100,500,0.003,fixed,MS-BMO,200
120,0.9372924327850342,0.0954595570053373,0.10571840286254883,0.010258845857211527,0.1891701647213527,0.20812302207946778,0.018952857358115083,0.14548178017139435,0.17996494472026825,0.05941176041960716,100,500,0.003,fixed,MS-BMO,200
125,0.926387369632721,0.09335315014634814,0.10159032917022705,0.00823717902387891,0.18439249055726187,0.201881929397583,0.017489438840321142,4.268131732940674,544.529296875,8.943140983581543,100,500,0.003,fixed,MS-BMO,200
130,0.921484649181366,0.08957412838935852,0.09982163619995117,0.010247507810592651,0.18473623905863082,0.2004726963043213,0.015736457245690477,0.20093584060668945,0.41574233770370483,0.020699063315987587,100,500,0.003,fixed,MS-BMO,200
135,0.9304037690162659,0.08760494419506618,0.09661842250823975,0.009013478313173576,0.17213562769549234,0.19435085487365722,0.022215227178164876,0.06677418947219849,0.43302688002586365,0.013963966630399227,100,500,0.003,fixed,MS-BMO,200
140,0.9410178303718567,0.08526981409106936,0.09501447296142577,0.009744658870356415,0.17507051995822362,0.1914086685180664,0.01633814855984278,0.061719294637441635,0.11373221129179001,0.024571487680077553,100,500,0.003,fixed,MS-BMO,200
145,0.9417462229728699,0.08231399953365326,0.09162172794342041,0.009307728409767152,0.16984003356524877,0.18468184852600097,0.014841814960752209,0.043835464864969254,0.1870395392179489,0.02570170722901821,100,500,0.003,fixed,MS-BMO,200
150,0.9497632503509521,0.07905843215329307,0.0903927698135376,0.011334337660244526,0.16633515698569162,0.18247877311706542,0.0161436161313738,0.03772537037730217,0.041111331433057785,0.027096854522824287,100,500,0.003,fixed,MS-BMO,200
155,0.9555924892425537,0.08219828882387706,0.08868132877349853,0.006483039949621475,0.15961109740393503,0.17923987579345704,0.01962877838952201,0.05015506222844124,0.037842147052288055,0.020293209701776505,100,500,0.003,fixed,MS-BMO,200
160,0.9618332505226135,0.07475202956369945,0.08609138774871826,0.011339358185018814,0.15571321547031403,0.1741314640045166,0.01841824853420257,0.04514298215508461,0.033491168171167374,0.013613446615636349,100,500,0.003,fixed,MS-BMO,200
165,0.9649614334106446,0.07589685384716306,0.0846605486869812,0.008763694839818134,0.1568729430437088,0.1714637279510498,0.014590784907341003,0.05396378040313721,0.008252305909991264,0.01715347170829773,100,500,0.003,fixed,MS-BMO,200
170,0.9726966261863709,0.07542836878980909,0.08458093357086181,0.009152564781052724,0.1531107681138175,0.17164450073242188,0.018533732618604387,0.060453739017248154,0.016206372529268265,0.021870087832212448,100,500,0.003,fixed,MS-BMO,200
175,0.9730301022529602,0.07248770126274653,0.08315266180038453,0.01066496053763799,0.1555478572845459,0.16895956420898436,0.013411706924438466,0.04739581421017647,0.008993590250611305,0.018161622807383537,100,500,0.003,fixed,MS-BMO,200
180,0.9754167675971985,0.07255402313811439,0.08050598526000977,0.007951962121895376,0.14927225240639277,0.16368783187866212,0.014415579472269346,0.06305498629808426,0.021382054314017296,0.01697063073515892,100,500,0.003,fixed,MS-BMO,200
185,0.9759957432746887,0.06798256933689117,0.07858411836624145,0.010601549029350274,0.14468695755515779,0.15994204235076903,0.015255084795611246,0.05762966349720955,0.010284963995218277,0.017919767647981644,100,500,0.003,fixed,MS-BMO,200
190,0.9770112633705139,0.06874557797397886,0.07724769830703736,0.0085021203330585,0.13263704840626037,0.15741441917419433,0.02477737076793396,0.04617302492260933,0.008261690847575665,0.015939680859446526,100,500,0.003,fixed,MS-BMO,200
195,0.9783942461013794,0.0680523259299142,0.0766765751838684,0.008624249253954205,0.1352190598845482,0.15651307201385498,0.02129401212930679,0.04479122906923294,0.008371620438992977,0.018519509583711624,100,500,0.003,fixed,MS-BMO,200
200,0.981634771823883,0.0677453066621508,0.07658712673187255,0.008841820069721756,0.14208297537905829,0.1566282157897949,0.014545240410736626,0.03690342977643013,0.001805199426598847,0.014151735231280327,100,500,0.003,fixed,MS-BMO,200
0,0.4904630720615387,0.4657901270048959,0.46651635360717775,0.000726226602281832,0.6712947828429086,0.6704372024536133,-0.0008575803892952871,,,,101,500,0.003,fixed,MS-BMO,200
5,0.44889783263206484,0.4091237485408783,0.4073701705932617,-0.0017535779476166025,0.6367449760437012,0.6369174499511718,0.0001724739074706605,5.537598609924316,0.8851673603057861,0.4048084318637848,101,500,0.003,fixed,MS-BMO,200
10,0.40435987114906313,0.3513257418360029,0.3515094146728516,0.00018367283684866953,0.6076620050839016,0.6080035018920898,0.00034149680818829076,4.055830478668213,0.9976439476013184,0.062092944979667664,101,500,0.003,fixed,MS-BMO,200
15,0.38918503522872927,0.32411593198776245,0.3246679992675781,0.0005520672798156601,0.5859547087124416,0.5858755683898926,-7.914032254896508e-05,0.93427973985672,0.7735536694526672,0.19824960827827454,101,500,0.003,fixed,MS-BMO,200
20,0.38211708664894106,0.3073891741888864,0.30777410888671874,0.0003849346978323509,0.5660475662776402,0.5675693664550782,0.0015218001774379708,0.6268725395202637,0.425701379776001,0.08694443851709366,101,500,0.003,fixed,MS-BMO,200
25,0.3756160020828247,0.29377612471580505,0.2939703788757324,0.00019425415992735395,0.550839228289468,0.5528406753540039,0.002001447064535977,0.7011593580245972,0.5367766618728638,0.259937584400177,101,500,0.003,fixed,MS-BMO,200
30,0.3721825420856476,0.2813777029514313,0.28162890243530275,0.00025119948387147817,0.5384298733302525,0.5395152435302735,0.0010853702000209742,0.6615798473358154,0.3940446674823761,0.22739768028259277,101,500,0.003,fixed,MS-BMO,200
35,0.37049527168273927,0.2705258471625192,0.27101224327087403,0.00048639610835482516,0.5270262445722308,0.5281521911621094,0.0011259465898786347,0.6100592017173767,0.9417750239372253,0.18279390037059784,101,500,0.003,fixed,MS-BMO,200
40,0.3689055860042572,0.2618460995810373,0.2620896949768066,0.00024359539576934708,0.5189452001026699,0.5192991790771484,0.00035397897447853044,0.6483802795410156,0.898276150226593,0.3255879580974579,101,500,0.003,fixed,MS-BMO,200
45,0.36210051774978635,0.25233863081250874,0.2532929210662842,0.0009542902537754694,0.5100599186761039,0.5119665908813477,0.0019066722052437646,0.641413688659668,0.4692341387271881,0.06243479996919632,101,500,0.003,fixed,MS-BMO,200
50,0.363160765171051,0.24563649083886827,0.24671748161315918,0.001080990774290913,0.5041392871311733,0.5054236946105957,0.001284407479422378,0.5304076075553894,0.4316069185733795,0.3632473051548004,101,500,0.003,fixed,MS-BMO,200
55,0.35664135217666626,0.23745265390191758,0.23878166770935058,0.0013290138074329994,0.4953386144978659,0.49747389221191407,0.002135277714048145,0.6009643077850342,0.8312641978263855,0.31927454471588135,101,500,0.003,fixed,MS-BMO,200
60,0.331540048122406,0.22026521180357253,0.22081266021728516,0.0005474484137126256,0.48614196266446796,0.4900690269470215,0.003927064282553516,10.0,112.4773178100586,84.21771240234375,101,500,0.003,fixed,MS-BMO,200
65,0.2623542547225952,0.18427922683102743,0.18510770225524903,0.0008284754242215975,0.4788397806031363,0.48035097885131833,0.0015111982481820219,1.313205599784851,2.7393815517425537,0.5964597463607788,101,500,0.003,fixed,MS-BMO,200
70,0.25622297525405885,0.17680456170013972,0.17807502937316894,0.001270467673029213,0.4680865151541574,0.46869805908203127,0.000611543927873881,0.8309922814369202,0.7945428490638733,0.7623209357261658,101,500,0.003,fixed,MS-BMO,200
75,0.24791430830955505,0.17074937692710332,0.17125193977355957,0.0005025628464562504,0.4572701369013105,0.4589907112121582,0.0017205743108476557,0.4578809440135956,0.3210737705230713,0.20878003537654877,101,500,0.003,fixed,MS-BMO,200
80,0.24437992572784423,0.1655498594045639,0.1668961181640625,0.001346258759498592,0.44872412511280607,0.45066630935668944,0.0019421842438833714,0.13657212257385254,0.4518074691295624,0.27285465598106384,101,500,0.003,fixed,MS-BMO,200
85,0.24080752730369567,0.1617662204163415,0.16276756286621094,0.0010013424498694357,0.44159942865371704,0.4425523223876953,0.0009528937339782773,0.32654187083244324,0.6099176406860352,0.14491064846515656,101,500,0.003,fixed,MS-BMO,200
90,0.23709020614624024,0.15801133854048593,0.1587109718322754,0.0006996332917894588,0.4323755545275552,0.4349456520080566,0.00257009748050141,0.4607706367969513,0.2269001007080078,0.06402187794446945,101,500,0.003,fixed,MS-BMO,200
95,0.23128412067890167,0.15355168282985687,0.15439110565185546,0.0008394228219985866,0.4266039345945631,0.4283406753540039,0.0017367407594408024,0.660426139831543,0.18336617946624756,0.21406880021095276,101,500,0.003,fixed,MS-BMO,200
100,0.22669413685798645,0.14932408503123693,0.15066849517822264,0.0013444101469857195,0.4177870494978769,0.4220814018249512,0.004294352327074313,0.25241097807884216,0.38660484552383423,0.26437968015670776,101,500,0.003,fixed,MS-BMO,200
105,0.22422966361045837,0.14658141561916896,0.14764740562438966,0.0010659900052207016,0.41105203543390545,0.41572985076904295,0.004677815335137503,0.17032167315483093,0.47460228204727173,0.3453620970249176,101,500,0.003,fixed,MS-BMO,200
110,0.22068352699279786,0.14345551814351762,0.1446893377304077,0.0012338195868900892,0.4074157859597887,0.4099666290283203,0.002550843068531594,0.3383736312389374,0.3753279149532318,0.10010795295238495,101,500,0.003,fixed,MS-BMO,200
115,0.22144481241703035,0.14221276342868805,0.14318501567840577,0.0009722522497177255,0.4023192354610988,0.4044052963256836,0.0020860608645847933,0.697041928768158,1.3900189399719238,1.7044811248779297,101,500,0.003,fixed,MS-BMO,200
120,0.21306308805942537,0.13770644153867448,0.13893794536590576,0.0012315038272312784,0.3971058854034969,0.4001139717102051,0.0030080863067081798,0.5214316844940186,0.46658673882484436,0.2709788382053375,101,500,0.003,fixed,MS-BMO,200
125,0.19304081201553344,0.1304109969309398,0.13109997177124025,0.0006889748403004492,0.3908629928316389,0.395128833770752,0.004265840939113086,5.703197479248047,22.310014724731445,17.630184173583984,101,500,0.003,fixed,MS-BMO,200
130,0.18983953893184663,0.12759664441858018,0.12864102363586427,0.0010443792172840916,0.3857993653842381,0.38989316940307617,0.004093804018838076,10.0,98.34210968017578,122.37548828125,101,500,0.003,fixed,MS-BMO,200
135,0.2382046103477478,0.13964142331055232,0.1412172622680664,0.0015758389575140919,0.38236890946115765,0.3865035018920898,0.004134592430932171,0.4380635917186737,0.7614543437957764,0.038861233741045,101,500,0.003,fixed,MS-BMO,200
140,0.237977597117424,0.13904018061501638,0.140241397857666,0.001201217242649627,0.3822277912071773,0.3855886039733887,0.003360812766211363,0.8426705598831177,4.498108386993408,1.3216108083724976,101,500,0.003,fixed,MS-BMO,200
145,0.29469398260116575,0.15106397441455297,0.15246086120605468,0.0013968867915017114,0.37812475647245136,0.38375172424316406,0.005626967770712699,2.433896541595459,0.2491994947195053,0.14254441857337952,101,500,0.003,fixed,MS-BMO,200
150,0.29856039881706237,0.1510674868311201,0.15278497505187988,0.0017174882207597886,0.38145996417318073,0.3854267730712891,0.003966808898108354,0.43203622102737427,0.7392319440841675,0.38777703046798706,101,500,0.003,fixed,MS-BMO,200
155,0.3682578086853027,0.1636834102017539,0.16671224975585938,0.003028839554105489,0.38219558766910006,0.3870928382873535,0.004897250618253468,2.429755926132202,0.2765909731388092,0.1414124220609665,101,500,0.003,fixed,MS-BMO,200
160,0.3942685604095459,0.16774273557322367,0.16981012535095213,0.0020673897777284678,0.3826608657836914,0.38697558212280275,0.004314716339111346,0.2241358608007431,0.8884442448616028,0.7145845890045166,101,500,0.003,fixed,MS-BMO,200
165,0.4495728135108948,0.1726005928856986,0.1773580017089844,0.004757408823285791,0.38192439505032133,0.3872210807800293,0.005296685729707984,10.000000953674316,213.80133056640625,159.4296112060547,101,500,0.003,fixed,MS-BMO,200
170,0.514403474330902,0.18370088083403452,0.18669416427612304,0.002993283442088518,0.3818176346165793,0.3909547157287598,0.009137081112180478,0.15916398167610168,0.5870928764343262,0.14691027998924255,101,500,0.003,fixed,MS-BMO,200
175,0.5263538956642151,0.1825842091015407,0.18583989524841307,0.003255686146872383,0.3821516845907484,0.3906353797912598,0.008483695200511399,0.2594186067581177,0.495372474193573,0.12238816171884537,101,500,0.003,fixed,MS-BMO,200
180,0.46135435700416566,0.16870302174772536,0.17222131729125978,0.0035182955435344165,0.3772344376359667,0.3851146812438965,0.007880243607929771,1.4786771535873413,1.969027042388916,1.4667625427246094,101,500,0.003,fixed,MS-BMO,200
185,0.6159958600997925,0.18561140980039323,0.18932255554199218,0.003711145741598948,0.37530004552432467,0.3811431579589844,0.005843112434659736,2.767984628677368,0.6949679255485535,0.7237253189086914,101,500,0.003,fixed,MS-BMO,200
190,0.8152673602104187,0.20382454139845713,0.21022706604003907,0.006402524641581947,0.3681697760309492,0.37651054382324217,0.00834076779229298,10.0,61.91437530517578,61.43118667602539,101,500,0.003,fixed,MS-BMO,200
195,0.9713618516921997,0.21833315065928868,0.2247352523803711,0.006402101721082409,0.3628935090133122,0.37040249633789063,0.007508987324578442,3.844902515411377,1.840471863746643,2.0317416191101074,101,500,0.003,fixed,MS-BMO,200
200,0.9867191553115845,0.21094263664313725,0.21827613067626953,0.007333494033132271,0.3528874261038644,0.36466250228881836,0.011775076184953936,0.5108464956283569,0.5399041771888733,0.18084672093391418,101,500,0.003,fixed,MS-BMO,200
0,0.14346251785755157,0.1259419939347676,0.12437910747528076,-0.001562886459486837,0.2526722550392151,0.2495292453765869,-0.0031430096626281767,,,,102,500,0.003,fixed,MS-BMO,200
5,0.25292890071868895,0.21175236999988556,0.2103869857788086,-0.0013653842210769596,0.42779417974608286,0.42470989990234376,-0.0030842798437391017,0.3646356761455536,0.27018705010414124,0.2510603368282318,102,500,0.003,fixed,MS-BMO,200
10,0.3205139398574829,0.24584561160632543,0.24371260070800782,-0.0021330108983176055,0.501957356929779,0.4969722442626953,-0.004985112667083735,0.496261864900589,0.7105354070663452,0.23238423466682434,102,500,0.003,fixed,MS-BMO,200
15,0.3653519868850708,0.24628653270857676,0.24429022789001464,-0.0019963048185621113,0.4999583959579468,0.49302975845336916,-0.006928637504577617,1.2943568229675293,0.9561448693275452,0.07592828571796417,102,500,0.003,fixed,MS-BMO,200
20,0.4259369492530823,0.2476136620555605,0.24618912124633788,-0.0014245408092226353,0.47894089562552317,0.47489583587646483,-0.004045059749058333,3.8115246295928955,0.530247688293457,0.5530565977096558,102,500,0.003,fixed,MS-BMO,200
25,0.47259764075279237,0.2384874756847109,0.23643942070007323,-0.0020480549846376706,0.4594850369862148,0.4553973693847656,-0.004087667601449185,2.2656664848327637,3.249349594116211,3.315516471862793,102,500,0.003,fixed,MS-BMO,200
30,0.5261010885238647,0.23018281587532588,0.22898742485046386,-0.0011953910248620192,0.43650899614606586,0.43295366287231446,-0.0035553332737514043,0.017757315188646317,0.9098856449127197,1.2086344957351685,102,500,0.003,fixed,MS-BMO,200
35,0.5724826455116272,0.22048188745975494,0.21755319023132325,-0.002928697228431698,0.41573273284094675,0.41136769866943357,-0.004365034171513182,0.21271003782749176,0.5319461226463318,0.19226357340812683,102,500,0.003,fixed,MS-BMO,200
40,0.6061339616775513,0.2048834583589009,0.20352719497680663,-0.0013562633820942693,0.3968504113810403,0.39273775482177736,-0.004112656559262962,4.562248229980469,14.923197746276855,8.292228698730469,102,500,0.003,fixed,MS-BMO,200
45,0.691424834728241,0.20304561938558305,0.20056612968444823,-0.0024794897011348183,0.3761837525027139,0.3711278648376465,-0.005055887665067427,2.7876410484313965,0.9660804867744446,1.2542628049850464,102,500,0.003,fixed,MS-BMO,200
50,0.6383258461952209,0.17687687490667617,0.175785737991333,-0.001091136915343155,0.3578075723988669,0.35458562850952147,-0.0032219438893454355,10.0,409.4416809082031,95.68153381347656,102,500,0.003,fixed,MS-BMO,200
55,0.625436007976532,0.16013390677315847,0.16032757186889648,0.00019366509573801038,0.3379663569586618,0.3345100135803223,-0.0034563433783394992,0.39604079723358154,0.17895561456680298,0.16542948782444,102,500,0.003,fixed,MS-BMO,200
60,0.6616214394569397,0.15688188161168778,0.15520175552368165,-0.0016801260880061342,0.3292080802576883,0.3235798454284668,-0.005628234829221479,0.34664228558540344,0.5886608958244324,0.6168275475502014,102,500,0.003,fixed,MS-BMO,200
65,0.715695035457611,0.154037635241236,0.1527441806793213,-0.0012934545619147086,0.31872072390147616,0.31427985763549804,-0.004440866265978116,4.412688255310059,20.91042709350586,8.606714248657227,102,500,0.003,fixed,MS-BMO,200
70,0.7677152991294861,0.15059860476425715,0.14746439456939697,-0.003134210194860182,0.3015314425740923,0.29936445617675783,-0.0021669863973344805,0.2518611550331116,0.9365304708480835,0.5453042984008789,102,500,0.003,fixed,MS-BMO,200
75,0.8758583068847656,0.15039482712745667,0.14820582580566405,-0.0021890013217926163,0.29514174801962717,0.28775032424926755,-0.0073914237703596175,8.242753028869629,41.18267059326172,15.104297637939453,102,500,0.003,fixed,MS-BMO,200
80,0.9417190313339233,0.1449559565101351,0.1427757511138916,-0.002180205396243501,0.2776435273034232,0.27100988960266115,-0.0066336377007620295,1.632660984992981,0.27358511090278625,0.06590241938829422,102,500,0.003,fixed,MS-BMO,200
85,1.0018468141555785,0.14204211426632746,0.14035482215881348,-0.0016872921075139768,0.27341669372149874,0.26528641891479493,-0.008130274806703808,0.08207908272743225,0.3797658681869507,0.2111789435148239,102,500,0.003,fixed,MS-BMO,200
90,1.041070294380188,0.13857629043715342,0.13473217964172363,-0.0038441107954297893,0.2604227066040039,0.2548062286376953,-0.005616477966308597,0.05871937796473503,0.5441434979438782,0.08584380149841309,102,500,0.003,fixed,MS-BMO,200
95,1.0924907445907592,0.13004857088838304,0.12996556282043456,-8.30080679484757e-05,0.25061256332056864,0.2459329319000244,-0.004679631420544228,0.07188350707292557,0.47372618317604065,0.012858711183071136,102,500,0.003,fixed,MS-BMO,200
100,1.1234763860702515,0.12740895577839442,0.12434578609466553,-0.0030631696837288974,0.24002398550510406,0.23562185859680176,-0.004402126908302301,0.0872790738940239,0.8991149067878723,0.08224114775657654,102,500,0.003,fixed,MS-BMO,200
105,1.1438069581985473,0.11907160601445607,0.1173754472732544,-0.0016961587412016726,0.23122798757893698,0.2226870174407959,-0.00854097013814109,0.0698137953877449,1.052046775817871,0.0992942601442337,102,500,0.003,fixed,MS-BMO,200
110,1.1800643920898437,0.11588132062128612,0.11341040134429932,-0.0024709192769867966,0.21904778267656053,0.21538569450378417,-0.0036620881727763566,0.06982950121164322,0.3374231457710266,0.16042879223823547,102,500,0.003,fixed,MS-BMO,200
115,1.2170180559158326,0.11715949007443019,0.11117111682891846,-0.005988373245511727,0.2157418131828308,0.211281925201416,-0.004459887981414806,0.0676964670419693,0.1788330376148224,0.06874971836805344,102,500,0.003,fixed,MS-BMO,200
120,1.2487926483154297,0.11105062067508698,0.10807708549499512,-0.0029735351800918575,0.20938799210957118,0.20557968521118164,-0.0038083068983895407,0.06409452855587006,0.16239169239997864,0.05849511921405792,102,500,0.003,fixed,MS-BMO,200
125,1.2732706308364867,0.10735268252236503,0.1041423568725586,-0.003210325649806431,0.20086781254836492,0.19826527214050294,-0.0026025404078619807,0.08421078324317932,0.7615208029747009,0.005863191559910774,102,500,0.003,fixed,MS-BMO,200
130,1.3100483655929565,0.10657496218170438,0.10131544589996339,-0.005259516281740997,0.19892628065177373,0.19306820678710937,-0.005858073864664359,0.038224175572395325,0.43919482827186584,0.16599595546722412,102,500,0.003,fixed,MS-BMO,200
135,1.3251747608184814,0.10361934666122709,0.09902531433105469,-0.004594032330172401,0.19702058179037912,0.18891692924499512,-0.008103652545384005,0.09368325024843216,0.3300125002861023,0.0017160590505227447,102,500,0.003,fixed,MS-BMO,200
140,1.3503507614135741,0.1012915170618466,0.0971382179260254,-0.004153299135821201,0.18746784329414368,0.1855644702911377,-0.0019033730030059703,0.08387387543916702,0.8115559220314026,0.07900096476078033,102,500,0.003,fixed,MS-BMO,200
145,1.3725725173950196,0.1009337061217853,0.09461370849609375,-0.006319997625691548,0.1880215448992593,0.18098328590393067,-0.007038258995328617,0.07272946834564209,0.1596807986497879,0.057446371763944626,102,500,0.003,fixed,MS-BMO,200
150,1.3938844203948975,0.09569214071546282,0.0923782377243042,-0.003313902991158621,0.1797751017979213,0.17690876197814942,-0.002866339819771885,0.11003488302230835,0.21406464278697968,0.022561775520443916,102,500,0.003,fixed,MS-BMO,200
155,1.4032126665115356,0.09518890402146749,0.09028734970092774,-0.00490155432053975,0.1841142965214593,0.1731040916442871,-0.011010204877172192,0.09721487760543823,0.03853587061166763,0.019139472395181656,102,500,0.003,fixed,MS-BMO,200
160,1.420552659034729,0.09391397769962039,0.08908198642730712,-0.004831991272313263,0.17964180878230504,0.1709969310760498,-0.008644877706255244,0.07832951843738556,0.032632581889629364,0.04036225378513336,102,500,0.003,fixed,MS-BMO,200
165,1.4301698923110961,0.09238776245287486,0.08695410060882568,-0.005433661844049184,0.17553292640617915,0.16711695861816406,-0.008415967788015094,0.0785001888871193,0.030973006039857864,0.026225371286273003,102,500,0.003,fixed,MS-BMO,200
170,1.458795952796936,0.09095019102096558,0.0854151849746704,-0.005535006046295171,0.17652395154748643,0.16437466430664063,-0.012149287240845796,0.08611725270748138,0.017583711072802544,0.026467055082321167,102,500,0.003,fixed,MS-BMO,200
175,1.4584331035614013,0.08821763736861092,0.08311590814590454,-0.00510172922270638,0.16084534036261694,0.16010394954681398,-0.0007413908158029614,0.05689443275332451,0.026489384472370148,0.02475743554532528,102,500,0.003,fixed,MS-BMO,200
180,1.461580228805542,0.08802124006407601,0.0822391800880432,-0.005782059976032802,0.16554789670876094,0.15859496593475342,-0.006952930774007521,0.07266014814376831,0.006033696699887514,0.02295304648578167,102,500,0.003,fixed,MS-BMO,200
185,1.4820847272872926,0.08910793598209109,0.08109344816207886,-0.008014487820012225,0.17153755043234145,0.1566127586364746,-0.014924791795866837,0.08562001585960388,0.008042446337640285,0.019262239336967468,102,500,0.003,fixed,MS-BMO,200
190,1.4879925727844239,0.08502408649240221,0.0807914981842041,-0.004232588308198115,0.1644853800535202,0.15626164150238037,-0.008223738551139836,0.14399659633636475,0.003554938593879342,0.022159388288855553,102,500,0.003,fixed,MS-BMO,200
195,1.502889132499695,0.08266099010195051,0.07982331657409668,-0.002837673527853829,0.1643453027520861,0.15458306980133057,-0.009762232950755512,0.07225901633501053,0.00621074577793479,0.01793687231838703,102,500,0.003,fixed,MS-BMO,200
200,1.51060049533844,0.08471365485872541,0.07916899347305298,-0.005544661385672431,0.16514794954231807,0.15355135822296143,-0.011596591319356642,0.09536885470151901,0.00398142309859395,0.019841689616441727,102,500,0.003,fixed,MS-BMO,200
