step,train_error,val_error,test_error,gap,val_error_raw,test_error_raw,gap_raw,seed,m1,solver
0,0.3554829001426697,0.3118643505232675,0.31483328247070314,0.002968931947435638,0.735652506351471,0.7462265701293945,0.010574063777923581,100,500,TSGDA-1
5,0.648512065410614,0.05197889943208013,0.05723858404159546,0.005259684609515328,0.11103466898202896,0.12624506092071533,0.015210391938686368,100,500,TSGDA-1
10,0.5939563512802124,0.04096637613007,0.0463567578792572,0.005390381749187198,0.08297641575336456,0.10774879550933839,0.024772379755973822,100,500,TSGDA-1
15,0.5747979640960693,0.03916621208190918,0.04549183773994446,0.00632562565803528,0.09713839845997947,0.11192965793609619,0.014791259476116717,100,500,TSGDA-1
20,0.5726473689079284,0.046443450663770945,0.056542893886566165,0.01009944322279522,0.13564102138791764,0.1528026065826416,0.017161585194723966,100,500,TSGDA-1
25,0.5820913314819336,0.0498254264571837,0.061705391883850096,0.011879965426666396,0.15708840957709722,0.18351497745513917,0.026426567878041957,100,500,TSGDA-1
30,0.5860602498054505,0.06783733304057803,0.08214705848693847,0.014309725446360444,0.24424142496926443,0.2856100425720215,0.04136861760275706,100,500,TSGDA-1
35,0.5801767706871033,0.07160880948816027,0.08368307113647461,0.012074261648314336,0.2756066034947123,0.33509871101379396,0.05949210751908168,100,500,TSGDA-1
40,0.5576211094856263,0.08323732657091958,0.09817159509658814,0.014934268525668565,0.3959675963435854,0.47006112861633303,0.07409353227274762,100,500,TSGDA-1
45,0.5419539093971253,0.06947162161980357,0.08032102632522584,0.01084940470542227,0.3294709154537746,0.4111036949157715,0.08163277946199687,100,500,TSGDA-1
50,0.4983251988887787,0.0875121003815106,0.09846542549133301,0.010953325109822415,0.5259398179394859,0.5789902801513672,0.053050462211881366,100,500,TSGDA-1
0,0.4904630720615387,0.4657901270048959,0.46651635360717775,0.000726226602281832,0.6712947828429086,0.6704372024536133,-0.0008575803892952871,101,500,TSGDA-1
5,2.098425769805908,0.11174069451434272,0.1235078592300415,0.011767164715698775,0.1886982364313943,0.2058186264038086,0.0171203899724143,101,500,TSGDA-1
10,2.6893808841705322,0.08720630620207105,0.10366621112823486,0.01645990492616381,0.1393174890960966,0.1593639497756958,0.0200464606795992,101,500,TSGDA-1
15,2.661700963973999,0.11135979741811752,0.14916029834747316,0.037800500929355635,0.16675750379051482,0.20119156742095948,0.034434063630444656,101,500,TSGDA-1
20,3.1862512588500977,0.1421971589859043,0.1834455575942993,0.04124839860839502,0.18293497179235732,0.22980695724487304,0.046871985452515724,101,500,TSGDA-1
25,3.6580026626586912,0.08990079483815602,0.13039046955108644,0.04048967471293041,0.13616500049829483,0.16519548606872558,0.029030485570430753,101,500,TSGDA-1
30,4.242010498046875,0.11206636152097157,0.14817101573944091,0.03610465421846934,0.14226579985448293,0.18268375873565673,0.040417958881173804,101,500,TSGDA-1
35,4.4135082244873045,0.03236357215791941,0.037617510199546816,0.0052539380416274095,0.03775290532835892,0.053051841020584106,0.015298935692225187,101,500,TSGDA-1
40,5.004980945587159,0.05759971296148641,0.07577827072143554,0.018178557759949136,0.07690202764102391,0.09879729223251343,0.02189526459148952,101,500,TSGDA-1
45,5.0314641952514645,0.013753744939874326,0.016170625030994416,0.0024168800911200904,0.015590822856341089,0.024217153787612914,0.008626330931271825,101,500,TSGDA-1
50,5.4606170654296875,0.023806645701240216,0.02764750301837921,0.0038408573171389952,0.03292165490399514,0.03940914702415466,0.006487492120159526,101,500,TSGDA-1
0,0.14346251785755157,0.1259419939347676,0.12437910747528076,-0.001562886459486837,0.2526722550392151,0.2495292453765869,-0.0031430096626281767,102,500,TSGDA-1
5,1.5381673574447632,0.06944250155772481,0.06314958953857422,-0.0062929120191505955,0.1413817959172385,0.12706059169769288,-0.014321204219545636,102,500,TSGDA-1
10,1.600615882873535,0.08836061667118754,0.07883716344833375,-0.009523453222853792,0.19394964831215994,0.15977091979980468,-0.03417872851235526,102,500,TSGDA-1
15,1.4170385599136353,0.14878823927470616,0.129469012260437,-0.019319227014269164,0.3166640209300177,0.2676420135498047,-0.049022007380213006,102,500,TSGDA-1
20,1.3875055074691773,0.22749618973050797,0.1935416440963745,-0.03395454563413347,0.482047085251127,0.42087315750122073,-0.061173927749906265,102,500,TSGDA-1
25,1.3007958650588989,0.18531549402645656,0.15982920360565187,-0.02548629042080469,0.49784623299326214,0.4012136344909668,-0.09663259850229533,102,500,TSGDA-1
30,1.2119371891021729,0.16245997697114944,0.1699881591796875,0.007528182208538042,0.566480530159814,0.5174671897888183,-0.049013340370995695,102,500,TSGDA-1
35,1.105046534538269,0.09323999179261071,0.07300324344635009,-0.020236748346260616,0.34031894377299715,0.22347457885742186,-0.11684436491557529,102,500,TSGDA-1
40,0.960886561870575,0.10720934186662946,0.10537973690032959,-0.001829604966299872,0.49374793682779583,0.3876281108856201,-0.10611982594217573,102,500,TSGDA-1
45,0.8181829214096069,0.047656720238072534,0.03315852093696594,-0.014498199301106594,0.19168135949543544,0.10905364418029785,-0.08262771531513759,102,500,TSGDA-1
50,0.7290684938430786,0.05914355920893805,0.05573777961730957,-0.00340577959162848,0.3238101878336498,0.20995100402832031,-0.11385918380532947,102,500,TSGDA-1
