step,train_error,val_error,test_error,gap,val_error_raw,test_error_raw,gap_raw,grad_norm,cg_res,corr_norm,seed,m1,eta,eta_mode,solver
0,0.3554829001426697,0.3087427616119385,0.3087604522705078,1.7690658569324835e-05,0.7237437963485718,0.7284817695617676,0.004737973213195801,,,,100,100,0.003,fixed,MS-BMO
5,0.3445068597793579,0.25448906421661377,0.25300628662109376,-0.0014827775955200129,0.5480368137359619,0.5470260620117188,-0.0010107517242431419,1.0948818922042847,1.9573402404785156,2.708681106567383,100,100,0.003,fixed,MS-BMO
10,0.32710848450660707,0.20929841697216034,0.21265452861785888,0.003356111645698545,0.47052353620529175,0.4753121566772461,0.00478862047195433,5.045339584350586,0.3993382751941681,0.1476982831954956,100,100,0.003,fixed,MS-BMO
15,0.32940757274627686,0.19190701842308044,0.19578475952148439,0.0038777410984039418,0.4436541795730591,0.4435658073425293,-8.837223052976517e-05,0.5426461696624756,0.3038281202316284,0.03181074932217598,100,100,0.003,fixed,MS-BMO
20,0.3150583267211914,0.17496418952941895,0.17638318061828615,0.0014189910888671997,0.4085822105407715,0.41799607276916506,0.009413862228393577,0.7490711212158203,0.3084731698036194,0.031176896765828133,100,100,0.003,fixed,MS-BMO
25,0.3062670826911926,0.16116993129253387,0.163058500289917,0.0018885689973831277,0.4027077555656433,0.40243906021118164,-0.0002686953544616677,10.0,125.02928924560547,48.91215896606445,100,100,0.003,fixed,MS-BMO
30,0.29081223011016843,0.14682647585868835,0.1504513454437256,0.0036248695850372437,0.3649594187736511,0.38431999206542966,0.019360573291778538,0.9863616824150085,0.47086596488952637,0.2589801847934723,100,100,0.003,fixed,MS-BMO
35,0.3222969532012939,0.14786162972450256,0.1508227300643921,0.0029611003398895275,0.36093443632125854,0.3694834899902344,0.008549053668975848,10.0,222.6589813232422,205.99960327148438,100,100,0.003,fixed,MS-BMO
40,0.39541062116622927,0.16172388195991516,0.1592676067352295,-0.0024562752246856667,0.36133426427841187,0.35781279563903806,-0.0035214686393738037,3.7528531551361084,0.9472799897193909,0.534928023815155,100,100,0.003,fixed,MS-BMO
45,0.38710319995880127,0.15087135136127472,0.1495801305770874,-0.001291220784187308,0.34447789192199707,0.3440410804748535,-0.00043681144714358133,1.2839783430099487,3.2290329933166504,1.6689411401748657,100,100,0.003,fixed,MS-BMO
50,0.3961308479309082,0.13879220187664032,0.1445677947998047,0.005775592923164374,0.334392786026001,0.3330496692657471,-0.001343116760253893,0.08424907177686691,0.5680148601531982,0.19271551072597504,100,100,0.003,fixed,MS-BMO
55,0.4075291991233826,0.1315288245677948,0.1373087215423584,0.005779896974563603,0.303408145904541,0.31490182876586914,0.011493682861328125,0.024935906752943993,0.299522340297699,0.2506262958049774,100,100,0.003,fixed,MS-BMO
60,0.4057361125946045,0.13152140378952026,0.1326301097869873,0.001108705997467041,0.2941443920135498,0.3076064777374268,0.013462085723876971,1.221670389175415,4.207624912261963,1.9001120328903198,100,100,0.003,fixed,MS-BMO
65,0.5049211502075195,0.12367057800292969,0.13615527629852295,0.01248469829559326,0.2785792350769043,0.29016828536987305,0.01158905029296875,8.40734577178955,26.553241729736328,12.948445320129395,100,100,0.003,fixed,MS-BMO
70,0.5438914179801941,0.1235363781452179,0.13177817344665527,0.008241795301437371,0.26310086250305176,0.2747339153289795,0.011633052825927748,0.1955626755952835,0.27769529819488525,0.17922888696193695,100,100,0.003,fixed,MS-BMO
75,0.556241798400879,0.12018599361181259,0.12609848022460937,0.00591248661279678,0.23817557096481323,0.26252165794372556,0.02434608697891233,0.027126416563987732,0.8129945397377014,0.08573830872774124,100,100,0.003,fixed,MS-BMO
80,0.570713996887207,0.12146718055009842,0.12128390312194824,-0.00018327742815017756,0.25117605924606323,0.252348747253418,0.0011726880073547608,0.035856571048498154,0.4729924201965332,0.15425409376621246,100,100,0.003,fixed,MS-BMO
85,0.5820642828941345,0.11950552463531494,0.11630507469177247,-0.0032004499435424744,0.24914810061454773,0.24174702644348145,-0.00740107417106628,0.03255148604512215,0.492482453584671,0.040639717131853104,100,100,0.003,fixed,MS-BMO
90,0.5900265097618103,0.10720694065093994,0.11034356117248535,0.0031366205215454107,0.20791366696357727,0.2290599250793457,0.021146258115768424,0.09793451428413391,35.40049743652344,0.25192099809646606,100,100,0.003,fixed,MS-BMO
95,0.5987642765045166,0.09443435817956924,0.10550191402435302,0.011067555844783777,0.206608384847641,0.21888747215270996,0.012279087305068964,0.04621989652514458,0.35860076546669006,0.04483417049050331,100,100,0.003,fixed,MS-BMO
100,0.6041801691055297,0.10148568451404572,0.10154335498809815,5.7670474052431975e-05,0.19946107268333435,0.21070399284362792,0.011242920160293574,0.028219249099493027,0.19677816331386566,0.07792077958583832,100,100,0.003,fixed,MS-BMO
0,0.4904630720615387,0.46742525696754456,0.47081344604492187,0.0033881890773773127,0.6679900288581848,0.6754863357543945,0.007496306896209726,,,,101,100,0.003,fixed,MS-BMO
5,0.4782896816730499,0.42566755414009094,0.43537245750427245,0.009704903364181505,0.6384596824645996,0.6398360252380371,0.0013763427734374556,0.626004695892334,1.4805574417114258,0.03141795098781586,101,100,0.003,fixed,MS-BMO
10,0.4423035979270935,0.3791370987892151,0.3841307544708252,0.0049936556816100874,0.6047976016998291,0.6085241317749024,0.0037265300750732866,5.338746547698975,0.7799099683761597,0.10422366857528687,101,100,0.003,fixed,MS-BMO
15,0.4420505464076996,0.36179476976394653,0.36275463104248046,0.0009598612785339244,0.5804888010025024,0.5850974845886231,0.004608683586120654,3.4400246143341064,8.821975708007812,6.9443359375,101,100,0.003,fixed,MS-BMO
20,0.45480937957763673,0.3550513982772827,0.35524185180664064,0.0001904535293579257,0.5648636221885681,0.5665928649902344,0.0017292428016663086,0.38846272230148315,0.8999794125556946,0.3742049038410187,101,100,0.003,fixed,MS-BMO
25,0.5030082941055298,0.3678407669067383,0.3683345985412598,0.000493831634521491,0.5478183031082153,0.5520451736450195,0.00422687053680415,0.7216948866844177,0.6422157287597656,0.12528935074806213,101,100,0.003,fixed,MS-BMO
30,0.5166646361351013,0.35908323526382446,0.36566856384277346,0.006585328578949001,0.5313917398452759,0.5406765174865723,0.009284777641296427,1.6049472093582153,0.4806898534297943,0.1173521876335144,101,100,0.003,fixed,MS-BMO
35,0.5303906917572021,0.35161998867988586,0.3550406265258789,0.0034206378459930575,0.528517484664917,0.5286931610107422,0.00017567634582515979,0.49736830592155457,0.6301670074462891,0.17345090210437775,101,100,0.003,fixed,MS-BMO
40,0.5500725984573365,0.35419508814811707,0.35313274383544924,-0.001062344312667829,0.5315312147140503,0.5234723854064941,-0.008058829307556192,0.35047754645347595,0.8088804483413696,0.08235785365104675,101,100,0.003,fixed,MS-BMO
45,0.5646284580230713,0.34206727147102356,0.3423041915893555,0.00023692011833192916,0.5064936876296997,0.5144080924987793,0.007914404869079572,0.6926153898239136,0.7037211060523987,0.3770448863506317,101,100,0.003,fixed,MS-BMO
50,0.5717291474342346,0.33573392033576965,0.32995712280273437,-0.005776797533035283,0.5155268907546997,0.5032897567749024,-0.01223713397979731,0.5116055011749268,0.5190827250480652,0.04796653985977173,101,100,0.003,fixed,MS-BMO
55,0.5812355637550354,0.32470446825027466,0.3188042163848877,-0.005900251865386952,0.48729148507118225,0.4928154945373535,0.005524009466171265,0.5093563795089722,0.6104578971862793,0.20138981938362122,101,100,0.003,fixed,MS-BMO
60,0.5974576950073243,0.3147091865539551,0.3098336315155029,-0.004875555038452162,0.48215827345848083,0.4850776290893555,0.0029193556308746427,0.541074275970459,0.6486698389053345,0.20073209702968597,101,100,0.003,fixed,MS-BMO
65,0.6049285650253295,0.30671387910842896,0.30280113220214844,-0.003912746906280518,0.4840328097343445,0.4798894500732422,-0.004143359661102297,0.5095481872558594,0.34657949209213257,0.06507204473018646,101,100,0.003,fixed,MS-BMO
70,0.6157124757766723,0.29177790880203247,0.29323970794677734,0.0014617991447448686,0.4666132628917694,0.47052736282348634,0.00391409993171693,0.5739666223526001,0.4484804570674896,0.1812494397163391,101,100,0.003,fixed,MS-BMO
75,0.6300735950469971,0.2951076328754425,0.283498649597168,-0.011608983278274532,0.4717668890953064,0.4633840560913086,-0.00838283300399778,0.5175924897193909,0.5112072825431824,0.17257636785507202,101,100,0.003,fixed,MS-BMO
80,0.6345966935157776,0.28603383898735046,0.27474739074707033,-0.011286448240280134,0.4736824631690979,0.4567066764831543,-0.016975786685943628,0.3084333837032318,0.6224411129951477,0.30135756731033325,101,100,0.003,fixed,MS-BMO
85,0.6412175416946411,0.27243906259536743,0.26517041206359865,-0.007268650531768783,0.46692603826522827,0.4477143478393555,-0.019211690425872785,0.6331928372383118,0.7356537580490112,0.3611351251602173,101,100,0.003,fixed,MS-BMO
90,0.6546125173568725,0.2623223066329956,0.25636940002441405,-0.005952906608581554,0.435279905796051,0.4385176086425781,0.0032377028465270796,0.4654476046562195,0.6482974290847778,0.26125001907348633,101,100,0.003,fixed,MS-BMO
95,0.7397200107574463,0.27760475873947144,0.26614423751831057,-0.011460521221160869,0.4243360459804535,0.42883840560913083,0.004502359628677344,0.9907470941543579,0.9438893795013428,0.6152231693267822,101,100,0.003,fixed,MS-BMO
100,0.8189518094062805,0.2743871510028839,0.2768348026275635,0.002447651624679581,0.43342527747154236,0.42090717315673826,-0.012518104314804102,0.3040638566017151,0.5370431542396545,0.17301759123802185,101,100,0.003,fixed,MS-BMO
0,0.14346251785755157,0.12344882637262344,0.12181327819824218,-0.00163554817438126,0.2473987191915512,0.24436583518981933,-0.003032884001731878,,,,102,100,0.003,fixed,MS-BMO
5,0.25100356340408325,0.21050810813903809,0.20588706016540528,-0.0046210479736328025,0.43154245615005493,0.41542388916015627,-0.016118566989898664,0.32931262254714966,0.2929669916629791,0.1985173374414444,102,100,0.003,fixed,MS-BMO
10,0.31908472776412966,0.23921820521354675,0.23771822929382325,-0.0014999759197235063,0.49008432030677795,0.48633604049682616,-0.0037482798099517933,0.761407732963562,0.506071925163269,0.543924868106842,102,100,0.003,fixed,MS-BMO
15,0.3567404568195343,0.24302512407302856,0.23519401550292968,-0.007831108570098888,0.49252238869667053,0.4850071716308594,-0.007515217065811153,0.42157989740371704,0.3267093002796173,0.274939626455307,102,100,0.003,fixed,MS-BMO
20,0.3844662070274353,0.22895479202270508,0.22321807861328125,-0.0057367134094238326,0.4760604798793793,0.4657451057434082,-0.010315374135971056,0.6635587811470032,0.5368683934211731,0.5979933142662048,102,100,0.003,fixed,MS-BMO
25,0.3966021418571472,0.20798827707767487,0.2060174798965454,-0.001970797181129469,0.44344937801361084,0.44137939453125,-0.0020699834823608154,9.548710823059082,38.81926727294922,17.02139663696289,102,100,0.003,fixed,MS-BMO
30,0.40935508012771604,0.1919892579317093,0.19234858512878417,0.0003593271970748768,0.4312540292739868,0.41882393836975096,-0.012430090904235858,0.20323510468006134,0.6115146279335022,0.12525507807731628,102,100,0.003,fixed,MS-BMO
35,0.44306281208992004,0.19124740362167358,0.18367700576782225,-0.0075703978538513295,0.4095490574836731,0.3958061408996582,-0.013742916584014886,1.1901720762252808,2.3443245887756348,1.0824143886566162,102,100,0.003,fixed,MS-BMO
40,0.5005438327789307,0.18474555015563965,0.1826945114135742,-0.002051038742065442,0.37931978702545166,0.37921186447143557,-0.0001079225540160933,10.0,297.0625,402.0257568359375,102,100,0.003,fixed,MS-BMO
45,0.6078323483467102,0.1845407783985138,0.18842879295349121,0.0038880145549774203,0.3487114906311035,0.3660383605957031,0.01732686996459959,2.169480323791504,26.445690155029297,6.9137773513793945,102,100,0.003,fixed,MS-BMO
50,0.6424937009811401,0.17368456721305847,0.17901234149932863,0.005327774286270154,0.36111629009246826,0.35122611045837404,-0.00989017963409422,0.20860417187213898,0.5800536870956421,0.143498033285141,102,100,0.003,fixed,MS-BMO
55,0.6734066724777221,0.1613892912864685,0.1685129165649414,0.007123625278472906,0.3402370810508728,0.3316145324707031,-0.008622548580169698,0.236130028963089,0.4617498517036438,0.07506614923477173,102,100,0.003,fixed,MS-BMO
60,0.712191927433014,0.16390882432460785,0.16147732734680176,-0.0024314969778060913,0.32911211252212524,0.3182718276977539,-0.010840284824371327,0.06396597623825073,0.2873871922492981,0.3497518301010132,102,100,0.003,fixed,MS-BMO
65,0.7543148994445801,0.14866870641708374,0.1543902587890625,0.005721552371978772,0.30575722455978394,0.30419599533081054,-0.0015612292289733931,0.05108797177672386,0.40038150548934937,0.2689380645751953,102,100,0.003,fixed,MS-BMO
70,0.79996737241745,0.141346737742424,0.14839656829833983,0.00704983055591582,0.2807956635951996,0.29208562850952147,0.011289964914321882,0.09901051968336105,0.5691789984703064,0.20716919004917145,102,100,0.003,fixed,MS-BMO
75,0.8258750319480896,0.12710672616958618,0.1409863519668579,0.013879625797271727,0.26507556438446045,0.2780830192565918,0.013007454872131341,0.175874724984169,0.1908278614282608,0.17101329565048218,102,100,0.003,fixed,MS-BMO
80,0.862083637714386,0.12251222133636475,0.13323315620422363,0.010720934867858883,0.2430206537246704,0.2634136199951172,0.02039296627044679,0.10885036736726761,0.6546467542648315,0.03242872282862663,102,100,0.003,fixed,MS-BMO
85,0.8971678376197815,0.12775757908821106,0.12861079216003418,0.0008532130718231223,0.2551773190498352,0.2543968772888184,-0.0007804417610168257,0.06009898707270622,0.22812676429748535,0.07509979605674744,102,100,0.003,fixed,MS-BMO
90,0.9265720844268799,0.12243077158927917,0.12479384899139405,0.0023630774021148743,0.21504956483840942,0.24695490837097167,0.03190534353256225,0.03266236186027527,3.6988906860351562,0.09726673364639282,102,100,0.003,fixed,MS-BMO
95,0.9647513866424561,0.1182422935962677,0.12027727603912354,0.00203498244285584,0.22408375144004822,0.2382228946685791,0.014139143228530882,0.18653856217861176,2.1253883838653564,0.2856747806072235,102,100,0.003,fixed,MS-BMO
100,1.0071256041526795,0.11108168959617615,0.11694754123687744,0.005865851640701289,0.20392554998397827,0.22946818351745604,0.02554263353347777,0.5086044073104858,0.433564156293869,0.098129041492939,102,100,0.003,fixed,MS-BMO
0,0.3554829001426697,0.3118643505232675,0.31483328247070314,0.002968931947435638,0.735652506351471,0.7462265701293945,0.010574063777923581,,,,100,500,0.003,fixed,MS-BMO
5,0.3237441539764404,0.24674430702413833,0.24953701782226562,0.0027927107981272903,0.5602630802563259,0.5697651176452637,0.009502037388937845,3.10710072517395,21.39573860168457,8.019857406616211,100,500,0.003,fixed,MS-BMO
10,0.3219104468822479,0.2170758034501757,0.219904691696167,0.0028288882459913123,0.4861931162221091,0.4954536361694336,0.00926051994732452,0.32933616638183594,0.6577990651130676,0.06334476172924042,100,500,0.003,fixed,MS-BMO
15,0.33255966901779177,0.20186174554484232,0.20518362617492675,0.0033218806300844284,0.4504864641598293,0.4618219909667969,0.011335526806967589,0.21459588408470154,0.9430223703384399,0.06304387003183365,100,500,0.003,fixed,MS-BMO
20,0.30153499245643617,0.17731683807713644,0.1814233932495117,0.004106555172375265,0.43499697957720074,0.4469635543823242,0.011966574805123475,3.022711753845215,16.343490600585938,7.864156246185303,100,500,0.003,fixed,MS-BMO
25,0.31030558347702025,0.1703983779464449,0.17392114067077638,0.0035227627243314685,0.41527876257896423,0.42850920486450195,0.013230442285537714,0.2128647118806839,0.3135799467563629,0.4873775839805603,100,500,0.003,fixed,MS-BMO
30,0.31614171266555785,0.1625512625489916,0.1662276020050049,0.0036763394560132834,0.39782287393297466,0.40986076736450194,0.01203789343152728,0.24924081563949585,0.3030954897403717,0.21674609184265137,100,500,0.003,fixed,MS-BMO
35,0.2826157987117767,0.1457427101475852,0.14979622173309326,0.004053511585508068,0.38082884890692575,0.3948436965942383,0.014014847687312537,2.6870779991149902,0.8306567668914795,0.23932647705078125,100,500,0.003,fixed,MS-BMO
40,0.260544353723526,0.134594093476023,0.13837464904785157,0.0037805555718285755,0.3663151093891689,0.3797632827758789,0.013448173386710005,10.0,160.00901794433594,92.48120880126953,100,500,0.003,fixed,MS-BMO
45,0.2393667221069336,0.1254888985838209,0.12882683181762694,0.0033379332338060452,0.35228500195911955,0.36673809814453123,0.014453096185411685,0.7347519993782043,0.48838019371032715,0.1712348908185959,100,500,0.003,fixed,MS-BMO
50,0.26787897348403933,0.12704680221421377,0.13105260944366456,0.004005807229450792,0.3435953216893332,0.35436175537109377,0.010766433681760557,10.0,64.85494232177734,63.36954879760742,100,500,0.003,fixed,MS-BMO
55,0.29857096672058103,0.12881607455866678,0.13431580448150635,0.0054997299228395635,0.3307529560157231,0.34810647583007814,0.017353519814355067,0.5958077907562256,0.8834511637687683,0.31082460284233093,100,500,0.003,fixed,MS-BMO
60,0.3250034213066101,0.1283182789172445,0.13314301490783692,0.00482473599059241,0.31926929524966646,0.332525333404541,0.013256038154874528,9.999999046325684,59.69642639160156,34.3653564453125,100,500,0.003,fixed,MS-BMO
65,0.35490169525146487,0.12961284816265106,0.13432490348815918,0.004712055325508113,0.3098220314298357,0.32561636352539064,0.01579433209555492,0.19885331392288208,2.4616589546203613,0.11564023047685623,100,500,0.003,fixed,MS-BMO
70,0.35738463401794435,0.12371412664651871,0.1292876787185669,0.005573552072048182,0.29738180126462666,0.31260959243774417,0.01522779117311751,0.1237884983420372,0.8866021037101746,0.07045043259859085,100,500,0.003,fixed,MS-BMO
75,0.3600336670875549,0.1210821664759091,0.12529718494415285,0.00421501846824375,0.28518632480076384,0.3025827331542969,0.017396408353533066,0.029511749744415283,0.4266916811466217,0.0807821974158287,100,500,0.003,fixed,MS-BMO
80,0.36188686490058897,0.11598436640841621,0.1215183916091919,0.005534025200775686,0.2745937875338963,0.29302448081970217,0.018430693285805877,0.03856538608670235,0.5122189521789551,0.09710457921028137,100,500,0.003,fixed,MS-BMO
85,0.36155585646629335,0.1101600251027516,0.11632946872711182,0.006169443624360227,0.26274480138506207,0.2797472343444824,0.017002432959420333,0.05950867757201195,0.48484528064727783,0.1518532782793045,100,500,0.003,fixed,MS-BMO
90,0.3604584217071533,0.10648892819881439,0.11213159751892089,0.0056426693201065,0.2523989464555468,0.2693983268737793,0.016999380418232513,0.05942221358418465,0.4781956672668457,0.04688765108585358,100,500,0.003,fixed,MS-BMO
95,0.3598549604415894,0.10447545988219124,0.1101641206741333,0.005688660791942052,0.24430900386401586,0.2646500473022461,0.02034104343823026,1.6711931228637695,0.5882201194763184,0.07324908673763275,100,500,0.003,fixed,MS-BMO
100,0.36185949444770815,0.10045999394995826,0.10604677772521973,0.005586783775261464,0.23524311184883118,0.25328314971923827,0.01804003787040709,0.03768497705459595,0.14238320291042328,0.04354482889175415,100,500,0.003,fixed,MS-BMO
0,0.4904630720615387,0.4657901270048959,0.46651635360717775,0.000726226602281832,0.6712947828429086,0.6704372024536133,-0.0008575803892952871,,,,101,500,0.003,fixed,MS-BMO
5,0.4488983690738678,0.4091241274561201,0.40737057876586913,-0.0017535486902509612,0.6367449249540057,0.6369174423217774,0.00017251736777168514,5.537527084350586,0.8850867748260498,0.4046686589717865,101,500,0.003,fixed,MS-BMO
10,0.40452476739883425,0.3514583579131535,0.3516418495178223,0.0001834916046687951,0.6076627884592328,0.6080038681030273,0.0003410796437944841,4.030768394470215,0.9954389333724976,0.061095889657735825,101,500,0.003,fixed,MS-BMO
15,0.3856996774673462,0.32450548240116667,0.325065486907959,0.0005600045067923332,0.5861355151448931,0.5860673370361328,-6.81781087603639e-05,0.9374656677246094,0.517381489276886,0.1959342211484909,101,500,0.003,fixed,MS-BMO
20,0.38162133693695066,0.30739415543419973,0.3077859020233154,0.0003917465891156713,0.56731835433415,0.5688461112976074,0.0015277569634574162,0.7114004492759705,0.37596529722213745,0.12408493459224701,101,500,0.003,fixed,MS-BMO
25,0.3749417901039124,0.29353136249950956,0.2937293128967285,0.0001979503972189267,0.5519283073289054,0.5539466361999512,0.0020183288710458047,0.7211300730705261,0.4964093565940857,0.2437877506017685,101,500,0.003,fixed,MS-BMO
30,0.36910181045532225,0.28077719467026846,0.2810473251342773,0.0002701304640088664,0.5402404580797467,0.5413745346069336,0.0011340765271868891,0.7643015384674072,0.5079901218414307,0.2496825009584427,101,500,0.003,fixed,MS-BMO
35,0.3697170436382294,0.2699226268700191,0.27041250038146974,0.0004898735114506336,0.5292604225022453,0.5304152946472168,0.0011548721449715638,0.6509708166122437,0.5032095909118652,0.2002594918012619,101,500,0.003,fixed,MS-BMO
40,0.36065887808799746,0.25975921750068665,0.2600113487243652,0.00025213122367856444,0.5196489947182792,0.5200216979980469,0.00037270327976768325,0.7175294160842896,0.7945626378059387,0.4121200442314148,101,500,0.003,fixed,MS-BMO
45,0.36030871868133546,0.25034158144678387,0.25128935623168946,0.0009477747849055973,0.5095313702310834,0.5114457054138184,0.001914335182734983,0.6415050029754639,0.4940575957298279,0.17403163015842438,101,500,0.003,fixed,MS-BMO
50,0.3417671501636505,0.23492020581449782,0.23592617416381836,0.0010059683493205407,0.5009724242346627,0.5022757377624512,0.0013033135277884522,5.807986736297607,23.709627151489258,10.039898872375488,101,500,0.003,fixed,MS-BMO
55,0.3426308274269104,0.22835843690804072,0.22959242820739745,0.0012339912993567237,0.4910880284649985,0.4932093620300293,0.002121333565030803,1.4134445190429688,0.28691062331199646,0.2466023862361908,101,500,0.003,fixed,MS-BMO
60,0.3447130024433136,0.22472565514700754,0.22530851364135743,0.000582858494349886,0.4831190364701407,0.48703313064575193,0.003914094175611227,0.8426722884178162,1.4962300062179565,0.8666490316390991,101,500,0.003,fixed,MS-BMO
65,0.3416465759277344,0.21691375970840454,0.2181335678100586,0.001219808101654063,0.47850516864231657,0.4800548095703125,0.0015496409279959211,0.6002309918403625,0.44094595313072205,0.32780057191848755,101,500,0.003,fixed,MS-BMO
70,0.3384408414363861,0.2110398326601301,0.2128924560546875,0.0018526233945574122,0.4736496891294207,0.4743338623046875,0.0006841731752668112,0.06261758506298065,0.9775115251541138,0.7503827810287476,101,500,0.003,fixed,MS-BMO
75,0.36933401226997375,0.21908287278243474,0.21995641899108886,0.0008735462086541246,0.4670792988368443,0.4688972778320312,0.0018179789951869307,10.000000953674316,93.00993347167969,69.05686950683594,101,500,0.003,fixed,MS-BMO
80,0.3989939272403717,0.22512901042188918,0.22770879173278807,0.002579781310898893,0.4644852238042014,0.46663288116455076,0.0021476573603493865,0.11633501201868057,0.44584745168685913,0.16700971126556396,101,500,0.003,fixed,MS-BMO
85,0.4079266250133514,0.2220092522246497,0.2240872268676758,0.002077974643026087,0.4615722596645355,0.46272544479370115,0.0011531851291656237,0.7026081681251526,0.9776825904846191,0.804668664932251,101,500,0.003,fixed,MS-BMO
90,0.4053581774234772,0.21748065096991404,0.2189162712097168,0.0014356202398027595,0.45542679514203754,0.4583538360595703,0.002927040917532764,0.8877532482147217,0.783944845199585,0.6992499232292175,101,500,0.003,fixed,MS-BMO
95,0.39390251636505125,0.2088124305009842,0.21049675178527832,0.0016843212842941324,0.45227780512401033,0.4543834762573242,0.002105671133313891,1.6083239316940308,0.5445700883865356,0.29448258876800537,101,500,0.003,fixed,MS-BMO
100,0.31854045391082764,0.18104499578475952,0.1831625518798828,0.002117556095123291,0.44318472913333345,0.44817706298828125,0.004992333854947795,4.057882785797119,0.4601244330406189,0.03380421921610832,101,500,0.003,fixed,MS-BMO
0,0.14346251785755157,0.1259419939347676,0.12437910747528076,-0.001562886459486837,0.2526722550392151,0.2495292453765869,-0.0031430096626281767,,,,102,500,0.003,fixed,MS-BMO
5,0.25292890667915346,0.21175236999988556,0.21038699531555174,-0.0013653746843338144,0.42779411588396343,0.4247098426818848,-0.003084273202078658,0.3644736707210541,0.26991188526153564,0.2506132423877716,102,500,0.003,fixed,MS-BMO
10,0.3205029368400574,0.24584051540919713,0.24370770072937012,-0.002132814679827011,0.5019594814096179,0.49697457122802735,-0.0049849101815905295,0.4993513226509094,0.7128302454948425,0.23246604204177856,102,500,0.003,fixed,MS-BMO
15,0.3650670230388641,0.2461412250995636,0.244146484375,-0.0019947407245635984,0.49995334233556477,0.49302320861816407,-0.006930133717400699,1.2439757585525513,0.9268466234207153,0.06406029313802719,102,500,0.003,fixed,MS-BMO
20,0.4244818568229675,0.24700915600572312,0.24559439849853515,-0.0014147575071879748,0.47889725651059833,0.47486055755615236,-0.004036698954445972,3.6037509441375732,0.5505993366241455,0.5844414234161377,102,500,0.003,fixed,MS-BMO
25,0.4848567008972168,0.24252678879669734,0.2404228286743164,-0.0021039601223809268,0.4577116881098066,0.45364564895629883,-0.004066039153507783,3.1605308055877686,4.79471492767334,6.777976036071777,102,500,0.003,fixed,MS-BMO
30,0.5207289576530456,0.2270462385245732,0.22587906837463378,-0.0011671701499394171,0.43372224058423725,0.43019779205322267,-0.003524448531014579,0.4773995876312256,0.5510079860687256,0.0983538031578064,102,500,0.003,fixed,MS-BMO
35,0.6074512958526611,0.2283345056431634,0.22523704528808594,-0.0030974603550774638,0.41414085030555725,0.4097929992675781,-0.0043478510379791335,4.859714031219482,1.0223726034164429,0.029999228194355965,102,500,0.003,fixed,MS-BMO
40,0.6711112499237061,0.21821592535291398,0.2167255573272705,-0.0014903680256434793,0.39393999746867586,0.38980650329589844,-0.004133494172777419,0.18591031432151794,0.7304961681365967,0.3478306829929352,102,500,0.003,fixed,MS-BMO
45,0.7364523530006408,0.20996756851673126,0.2073187084197998,-0.0026488600969314657,0.37657872268131803,0.37143358993530273,-0.005145132746015302,8.753347396850586,20.124849319458008,17.297626495361328,102,500,0.003,fixed,MS-BMO
50,0.7485952496528625,0.19033680643354142,0.1889997158050537,-0.0013370906284877193,0.35402094040598187,0.35075988388061524,-0.0032610565253666235,2.633723020553589,22.390422821044922,4.102186679840088,102,500,0.003,fixed,MS-BMO
55,0.7830072164535522,0.17808283226830618,0.1782157688140869,0.00013293654578072633,0.337243275982993,0.3337613525390625,-0.0034819234439305013,0.22960205376148224,0.4704519808292389,0.08277688920497894,102,500,0.003,fixed,MS-BMO
60,0.8277706980705262,0.17202756234577724,0.1699936923980713,-0.002033869947705935,0.32587094817842754,0.3201745376586914,-0.005696410519736128,0.36802005767822266,0.5758187174797058,0.19674307107925415,102,500,0.003,fixed,MS-BMO
65,0.8793888449668884,0.1644453512770789,0.16282591438293456,-0.0016194368941443438,0.3118961581162044,0.3074009208679199,-0.004495237248284489,0.13111844658851624,0.21997492015361786,0.09263400733470917,102,500,0.003,fixed,MS-BMO
70,0.92166109085083,0.15877773932048253,0.15505129528045655,-0.003726444040025978,0.29438235078539166,0.29223524475097656,-0.0021471060344150916,0.31648290157318115,0.8879545331001282,0.06410332769155502,102,500,0.003,fixed,MS-BMO
75,0.9739537358283996,0.15097879937716893,0.14856760025024415,-0.002411199126924779,0.28777446491377695,0.2802778549194336,-0.007496609994343373,0.04563715681433678,0.32166802883148193,0.21191735565662384,102,500,0.003,fixed,MS-BMO
80,0.9941056370735168,0.14257005069937026,0.1403279571533203,-0.002242093546049956,0.2739117613860539,0.2671886138916016,-0.006723147494452297,0.062286924570798874,0.5882930755615234,0.056017886847257614,102,500,0.003,fixed,MS-BMO
85,1.0474195241928101,0.13773589794124877,0.13596112060546875,-0.00177477733578002,0.26730706223419737,0.25905829238891603,-0.008248769845281334,0.05954861268401146,0.6776372194290161,0.14083752036094666,102,500,0.003,fixed,MS-BMO
90,1.0840003490447998,0.13393299281597137,0.12999276733398438,-0.0039402254819869975,0.25417002184050425,0.24842238426208496,-0.005747637578419285,0.05817829445004463,1.1408522129058838,0.31613072752952576,102,500,0.003,fixed,MS-BMO
95,1.1156649112701416,0.1242162116936275,0.12405435466766357,-0.00016185702596392681,0.24245561020714895,0.23771206665039063,-0.004743543556758323,0.20458827912807465,0.2948301136493683,0.11069491505622864,102,500,0.003,fixed,MS-BMO
100,1.1489195823669434,0.12251306005886622,0.11938371562957764,-0.003129344429288583,0.23352344972746714,0.22902294921875,-0.004500500508717142,0.0805191844701767,0.458484023809433,0.011147974990308285,102,500,0.003,fixed,MS-BMO
0,0.3554829001426697,0.3133947432041168,0.3130799856185913,-0.0003147575855255158,0.7411017775535583,0.7411785621643067,7.67846107483372e-05,,,,100,1000,0.003,fixed,MS-BMO
5,0.31944106221199037,0.24531233112017314,0.24519413757324218,-0.0001181935469309614,0.5636732538541158,0.5631239395141602,-0.0005493143399556422,0.9982043504714966,0.8776242136955261,0.6646026968955994,100,1000,0.003,fixed,MS-BMO
10,0.3171613931655884,0.2164725085099538,0.21624236488342286,-0.00023014362653095422,0.49270984331766765,0.49267384719848634,-3.599611918131407e-05,0.3780556917190552,0.8985404968261719,0.13157829642295837,100,1000,0.003,fixed,MS-BMO
15,0.32837400436401365,0.20213500459988912,0.2028584451675415,0.0007234405676523892,0.4615739623705546,0.46158446502685546,1.0502656300870328e-05,0.12083841115236282,0.9036463499069214,0.4613982141017914,100,1000,0.003,fixed,MS-BMO
20,0.3421876788139343,0.1938546270132065,0.19418116188049317,0.00032653486728667636,0.44146156311035156,0.44303553199768064,0.0015739688873290802,0.13892073929309845,0.6885296702384949,0.30040818452835083,100,1000,0.003,fixed,MS-BMO
25,0.35219680070877074,0.18292584319909413,0.18390419244766235,0.000978349248568211,0.4215486506621043,0.42278125762939456,0.0012326069672902729,0.46189677715301514,0.4624738395214081,0.10879424214363098,100,1000,0.003,fixed,MS-BMO
30,0.3850076198577881,0.18174217740694681,0.18236248874664307,0.0006203113396962556,0.40755690932273864,0.4087740478515625,0.00121713852882388,10.0,232.22642517089844,89.60932159423828,100,1000,0.003,fixed,MS-BMO
35,0.40563634037971497,0.17545763452847798,0.1765044627189636,0.001046828190485627,0.39024364749590557,0.39314964294433596,0.0029059954484303985,0.17383985221385956,0.7969635128974915,0.1709933578968048,100,1000,0.003,fixed,MS-BMO
40,0.3922365427017212,0.16356431444485983,0.16444328594207763,0.0008789714972178009,0.37750500440597534,0.3797966766357422,0.002291672229766839,9.999999046325684,1866.1239013671875,319.3037414550781,100,1000,0.003,fixed,MS-BMO
45,0.37954227328300477,0.15181764364242553,0.15306109714508057,0.0012434535026550342,0.3595605413118998,0.36241138076782226,0.0028508394559224604,0.5255013108253479,1.3987849950790405,0.4384981691837311,100,1000,0.003,fixed,MS-BMO
50,0.3580178380012512,0.14124619464079538,0.14264606428146362,0.0013998696406682387,0.34448120594024656,0.34946588802337647,0.00498468208312991,10.0,116.8005599975586,117.62675476074219,100,1000,0.003,fixed,MS-BMO
55,0.31651336550712583,0.1281054233511289,0.12946392488479613,0.0013585015336672335,0.3305069148540497,0.33412956428527835,0.0036226494312286417,2.698835849761963,0.560063362121582,0.05985375866293907,100,1000,0.003,fixed,MS-BMO
60,0.31460360884666444,0.12356497794389724,0.12441525697708129,0.0008502790331840482,0.31962294578552247,0.32185240745544436,0.002229461669921884,0.06845753639936447,0.5176904201507568,0.10988608747720718,100,1000,0.003,fixed,MS-BMO
65,0.3188592791557312,0.12005986571311951,0.1214065179824829,0.0013466522693633964,0.30906768639882404,0.3128296184539795,0.003761932055155459,0.045353617519140244,0.1761837899684906,0.05158272758126259,100,1000,0.003,fixed,MS-BMO
70,0.31965832114219667,0.1178833524386088,0.11936697244644165,0.0014836200078328504,0.30187539060910545,0.3080294151306152,0.00615402452150976,0.04616880789399147,0.3188493251800537,0.016164517030119896,100,1000,0.003,fixed,MS-BMO
75,0.31943400502204894,0.11333369115988413,0.11444245195388794,0.0011087607940038074,0.2910604695479075,0.2942389631271362,0.003178493579228725,0.04570497199892998,0.2341882586479187,0.06704043596982956,100,1000,0.003,fixed,MS-BMO
80,0.31917511224746703,0.10888006190458933,0.11062219476699829,0.0017421328624089572,0.28043118317921956,0.2838101711273193,0.0033789879480997653,0.04804906249046326,0.6026450991630554,0.11783073097467422,100,1000,0.003,fixed,MS-BMO
85,0.3177247762680054,0.10521669586499532,0.1067439365386963,0.0015272406737009692,0.26776740948359173,0.27342083740234374,0.0056534279187520076,0.06045190244913101,0.22862973809242249,0.0485328771173954,100,1000,0.003,fixed,MS-BMO
90,0.3156557559967041,0.10191120704015096,0.10364248275756836,0.0017312757174174076,0.2589771330356598,0.26535769367218015,0.0063805606365203715,0.035305555909872055,0.2017797827720642,0.061951491981744766,100,1000,0.003,fixed,MS-BMO
95,0.3132764995098114,0.09784483164548874,0.09971030616760254,0.0018654745221138025,0.24941852688789368,0.25477114486694336,0.005352617979049679,0.04507528245449066,0.47266873717308044,0.058783963322639465,100,1000,0.003,fixed,MS-BMO
100,0.31060699820518495,0.09409074584643046,0.09545386075973511,0.0013631149133046527,0.2398389716943105,0.2434087495803833,0.0035697778860727947,0.04960750788450241,0.8335307240486145,0.05099606513977051,100,1000,0.003,fixed,MS-BMO
0,0.4904630720615387,0.46596700747807823,0.46859840202331543,0.002631394545237198,0.670516832669576,0.6728205261230469,0.002303693453470923,,,,101,1000,0.003,fixed,MS-BMO
5,0.5151044726371765,0.4651636779308319,0.4680128307342529,0.002849152803421018,0.6376267035802206,0.6406583595275879,0.0030316559473673177,1.9830083847045898,1.417144775390625,0.3507930040359497,101,1000,0.003,fixed,MS-BMO
10,0.5213623881340027,0.4449848492940267,0.4480245361328125,0.0030396868387858045,0.6059960921605428,0.609021312713623,0.003025220553080188,1.9619232416152954,1.3617005348205566,0.36755672097206116,101,1000,0.003,fixed,MS-BMO
15,0.5223853707313537,0.4213861187299093,0.4244168930053711,0.003030774275461834,0.5829391320546468,0.5856310806274414,0.0026919485727946446,0.4935150742530823,1.6667462587356567,0.10028979927301407,101,1000,0.003,fixed,MS-BMO
20,0.5180045127868652,0.39486048817634584,0.3983956298828125,0.0035351417064666824,0.5656882603963216,0.5699087677001953,0.0042205073038736884,2.5134291648864746,0.8518252968788147,0.3404013514518738,101,1000,0.003,fixed,MS-BMO
25,0.5209890127182006,0.3769276201725006,0.3798211650848389,0.002893544912338286,0.5524256626764933,0.5556098022460938,0.003184139569600508,0.11086782813072205,3.4922780990600586,1.4866764545440674,101,1000,0.003,fixed,MS-BMO
30,0.5284098148345947,0.3649943947792053,0.36742447662353517,0.0024300818443298566,0.5421477913856506,0.5449533042907715,0.002805512905120877,0.5760560035705566,0.6164736151695251,0.08150580525398254,101,1000,0.003,fixed,MS-BMO
35,0.531885826587677,0.35282087524731953,0.35563005352020266,0.0028091782728831283,0.5328671971956889,0.5355819511413574,0.0027147539456685577,0.6996970176696777,0.779889702796936,0.315116822719574,101,1000,0.003,fixed,MS-BMO
40,0.542136013507843,0.3440342009067535,0.34686951065063476,0.0028353097438812425,0.5260070562362671,0.5286859245300293,0.002678868293762182,0.5638999938964844,0.33540859818458557,0.1386195421218872,101,1000,0.003,fixed,MS-BMO
45,0.5410654187202454,0.3285501758257548,0.33055819988250734,0.0020080240567525443,0.5174127380053203,0.5203602104187012,0.0029474724133808916,0.8331928253173828,0.6283814907073975,0.09594183415174484,101,1000,0.003,fixed,MS-BMO
50,0.5546604871749878,0.3203343649705251,0.3227136240005493,0.002379259030024228,0.5099539180596669,0.513333854675293,0.003379936615626078,1.1773450374603271,6.178502082824707,1.426470398902893,101,1000,0.003,fixed,MS-BMO
55,0.5557709693908691,0.3066956559816996,0.30860677814483645,0.0019111221631368247,0.4993945260842641,0.5027140274047851,0.003319501320521001,0.8199086785316467,0.6840633749961853,0.3676433265209198,101,1000,0.003,fixed,MS-BMO
60,0.5419585227966308,0.2897277514139811,0.2919323387145996,0.00220458730061851,0.48940633138020834,0.4930951843261719,0.00368885294596355,0.9081214070320129,0.8908766508102417,0.09769565612077713,101,1000,0.003,fixed,MS-BMO
65,0.5440334439277649,0.2823431074619293,0.2842613229751587,0.0019182155132294043,0.484766552845637,0.48781657981872556,0.0030500269730885377,0.7106173038482666,0.5834207534790039,0.36034679412841797,101,1000,0.003,fixed,MS-BMO
70,0.5573012351989746,0.2740547517935435,0.2754521541595459,0.001397402366002387,0.47632298469543455,0.4797515239715576,0.003428539276123077,0.6354478001594543,0.3994097113609314,0.043460097163915634,101,1000,0.003,fixed,MS-BMO
75,0.5531045079231263,0.2625250925620397,0.264854700088501,0.0023296075264612748,0.4667453169822693,0.4697046661376953,0.0029593491554260054,0.9004144072532654,0.6998329758644104,0.7883415818214417,101,1000,0.003,fixed,MS-BMO
80,0.5677733063697815,0.25700854261716205,0.2590248260498047,0.0020162834326426515,0.4623072107632955,0.4650981216430664,0.0027909108797709026,1.8514032363891602,14.936814308166504,5.315454006195068,101,1000,0.003,fixed,MS-BMO
85,0.5789962649345398,0.25129690766334534,0.253022705078125,0.001725797414779684,0.4529986798763275,0.45596158409118653,0.002962904214859008,0.9608131051063538,0.9632348418235779,1.3111927509307861,101,1000,0.003,fixed,MS-BMO
90,0.5918497920036316,0.24613230526447297,0.2482905378341675,0.0021582325696945237,0.4447682480017344,0.44805538368225095,0.0032871356805165286,0.3605169653892517,0.4358426332473755,0.1512671411037445,101,1000,0.003,fixed,MS-BMO
95,0.6696628212928772,0.25431704223155976,0.25667141342163086,0.0023543711900710917,0.43605019052823385,0.4394558029174805,0.0034056123892466372,0.7837222218513489,4.399260520935059,2.9378161430358887,101,1000,0.003,fixed,MS-BMO
100,0.6277005076408386,0.2379279981056849,0.2402031650543213,0.002275166948636387,0.4338626245657603,0.43800118255615234,0.004138557990392033,0.812142014503479,3.5576467514038086,3.5378100872039795,101,1000,0.003,fixed,MS-BMO
0,0.14346251785755157,0.12500762889782588,0.12457969665527344,-0.00042793224255244233,0.250910617907842,0.24993110847473143,-0.0009795094331105925,,,,102,1000,0.003,fixed,MS-BMO
5,0.2524407684803009,0.21036917169888814,0.21081111335754393,0.0004419416586557978,0.4250645458698273,0.4257839775085449,0.0007194316387176269,0.2738476097583771,0.9238641858100891,0.0939009040594101,102,1000,0.003,fixed,MS-BMO
10,0.3198878049850464,0.2441698561112086,0.2457212438583374,0.0015513877471288184,0.49871163765589394,0.502008638381958,0.0032970007260640366,0.650377631187439,0.6609693765640259,0.5543075799942017,102,1000,0.003,fixed,MS-BMO
15,0.35341904759407045,0.24037692844867706,0.24275027179718017,0.0023733433485031152,0.4995864450931549,0.5040126628875733,0.0044262177944183745,0.9779416918754578,0.8646727204322815,0.8132363557815552,102,1000,0.003,fixed,MS-BMO
20,0.37399805188179014,0.2253136396408081,0.2282524528503418,0.0029388132095336805,0.4803019146124522,0.4859302406311035,0.0056283260186513195,10.000000953674316,19.481449127197266,25.514497756958008,102,1000,0.003,fixed,MS-BMO
25,0.36608368158340454,0.20239594082037607,0.20444854068756105,0.0020525998671849788,0.45485838651657107,0.46054376983642575,0.005685383319854687,0.23553486168384552,0.765728235244751,0.4978637099266052,102,1000,0.003,fixed,MS-BMO
30,0.407115238904953,0.19880621234575907,0.2020048875808716,0.0031986752351125247,0.4303478201230367,0.43877473449707033,0.008426914374033645,8.384495735168457,24.808086395263672,16.711946487426758,102,1000,0.003,fixed,MS-BMO
35,0.4718897700309753,0.20048925578594207,0.20462975788116455,0.004140502095222487,0.4147460619608561,0.4225448875427246,0.007798825581868507,1.1656574010849,3.9061973094940186,2.0126752853393555,102,1000,0.003,fixed,MS-BMO
40,0.5087819814682006,0.19353883067766825,0.1975630474090576,0.004024216731389363,0.3964336276054382,0.4051998863220215,0.008766258716583264,0.8182697296142578,1.2705732583999634,1.4649568796157837,102,1000,0.003,fixed,MS-BMO
45,0.6191330432891846,0.20027671058972676,0.20552866744995119,0.0052519568602244215,0.38641853133837384,0.39526373672485354,0.008845205386479704,0.1298530548810959,1.7159136533737183,0.500850260257721,102,1000,0.003,fixed,MS-BMO
50,0.6778933644294739,0.19374889532725018,0.1986899471282959,0.004941051801045732,0.36545514067014057,0.37590646553039553,0.010451324860254962,1.3093342781066895,11.480293273925781,7.494621753692627,102,1000,0.003,fixed,MS-BMO
55,0.783317255973816,0.19071776568889617,0.1974926166534424,0.00677485096454622,0.3475590288639069,0.3581321487426758,0.01057311987876891,4.778987884521484,0.6398245692253113,0.24869529902935028,102,1000,0.003,fixed,MS-BMO
60,0.8601723432540893,0.18409046332041423,0.19034694957733153,0.0062564862569172985,0.329836634794871,0.34028038024902346,0.010443745454152442,0.361233115196228,0.95356285572052,0.5297556519508362,102,1000,0.003,fixed,MS-BMO
65,0.9132038831710816,0.17453714907169343,0.18060337114334107,0.006066222071647642,0.31168412963549297,0.3226210289001465,0.010936899264653521,0.11523880064487457,0.8402582406997681,0.1720569133758545,102,1000,0.003,fixed,MS-BMO
70,0.9539409041404724,0.1629967043797175,0.1694461317062378,0.006449427326520291,0.29281177520751955,0.30343070888519286,0.010618933677673303,0.07215596735477448,0.18364836275577545,0.1592102199792862,102,1000,0.003,fixed,MS-BMO
75,0.9942634463310241,0.15773419936498007,0.16294320964813233,0.0052090102831522656,0.2846925139427185,0.29583499336242675,0.011142479419708251,1.5130078792572021,0.9909524917602539,0.0655205175280571,102,1000,0.003,fixed,MS-BMO
80,1.0430568218231202,0.15030140628417332,0.15682681226730347,0.006525405983130145,0.27611593703428905,0.2862626791000366,0.01014674206574756,0.11617840826511383,0.8131023049354553,0.08872529864311218,102,1000,0.003,fixed,MS-BMO
85,1.0952305793762207,0.14472451110680898,0.15086649560928345,0.006141984502474468,0.2617635945479075,0.2736705894470215,0.01190699489911401,0.0879494845867157,0.7075163722038269,0.025864072144031525,102,1000,0.003,fixed,MS-BMO
90,1.1467117309570312,0.1388434608777364,0.145919207572937,0.007075746695200585,0.25408214926719663,0.2647126331329346,0.01063048386573795,0.06683661788702011,0.27648115158081055,0.0499747060239315,102,1000,0.003,fixed,MS-BMO
95,1.2035390377044677,0.1341897115111351,0.1419702591896057,0.007780547678470612,0.24312183360258738,0.2574890880584717,0.014367254455884326,0.07627341896295547,0.48995620012283325,0.11495322734117508,102,1000,0.003,fixed,MS-BMO
100,1.240235447883606,0.13041163434584935,0.13596607160568236,0.005554437259833012,0.23540090719858806,0.24673902130126954,0.011338114102681485,0.03673991188406944,3.9076361656188965,0.14286021888256073,102,1000,0.003,fixed,MS-BMO
